file,line,type,commit,author,date,time,timezone,datetime,depth,length
index.js,1,js,2bc70f08,Maxime Chung,2026-04-26,15:05:32,-07:00,2026-04-26T15:05:32-07:00,0,6
index.js,2,js,2bc70f08,Maxime Chung,2026-04-26,15:05:32,-07:00,2026-04-26T15:05:32-07:00,1,8
index.js,3,js,2bc70f08,Maxime Chung,2026-04-26,15:05:32,-07:00,2026-04-26T15:05:32-07:00,1,13
index.js,4,js,2bc70f08,Maxime Chung,2026-04-26,15:05:32,-07:00,2026-04-26T15:05:32-07:00,1,14
index.js,5,js,2bc70f08,Maxime Chung,2026-04-26,15:05:32,-07:00,2026-04-26T15:05:32-07:00,1,13
index.js,6,js,2bc70f08,Maxime Chung,2026-04-26,15:05:32,-07:00,2026-04-26T15:05:32-07:00,0,19
index.js,7,js,4c17c21f,Maxime Chung,2026-04-24,20:09:11,-07:00,2026-04-24T20:09:11-07:00,0,0
index.js,8,js,4c17c21f,Maxime Chung,2026-04-24,20:09:11,-07:00,2026-04-24T20:09:11-07:00,0,38
index.js,9,js,4c17c21f,Maxime Chung,2026-04-24,20:09:11,-07:00,2026-04-24T20:09:11-07:00,0,0
index.js,10,js,4c17c21f,Maxime Chung,2026-04-24,20:09:11,-07:00,2026-04-24T20:09:11-07:00,0,54
index.js,11,js,4c17c21f,Maxime Chung,2026-04-24,20:09:11,-07:00,2026-04-24T20:09:11-07:00,0,73
index.js,12,js,4c17c21f,Maxime Chung,2026-04-24,20:09:11,-07:00,2026-04-24T20:09:11-07:00,0,0
index.js,13,js,4c17c21f,Maxime Chung,2026-04-24,20:09:11,-07:00,2026-04-24T20:09:11-07:00,0,60
index.js,14,js,3a3641a8,Maxime Chung,2026-04-26,11:32:34,-07:00,2026-04-26T11:32:34-07:00,0,71
index.js,15,js,3a3641a8,Maxime Chung,2026-04-26,11:32:34,-07:00,2026-04-26T11:32:34-07:00,0,54
index.js,16,js,4c17c21f,Maxime Chung,2026-04-24,20:09:11,-07:00,2026-04-24T20:09:11-07:00,0,0
index.js,17,js,2bc70f08,Maxime Chung,2026-04-26,15:05:32,-07:00,2026-04-26T15:05:32-07:00,0,58
index.js,18,js,4c17c21f,Maxime Chung,2026-04-24,20:09:11,-07:00,2026-04-24T20:09:11-07:00,0,0
index.js,19,js,2bc70f08,Maxime Chung,2026-04-26,15:05:32,-07:00,2026-04-26T15:05:32-07:00,0,84
index.js,20,js,2bc70f08,Maxime Chung,2026-04-26,15:05:32,-07:00,2026-04-26T15:05:32-07:00,0,49
index.js,21,js,2bc70f08,Maxime Chung,2026-04-26,15:05:32,-07:00,2026-04-26T15:05:32-07:00,1,29
index.js,22,js,2bc70f08,Maxime Chung,2026-04-26,15:05:32,-07:00,2026-04-26T15:05:32-07:00,1,15
index.js,23,js,2bc70f08,Maxime Chung,2026-04-26,15:05:32,-07:00,2026-04-26T15:05:32-07:00,0,1
index.js,24,js,4c17c21f,Maxime Chung,2026-04-24,20:09:11,-07:00,2026-04-24T20:09:11-07:00,0,0
index.js,25,js,4c17c21f,Maxime Chung,2026-04-24,20:09:11,-07:00,2026-04-24T20:09:11-07:00,0,60
index.js,26,js,4c17c21f,Maxime Chung,2026-04-24,20:09:11,-07:00,2026-04-24T20:09:11-07:00,0,0
index.js,27,js,4c17c21f,Maxime Chung,2026-04-24,20:09:11,-07:00,2026-04-24T20:09:11-07:00,0,31
index.js,28,js,4c17c21f,Maxime Chung,2026-04-24,20:09:11,-07:00,2026-04-24T20:09:11-07:00,1,24
index.js,29,js,4c17c21f,Maxime Chung,2026-04-24,20:09:11,-07:00,2026-04-24T20:09:11-07:00,2,2
index.js,30,js,4c17c21f,Maxime Chung,2026-04-24,20:09:11,-07:00,2026-04-24T20:09:11-07:00,3,62
index.js,31,js,4c17c21f,Maxime Chung,2026-04-24,20:09:11,-07:00,2026-04-24T20:09:11-07:00,3,56
index.js,32,js,4c17c21f,Maxime Chung,2026-04-24,20:09:11,-07:00,2026-04-24T20:09:11-07:00,3,56
index.js,33,js,2bc70f08,Maxime Chung,2026-04-26,15:05:32,-07:00,2026-04-26T15:05:32-07:00,3,51
index.js,34,js,4c17c21f,Maxime Chung,2026-04-24,20:09:11,-07:00,2026-04-24T20:09:11-07:00,2,3
index.js,35,js,4c17c21f,Maxime Chung,2026-04-24,20:09:11,-07:00,2026-04-24T20:09:11-07:00,1,0
index.js,36,js,4c17c21f,Maxime Chung,2026-04-24,20:09:11,-07:00,2026-04-24T20:09:11-07:00,0,0
index.html,1,html,0f71f5b0,bigmacchung,2026-04-07,20:29:37,-07:00,2026-04-07T20:29:37-07:00,0,13
index.html,2,html,0f71f5b0,bigmacchung,2026-04-07,20:29:37,-07:00,2026-04-07T20:29:37-07:00,0,14
index.html,3,html,0f71f5b0,bigmacchung,2026-04-07,20:29:37,-07:00,2026-04-07T20:29:37-07:00,0,4
index.html,4,html,0f71f5b0,bigmacchung,2026-04-07,20:29:37,-07:00,2026-04-07T20:29:37-07:00,2,20
index.html,5,html,0f71f5b0,bigmacchung,2026-04-07,20:29:37,-07:00,2026-04-07T20:29:37-07:00,2,68
index.html,6,html,0f71f5b0,bigmacchung,2026-04-07,20:29:37,-07:00,2026-04-07T20:29:37-07:00,2,54
index.html,7,html,3b1d5eb4,bigmacchung,2026-04-07,21:37:11,-07:00,2026-04-07T21:37:11-07:00,2,38
index.html,8,html,6c77d81c,bigmacchung,2026-04-17,19:36:20,-07:00,2026-04-17T19:36:20-07:00,2,45
index.html,9,html,4c17c21f,Maxime Chung,2026-04-24,20:09:11,-07:00,2026-04-24T20:09:11-07:00,2,50
index.html,10,html,0f71f5b0,bigmacchung,2026-04-07,20:29:37,-07:00,2026-04-07T20:29:37-07:00,0,5
index.html,11,html,0f71f5b0,bigmacchung,2026-04-07,20:29:37,-07:00,2026-04-07T20:29:37-07:00,0,4
index.html,12,html,3a3641a8,Maxime Chung,2026-04-26,11:32:34,-07:00,2026-04-26T11:32:34-07:00,2,23
index.html,13,html,3a3641a8,Maxime Chung,2026-04-26,11:32:34,-07:00,2026-04-26T11:32:34-07:00,2,31
index.html,14,html,3a3641a8,Maxime Chung,2026-04-26,11:32:34,-07:00,2026-04-26T11:32:34-07:00,3,100
index.html,15,html,3a3641a8,Maxime Chung,2026-04-26,11:32:34,-07:00,2026-04-26T11:32:34-07:00,3,21
index.html,16,html,190b129b,Maxime Chung,2026-04-27,11:46:56,-07:00,2026-04-27T11:46:56-07:00,4,91
index.html,17,html,190b129b,Maxime Chung,2026-04-27,11:46:56,-07:00,2026-04-27T11:46:56-07:00,4,111
index.html,18,html,3a3641a8,Maxime Chung,2026-04-26,11:32:34,-07:00,2026-04-26T11:32:34-07:00,4,19
index.html,19,html,4e19188e,Maxime Chung,2026-04-26,12:24:27,-07:00,2026-04-26T12:24:27-07:00,4,45
index.html,20,html,3a3641a8,Maxime Chung,2026-04-26,11:32:34,-07:00,2026-04-26T11:32:34-07:00,4,1
index.html,21,html,3a3641a8,Maxime Chung,2026-04-26,11:32:34,-07:00,2026-04-26T11:32:34-07:00,5,31
index.html,22,html,3a3641a8,Maxime Chung,2026-04-26,11:32:34,-07:00,2026-04-26T11:32:34-07:00,6,44
index.html,23,html,3a3641a8,Maxime Chung,2026-04-26,11:32:34,-07:00,2026-04-26T11:32:34-07:00,6,13
index.html,24,html,3a3641a8,Maxime Chung,2026-04-26,11:32:34,-07:00,2026-04-26T11:32:34-07:00,6,23
index.html,25,html,3a3641a8,Maxime Chung,2026-04-26,11:32:34,-07:00,2026-04-26T11:32:34-07:00,6,49
index.html,26,html,3a3641a8,Maxime Chung,2026-04-26,11:32:34,-07:00,2026-04-26T11:32:34-07:00,6,60
index.html,27,html,3a3641a8,Maxime Chung,2026-04-26,11:32:34,-07:00,2026-04-26T11:32:34-07:00,7,449
index.html,28,html,3a3641a8,Maxime Chung,2026-04-26,11:32:34,-07:00,2026-04-26T11:32:34-07:00,6,4
index.html,29,html,3a3641a8,Maxime Chung,2026-04-26,11:32:34,-07:00,2026-04-26T11:32:34-07:00,6,30
index.html,30,html,3a3641a8,Maxime Chung,2026-04-26,11:32:34,-07:00,2026-04-26T11:32:34-07:00,5,2
index.html,31,html,3a3641a8,Maxime Chung,2026-04-26,11:32:34,-07:00,2026-04-26T11:32:34-07:00,4,2
index.html,32,html,3a3641a8,Maxime Chung,2026-04-26,11:32:34,-07:00,2026-04-26T11:32:34-07:00,3,4
index.html,33,html,3a3641a8,Maxime Chung,2026-04-26,11:32:34,-07:00,2026-04-26T11:32:34-07:00,2,8
index.html,34,html,4c17c21f,Maxime Chung,2026-04-24,20:09:11,-07:00,2026-04-24T20:09:11-07:00,0,0
index.html,35,html,20432a07,Maxime Chung,2026-04-26,11:45:00,-07:00,2026-04-26T11:45:00-07:00,2,49
index.html,36,html,20432a07,Maxime Chung,2026-04-26,11:45:00,-07:00,2026-04-26T11:45:00-07:00,2,59
index.html,37,html,20432a07,Maxime Chung,2026-04-26,11:45:00,-07:00,2026-04-26T11:45:00-07:00,3,1
index.html,38,html,20432a07,Maxime Chung,2026-04-26,11:45:00,-07:00,2026-04-26T11:45:00-07:00,4,51
index.html,39,html,eaadb052,Maxime Chung,2026-05-01,20:26:20,-07:00,2026-05-01T20:26:20-07:00,4,117
index.html,40,html,20432a07,Maxime Chung,2026-04-26,11:45:00,-07:00,2026-04-26T11:45:00-07:00,4,123
index.html,41,html,2bc70f08,Maxime Chung,2026-04-26,15:05:32,-07:00,2026-04-26T15:05:32-07:00,4,124
index.html,42,html,2bc70f08,Maxime Chung,2026-04-26,15:05:32,-07:00,2026-04-26T15:05:32-07:00,4,109
index.html,43,html,20432a07,Maxime Chung,2026-04-26,11:45:00,-07:00,2026-04-26T11:45:00-07:00,3,2
index.html,44,html,20432a07,Maxime Chung,2026-04-26,11:45:00,-07:00,2026-04-26T11:45:00-07:00,3,1
index.html,45,html,20432a07,Maxime Chung,2026-04-26,11:45:00,-07:00,2026-04-26T11:45:00-07:00,4,50
index.html,46,html,20432a07,Maxime Chung,2026-04-26,11:45:00,-07:00,2026-04-26T11:45:00-07:00,4,98
index.html,47,html,20432a07,Maxime Chung,2026-04-26,11:45:00,-07:00,2026-04-26T11:45:00-07:00,4,171
index.html,48,html,20432a07,Maxime Chung,2026-04-26,11:45:00,-07:00,2026-04-26T11:45:00-07:00,4,182
index.html,49,html,20432a07,Maxime Chung,2026-04-26,11:45:00,-07:00,2026-04-26T11:45:00-07:00,3,2
index.html,50,html,eed4e02c,Maxime Chung,2026-04-26,12:12:33,-07:00,2026-04-26T12:12:33-07:00,3,1
index.html,51,html,eed4e02c,Maxime Chung,2026-04-26,12:12:33,-07:00,2026-04-26T12:12:33-07:00,4,57
index.html,52,html,eed4e02c,Maxime Chung,2026-04-26,12:12:33,-07:00,2026-04-26T12:12:33-07:00,4,127
index.html,53,html,eed4e02c,Maxime Chung,2026-04-26,12:12:33,-07:00,2026-04-26T12:12:33-07:00,3,2
index.html,54,html,20432a07,Maxime Chung,2026-04-26,11:45:00,-07:00,2026-04-26T11:45:00-07:00,2,4
index.html,55,html,20432a07,Maxime Chung,2026-04-26,11:45:00,-07:00,2026-04-26T11:45:00-07:00,0,0
index.html,56,html,3a3641a8,Maxime Chung,2026-04-26,11:32:34,-07:00,2026-04-26T11:32:34-07:00,2,34
index.html,57,html,3a3641a8,Maxime Chung,2026-04-26,11:32:34,-07:00,2026-04-26T11:32:34-07:00,2,49
index.html,58,html,3a3641a8,Maxime Chung,2026-04-26,11:32:34,-07:00,2026-04-26T11:32:34-07:00,3,26
index.html,59,html,3a3641a8,Maxime Chung,2026-04-26,11:32:34,-07:00,2026-04-26T11:32:34-07:00,4,39
index.html,60,html,eaadb052,Maxime Chung,2026-05-01,20:26:20,-07:00,2026-05-01T20:26:20-07:00,5,72
index.html,61,html,3a3641a8,Maxime Chung,2026-04-26,11:32:34,-07:00,2026-04-26T11:32:34-07:00,4,2
index.html,62,html,3a3641a8,Maxime Chung,2026-04-26,11:32:34,-07:00,2026-04-26T11:32:34-07:00,3,3
index.html,63,html,3a3641a8,Maxime Chung,2026-04-26,11:32:34,-07:00,2026-04-26T11:32:34-07:00,3,103
index.html,64,html,3a3641a8,Maxime Chung,2026-04-26,11:32:34,-07:00,2026-04-26T11:32:34-07:00,3,20
index.html,65,html,3a3641a8,Maxime Chung,2026-04-26,11:32:34,-07:00,2026-04-26T11:32:34-07:00,4,65
index.html,66,html,3a3641a8,Maxime Chung,2026-04-26,11:32:34,-07:00,2026-04-26T11:32:34-07:00,3,4
index.html,67,html,3a3641a8,Maxime Chung,2026-04-26,11:32:34,-07:00,2026-04-26T11:32:34-07:00,2,8
index.html,68,html,4c17c21f,Maxime Chung,2026-04-24,20:09:11,-07:00,2026-04-24T20:09:11-07:00,0,0
index.html,69,html,20432a07,Maxime Chung,2026-04-26,11:45:00,-07:00,2026-04-26T11:45:00-07:00,2,36
index.html,70,html,20432a07,Maxime Chung,2026-04-26,11:45:00,-07:00,2026-04-26T11:45:00-07:00,2,50
index.html,71,html,20432a07,Maxime Chung,2026-04-26,11:45:00,-07:00,2026-04-26T11:45:00-07:00,3,48
index.html,72,html,20432a07,Maxime Chung,2026-04-26,11:45:00,-07:00,2026-04-26T11:45:00-07:00,3,101
index.html,73,html,20432a07,Maxime Chung,2026-04-26,11:45:00,-07:00,2026-04-26T11:45:00-07:00,3,28
index.html,74,html,20432a07,Maxime Chung,2026-04-26,11:45:00,-07:00,2026-04-26T11:45:00-07:00,4,1
index.html,75,html,20432a07,Maxime Chung,2026-04-26,11:45:00,-07:00,2026-04-26T11:45:00-07:00,5,79
index.html,76,html,20432a07,Maxime Chung,2026-04-26,11:45:00,-07:00,2026-04-26T11:45:00-07:00,5,76
index.html,77,html,20432a07,Maxime Chung,2026-04-26,11:45:00,-07:00,2026-04-26T11:45:00-07:00,5,74
index.html,78,html,20432a07,Maxime Chung,2026-04-26,11:45:00,-07:00,2026-04-26T11:45:00-07:00,5,73
index.html,79,html,20432a07,Maxime Chung,2026-04-26,11:45:00,-07:00,2026-04-26T11:45:00-07:00,5,38
index.html,80,html,20432a07,Maxime Chung,2026-04-26,11:45:00,-07:00,2026-04-26T11:45:00-07:00,4,2
index.html,81,html,20432a07,Maxime Chung,2026-04-26,11:45:00,-07:00,2026-04-26T11:45:00-07:00,4,25
index.html,82,html,20432a07,Maxime Chung,2026-04-26,11:45:00,-07:00,2026-04-26T11:45:00-07:00,5,87
index.html,83,html,20432a07,Maxime Chung,2026-04-26,11:45:00,-07:00,2026-04-26T11:45:00-07:00,6,57
index.html,84,html,20432a07,Maxime Chung,2026-04-26,11:45:00,-07:00,2026-04-26T11:45:00-07:00,6,27
index.html,85,html,20432a07,Maxime Chung,2026-04-26,11:45:00,-07:00,2026-04-26T11:45:00-07:00,5,2
index.html,86,html,20432a07,Maxime Chung,2026-04-26,11:45:00,-07:00,2026-04-26T11:45:00-07:00,5,42
index.html,87,html,20432a07,Maxime Chung,2026-04-26,11:45:00,-07:00,2026-04-26T11:45:00-07:00,4,2
index.html,88,html,20432a07,Maxime Chung,2026-04-26,11:45:00,-07:00,2026-04-26T11:45:00-07:00,4,81
index.html,89,html,20432a07,Maxime Chung,2026-04-26,11:45:00,-07:00,2026-04-26T11:45:00-07:00,3,4
index.html,90,html,20432a07,Maxime Chung,2026-04-26,11:45:00,-07:00,2026-04-26T11:45:00-07:00,2,8
index.html,91,html,20432a07,Maxime Chung,2026-04-26,11:45:00,-07:00,2026-04-26T11:45:00-07:00,0,0
index.html,92,html,3a3641a8,Maxime Chung,2026-04-26,11:32:34,-07:00,2026-04-26T11:32:34-07:00,2,40
index.html,93,html,3a3641a8,Maxime Chung,2026-04-26,11:32:34,-07:00,2026-04-26T11:32:34-07:00,2,40
index.html,94,html,3a3641a8,Maxime Chung,2026-04-26,11:32:34,-07:00,2026-04-26T11:32:34-07:00,3,56
index.html,95,html,3a3641a8,Maxime Chung,2026-04-26,11:32:34,-07:00,2026-04-26T11:32:34-07:00,3,71
index.html,96,html,3a3641a8,Maxime Chung,2026-04-26,11:32:34,-07:00,2026-04-26T11:32:34-07:00,3,22
index.html,97,html,3a3641a8,Maxime Chung,2026-04-26,11:32:34,-07:00,2026-04-26T11:32:34-07:00,4,2
index.html,98,html,3a3641a8,Maxime Chung,2026-04-26,11:32:34,-07:00,2026-04-26T11:32:34-07:00,5,31
index.html,99,html,3a3641a8,Maxime Chung,2026-04-26,11:32:34,-07:00,2026-04-26T11:32:34-07:00,5,69
index.html,100,html,627b5b6d,Maxime Chung,2026-04-26,11:52:44,-07:00,2026-04-26T11:52:44-07:00,5,77
index.html,101,html,3a3641a8,Maxime Chung,2026-04-26,11:32:34,-07:00,2026-04-26T11:32:34-07:00,4,3
index.html,102,html,3a3641a8,Maxime Chung,2026-04-26,11:32:34,-07:00,2026-04-26T11:32:34-07:00,4,2
index.html,103,html,627b5b6d,Maxime Chung,2026-04-26,11:52:44,-07:00,2026-04-26T11:52:44-07:00,5,42
index.html,104,html,3a3641a8,Maxime Chung,2026-04-26,11:32:34,-07:00,2026-04-26T11:32:34-07:00,5,34
index.html,105,html,3a3641a8,Maxime Chung,2026-04-26,11:32:34,-07:00,2026-04-26T11:32:34-07:00,5,114
index.html,106,html,3a3641a8,Maxime Chung,2026-04-26,11:32:34,-07:00,2026-04-26T11:32:34-07:00,4,3
index.html,107,html,627b5b6d,Maxime Chung,2026-04-26,11:52:44,-07:00,2026-04-26T11:52:44-07:00,0,0
index.html,108,html,3a3641a8,Maxime Chung,2026-04-26,11:32:34,-07:00,2026-04-26T11:32:34-07:00,3,3
index.html,109,html,3a3641a8,Maxime Chung,2026-04-26,11:32:34,-07:00,2026-04-26T11:32:34-07:00,2,8
index.html,110,html,3a3641a8,Maxime Chung,2026-04-26,11:32:34,-07:00,2026-04-26T11:32:34-07:00,0,0
index.html,111,html,2bc70f08,Maxime Chung,2026-04-26,15:05:32,-07:00,2026-04-26T15:05:32-07:00,2,34
index.html,112,html,2bc70f08,Maxime Chung,2026-04-26,15:05:32,-07:00,2026-04-26T15:05:32-07:00,2,49
index.html,113,html,2bc70f08,Maxime Chung,2026-04-26,15:05:32,-07:00,2026-04-26T15:05:32-07:00,3,46
index.html,114,html,2bc70f08,Maxime Chung,2026-04-26,15:05:32,-07:00,2026-04-26T15:05:32-07:00,3,83
index.html,115,html,2bc70f08,Maxime Chung,2026-04-26,15:05:32,-07:00,2026-04-26T15:05:32-07:00,0,0
index.html,116,html,2bc70f08,Maxime Chung,2026-04-26,15:05:32,-07:00,2026-04-26T15:05:32-07:00,3,23
index.html,117,html,2bc70f08,Maxime Chung,2026-04-26,15:05:32,-07:00,2026-04-26T15:05:32-07:00,4,26
index.html,118,html,2bc70f08,Maxime Chung,2026-04-26,15:05:32,-07:00,2026-04-26T15:05:32-07:00,5,118
index.html,119,html,b131d6d8,Maxime Chung,2026-04-26,15:11:07,-07:00,2026-04-26T15:11:07-07:00,6,75
index.html,120,html,2bc70f08,Maxime Chung,2026-04-26,15:05:32,-07:00,2026-04-26T15:05:32-07:00,5,2
index.html,121,html,2bc70f08,Maxime Chung,2026-04-26,15:05:32,-07:00,2026-04-26T15:05:32-07:00,5,78
index.html,122,html,2bc70f08,Maxime Chung,2026-04-26,15:05:32,-07:00,2026-04-26T15:05:32-07:00,4,3
index.html,123,html,2bc70f08,Maxime Chung,2026-04-26,15:05:32,-07:00,2026-04-26T15:05:32-07:00,4,2
index.html,124,html,2bc70f08,Maxime Chung,2026-04-26,15:05:32,-07:00,2026-04-26T15:05:32-07:00,5,118
index.html,125,html,2bc70f08,Maxime Chung,2026-04-26,15:05:32,-07:00,2026-04-26T15:05:32-07:00,6,29
index.html,126,html,2bc70f08,Maxime Chung,2026-04-26,15:05:32,-07:00,2026-04-26T15:05:32-07:00,5,2
index.html,127,html,2bc70f08,Maxime Chung,2026-04-26,15:05:32,-07:00,2026-04-26T15:05:32-07:00,4,3
index.html,128,html,2bc70f08,Maxime Chung,2026-04-26,15:05:32,-07:00,2026-04-26T15:05:32-07:00,4,2
index.html,129,html,2bc70f08,Maxime Chung,2026-04-26,15:05:32,-07:00,2026-04-26T15:05:32-07:00,5,118
index.html,130,html,2bc70f08,Maxime Chung,2026-04-26,15:05:32,-07:00,2026-04-26T15:05:32-07:00,6,27
index.html,131,html,2bc70f08,Maxime Chung,2026-04-26,15:05:32,-07:00,2026-04-26T15:05:32-07:00,5,2
index.html,132,html,2bc70f08,Maxime Chung,2026-04-26,15:05:32,-07:00,2026-04-26T15:05:32-07:00,4,3
index.html,133,html,2bc70f08,Maxime Chung,2026-04-26,15:05:32,-07:00,2026-04-26T15:05:32-07:00,3,3
index.html,134,html,2bc70f08,Maxime Chung,2026-04-26,15:05:32,-07:00,2026-04-26T15:05:32-07:00,0,0
index.html,135,html,2bc70f08,Maxime Chung,2026-04-26,15:05:32,-07:00,2026-04-26T15:05:32-07:00,3,18
index.html,136,html,2bc70f08,Maxime Chung,2026-04-26,15:05:32,-07:00,2026-04-26T15:05:32-07:00,4,89
index.html,137,html,2bc70f08,Maxime Chung,2026-04-26,15:05:32,-07:00,2026-04-26T15:05:32-07:00,4,139
index.html,138,html,2bc70f08,Maxime Chung,2026-04-26,15:05:32,-07:00,2026-04-26T15:05:32-07:00,3,2
index.html,139,html,2bc70f08,Maxime Chung,2026-04-26,15:05:32,-07:00,2026-04-26T15:05:32-07:00,2,8
index.html,140,html,2bc70f08,Maxime Chung,2026-04-26,15:05:32,-07:00,2026-04-26T15:05:32-07:00,0,0
index.html,141,html,3a3641a8,Maxime Chung,2026-04-26,11:32:34,-07:00,2026-04-26T11:32:34-07:00,2,40
index.html,142,html,3a3641a8,Maxime Chung,2026-04-26,11:32:34,-07:00,2026-04-26T11:32:34-07:00,2,46
index.html,143,html,3a3641a8,Maxime Chung,2026-04-26,11:32:34,-07:00,2026-04-26T11:32:34-07:00,3,46
index.html,144,html,3a3641a8,Maxime Chung,2026-04-26,11:32:34,-07:00,2026-04-26T11:32:34-07:00,3,63
index.html,145,html,3a3641a8,Maxime Chung,2026-04-26,11:32:34,-07:00,2026-04-26T11:32:34-07:00,3,22
index.html,146,html,3a3641a8,Maxime Chung,2026-04-26,11:32:34,-07:00,2026-04-26T11:32:34-07:00,4,56
index.html,147,html,3a3641a8,Maxime Chung,2026-04-26,11:32:34,-07:00,2026-04-26T11:32:34-07:00,3,4
index.html,148,html,3a3641a8,Maxime Chung,2026-04-26,11:32:34,-07:00,2026-04-26T11:32:34-07:00,2,8
index.html,149,html,0f71f5b0,bigmacchung,2026-04-07,20:29:37,-07:00,2026-04-07T20:29:37-07:00,0,5
index.html,150,html,6c77d81c,bigmacchung,2026-04-17,19:36:20,-07:00,2026-04-17T19:36:20-07:00,0,5
global.js,1,js,6c77d81c,bigmacchung,2026-04-17,19:36:20,-07:00,2026-04-17T19:36:20-07:00,0,25
global.js,2,js,6c77d81c,bigmacchung,2026-04-17,19:36:20,-07:00,2026-04-17T19:36:20-07:00,0,0
global.js,3,js,6c77d81c,bigmacchung,2026-04-17,19:36:20,-07:00,2026-04-17T19:36:20-07:00,0,41
global.js,4,js,6c77d81c,bigmacchung,2026-04-17,19:36:20,-07:00,2026-04-17T19:36:20-07:00,1,52
global.js,5,js,6c77d81c,bigmacchung,2026-04-17,19:36:20,-07:00,2026-04-17T19:36:20-07:00,0,0
global.js,6,js,6c77d81c,bigmacchung,2026-04-17,19:36:20,-07:00,2026-04-17T19:36:20-07:00,0,0
global.js,7,js,6c77d81c,bigmacchung,2026-04-17,19:36:20,-07:00,2026-04-17T19:36:20-07:00,0,56
global.js,8,js,6c77d81c,bigmacchung,2026-04-17,19:36:20,-07:00,2026-04-17T19:36:20-07:00,0,0
global.js,9,js,6c77d81c,bigmacchung,2026-04-17,19:36:20,-07:00,2026-04-17T19:36:20-07:00,0,88
global.js,10,js,6c77d81c,bigmacchung,2026-04-17,19:36:20,-07:00,2026-04-17T19:36:20-07:00,0,15
global.js,11,js,6c77d81c,bigmacchung,2026-04-17,19:36:20,-07:00,2026-04-17T19:36:20-07:00,1,68
global.js,12,js,6c77d81c,bigmacchung,2026-04-17,19:36:20,-07:00,2026-04-17T19:36:20-07:00,2,19
global.js,13,js,6c77d81c,bigmacchung,2026-04-17,19:36:20,-07:00,2026-04-17T19:36:20-07:00,2,40
global.js,14,js,6c77d81c,bigmacchung,2026-04-17,19:36:20,-07:00,2026-04-17T19:36:20-07:00,0,0
global.js,15,js,2bc70f08,Maxime Chung,2026-04-26,15:05:32,-07:00,2026-04-26T15:05:32-07:00,0,80
global.js,16,js,2bc70f08,Maxime Chung,2026-04-26,15:05:32,-07:00,2026-04-26T15:05:32-07:00,0,80
global.js,17,js,2bc70f08,Maxime Chung,2026-04-26,15:05:32,-07:00,2026-04-26T15:05:32-07:00,0,74
global.js,18,js,3a3641a8,Maxime Chung,2026-04-26,11:32:34,-07:00,2026-04-26T11:32:34-07:00,0,20
global.js,19,js,6c77d81c,bigmacchung,2026-04-17,19:36:20,-07:00,2026-04-17T19:36:20-07:00,1,25
global.js,20,js,3a3641a8,Maxime Chung,2026-04-26,11:32:34,-07:00,2026-04-26T11:32:34-07:00,0,0
global.js,21,js,3a3641a8,Maxime Chung,2026-04-26,11:32:34,-07:00,2026-04-26T11:32:34-07:00,0,0
global.js,22,js,3a3641a8,Maxime Chung,2026-04-26,11:32:34,-07:00,2026-04-26T11:32:34-07:00,0,67
global.js,23,js,3a3641a8,Maxime Chung,2026-04-26,11:32:34,-07:00,2026-04-26T11:32:34-07:00,0,18
global.js,24,js,6c77d81c,bigmacchung,2026-04-17,19:36:20,-07:00,2026-04-17T19:36:20-07:00,1,26
global.js,25,js,6c77d81c,bigmacchung,2026-04-17,19:36:20,-07:00,2026-04-17T19:36:20-07:00,1,57
global.js,26,js,3a3641a8,Maxime Chung,2026-04-26,11:32:34,-07:00,2026-04-26T11:32:34-07:00,1,68
global.js,27,js,6c77d81c,bigmacchung,2026-04-17,19:36:20,-07:00,2026-04-17T19:36:20-07:00,0,0
global.js,28,js,6c77d81c,bigmacchung,2026-04-17,19:36:20,-07:00,2026-04-17T19:36:20-07:00,0,0
global.js,29,js,3a3641a8,Maxime Chung,2026-04-26,11:32:34,-07:00,2026-04-26T11:32:34-07:00,0,40
global.js,30,js,6c77d81c,bigmacchung,2026-04-17,19:36:20,-07:00,2026-04-17T19:36:20-07:00,0,25
global.js,31,js,6c77d81c,bigmacchung,2026-04-17,19:36:20,-07:00,2026-04-17T19:36:20-07:00,0,0
global.js,32,js,3a3641a8,Maxime Chung,2026-04-26,11:32:34,-07:00,2026-04-26T11:32:34-07:00,0,66
global.js,33,js,3a3641a8,Maxime Chung,2026-04-26,11:32:34,-07:00,2026-04-26T11:32:34-07:00,0,36
global.js,34,js,3a3641a8,Maxime Chung,2026-04-26,11:32:34,-07:00,2026-04-26T11:32:34-07:00,1,73
global.js,35,js,3a3641a8,Maxime Chung,2026-04-26,11:32:34,-07:00,2026-04-26T11:32:34-07:00,1,39
global.js,36,js,3a3641a8,Maxime Chung,2026-04-26,11:32:34,-07:00,2026-04-26T11:32:34-07:00,1,59
global.js,37,js,6c77d81c,bigmacchung,2026-04-17,19:36:20,-07:00,2026-04-17T19:36:20-07:00,0,0
global.js,38,js,3a3641a8,Maxime Chung,2026-04-26,11:32:34,-07:00,2026-04-26T11:32:34-07:00,1,36
global.js,39,js,3a3641a8,Maxime Chung,2026-04-26,11:32:34,-07:00,2026-04-26T11:32:34-07:00,1,12
global.js,40,js,6c77d81c,bigmacchung,2026-04-17,19:36:20,-07:00,2026-04-17T19:36:20-07:00,1,20
global.js,41,js,6c77d81c,bigmacchung,2026-04-17,19:36:20,-07:00,2026-04-17T19:36:20-07:00,0,0
global.js,42,js,6c77d81c,bigmacchung,2026-04-17,19:36:20,-07:00,2026-04-17T19:36:20-07:00,1,41
global.js,43,js,6c77d81c,bigmacchung,2026-04-17,19:36:20,-07:00,2026-04-17T19:36:20-07:00,1,17
global.js,44,js,6c77d81c,bigmacchung,2026-04-17,19:36:20,-07:00,2026-04-17T19:36:20-07:00,2,8
global.js,45,js,6c77d81c,bigmacchung,2026-04-17,19:36:20,-07:00,2026-04-17T19:36:20-07:00,2,59
global.js,46,js,6c77d81c,bigmacchung,2026-04-17,19:36:20,-07:00,2026-04-17T19:36:20-07:00,1,0
global.js,47,js,6c77d81c,bigmacchung,2026-04-17,19:36:20,-07:00,2026-04-17T19:36:20-07:00,0,0
global.js,48,js,6c77d81c,bigmacchung,2026-04-17,19:36:20,-07:00,2026-04-17T19:36:20-07:00,1,51
global.js,49,js,b1c40581,Maxime Chung,2026-04-24,21:52:07,-07:00,2026-04-24T21:52:07-07:00,1,76
global.js,50,js,b1c40581,Maxime Chung,2026-04-24,21:52:07,-07:00,2026-04-24T21:52:07-07:00,1,77
global.js,51,js,6c77d81c,bigmacchung,2026-04-17,19:36:20,-07:00,2026-04-17T19:36:20-07:00,1,29
global.js,52,js,6c77d81c,bigmacchung,2026-04-17,19:36:20,-07:00,2026-04-17T19:36:20-07:00,2,18
global.js,53,js,b1c40581,Maxime Chung,2026-04-24,21:52:07,-07:00,2026-04-24T21:52:07-07:00,2,28
global.js,54,js,6c77d81c,bigmacchung,2026-04-17,19:36:20,-07:00,2026-04-17T19:36:20-07:00,1,0
global.js,55,js,6c77d81c,bigmacchung,2026-04-17,19:36:20,-07:00,2026-04-17T19:36:20-07:00,0,0
global.js,56,js,3a3641a8,Maxime Chung,2026-04-26,11:32:34,-07:00,2026-04-26T11:32:34-07:00,1,7
global.js,57,js,3a3641a8,Maxime Chung,2026-04-26,11:32:34,-07:00,2026-04-26T11:32:34-07:00,0,0
global.js,58,js,3a3641a8,Maxime Chung,2026-04-26,11:32:34,-07:00,2026-04-26T11:32:34-07:00,0,0
global.js,59,js,3a3641a8,Maxime Chung,2026-04-26,11:32:34,-07:00,2026-04-26T11:32:34-07:00,0,24
global.js,60,js,3a3641a8,Maxime Chung,2026-04-26,11:32:34,-07:00,2026-04-26T11:32:34-07:00,0,47
global.js,61,js,3a3641a8,Maxime Chung,2026-04-26,11:32:34,-07:00,2026-04-26T11:32:34-07:00,0,35
global.js,62,js,3a3641a8,Maxime Chung,2026-04-26,11:32:34,-07:00,2026-04-26T11:32:34-07:00,0,32
global.js,63,js,3a3641a8,Maxime Chung,2026-04-26,11:32:34,-07:00,2026-04-26T11:32:34-07:00,1,35
global.js,64,js,3a3641a8,Maxime Chung,2026-04-26,11:32:34,-07:00,2026-04-26T11:32:34-07:00,0,0
global.js,65,js,3a3641a8,Maxime Chung,2026-04-26,11:32:34,-07:00,2026-04-26T11:32:34-07:00,0,21
global.js,66,js,3a3641a8,Maxime Chung,2026-04-26,11:32:34,-07:00,2026-04-26T11:32:34-07:00,0,0
global.js,67,js,6c77d81c,bigmacchung,2026-04-17,19:36:20,-07:00,2026-04-17T19:36:20-07:00,0,47
global.js,68,js,6c77d81c,bigmacchung,2026-04-17,19:36:20,-07:00,2026-04-17T19:36:20-07:00,0,0
global.js,69,js,6c77d81c,bigmacchung,2026-04-17,19:36:20,-07:00,2026-04-17T19:36:20-07:00,0,31
global.js,70,js,6c77d81c,bigmacchung,2026-04-17,19:36:20,-07:00,2026-04-17T19:36:20-07:00,1,11
global.js,71,js,6c77d81c,bigmacchung,2026-04-17,19:36:20,-07:00,2026-04-17T19:36:20-07:00,1,0
global.js,72,js,6c77d81c,bigmacchung,2026-04-17,19:36:20,-07:00,2026-04-17T19:36:20-07:00,1,26
global.js,73,js,6c77d81c,bigmacchung,2026-04-17,19:36:20,-07:00,2026-04-17T19:36:20-07:00,2,4
global.js,74,js,6c77d81c,bigmacchung,2026-04-17,19:36:20,-07:00,2026-04-17T19:36:20-07:00,2,6
global.js,75,js,6c77d81c,bigmacchung,2026-04-17,19:36:20,-07:00,2026-04-17T19:36:20-07:00,3,43
global.js,76,js,6c77d81c,bigmacchung,2026-04-17,19:36:20,-07:00,2026-04-17T19:36:20-07:00,3,34
global.js,77,js,6c77d81c,bigmacchung,2026-04-17,19:36:20,-07:00,2026-04-17T19:36:20-07:00,3,32
global.js,78,js,6c77d81c,bigmacchung,2026-04-17,19:36:20,-07:00,2026-04-17T19:36:20-07:00,2,7
global.js,79,js,6c77d81c,bigmacchung,2026-04-17,19:36:20,-07:00,2026-04-17T19:36:20-07:00,1,8
global.js,80,js,6c77d81c,bigmacchung,2026-04-17,19:36:20,-07:00,2026-04-17T19:36:20-07:00,0,0
global.js,81,js,6c77d81c,bigmacchung,2026-04-17,19:36:20,-07:00,2026-04-17T19:36:20-07:00,0,0
global.js,82,js,6c77d81c,bigmacchung,2026-04-17,19:36:20,-07:00,2026-04-17T19:36:20-07:00,0,58
global.js,83,js,6c77d81c,bigmacchung,2026-04-17,19:36:20,-07:00,2026-04-17T19:36:20-07:00,0,0
global.js,84,js,6c77d81c,bigmacchung,2026-04-17,19:36:20,-07:00,2026-04-17T19:36:20-07:00,0,36
global.js,85,js,6c77d81c,bigmacchung,2026-04-17,19:36:20,-07:00,2026-04-17T19:36:20-07:00,1,70
global.js,86,js,6c77d81c,bigmacchung,2026-04-17,19:36:20,-07:00,2026-04-17T19:36:20-07:00,1,25
global.js,87,js,6c77d81c,bigmacchung,2026-04-17,19:36:20,-07:00,2026-04-17T19:36:20-07:00,0,0
global.js,88,js,6c77d81c,bigmacchung,2026-04-17,19:36:20,-07:00,2026-04-17T19:36:20-07:00,0,0
global.js,89,js,6c77d81c,bigmacchung,2026-04-17,19:36:20,-07:00,2026-04-17T19:36:20-07:00,0,44
global.js,90,js,6c77d81c,bigmacchung,2026-04-17,19:36:20,-07:00,2026-04-17T19:36:20-07:00,0,34
global.js,91,js,6c77d81c,bigmacchung,2026-04-17,19:36:20,-07:00,2026-04-17T19:36:20-07:00,1,39
global.js,92,js,6c77d81c,bigmacchung,2026-04-17,19:36:20,-07:00,2026-04-17T19:36:20-07:00,0,0
global.js,93,js,6c77d81c,bigmacchung,2026-04-17,19:36:20,-07:00,2026-04-17T19:36:20-07:00,0,0
global.js,94,js,6c77d81c,bigmacchung,2026-04-17,19:36:20,-07:00,2026-04-17T19:36:20-07:00,0,43
global.js,95,js,6c77d81c,bigmacchung,2026-04-17,19:36:20,-07:00,2026-04-17T19:36:20-07:00,1,33
global.js,96,js,6c77d81c,bigmacchung,2026-04-17,19:36:20,-07:00,2026-04-17T19:36:20-07:00,1,44
global.js,97,js,6c77d81c,bigmacchung,2026-04-17,19:36:20,-07:00,2026-04-17T19:36:20-07:00,0,1
global.js,98,js,6c77d81c,bigmacchung,2026-04-17,19:36:20,-07:00,2026-04-17T19:36:20-07:00,0,0
global.js,99,js,6c77d81c,bigmacchung,2026-04-17,19:36:20,-07:00,2026-04-17T19:36:20-07:00,0,50
global.js,100,js,6c77d81c,bigmacchung,2026-04-17,19:36:20,-07:00,2026-04-17T19:36:20-07:00,0,0
global.js,101,js,6c77d81c,bigmacchung,2026-04-17,19:36:20,-07:00,2026-04-17T19:36:20-07:00,0,59
global.js,102,js,6c77d81c,bigmacchung,2026-04-17,19:36:20,-07:00,2026-04-17T19:36:20-07:00,0,0
global.js,103,js,6c77d81c,bigmacchung,2026-04-17,19:36:20,-07:00,2026-04-17T19:36:20-07:00,0,43
global.js,104,js,6c77d81c,bigmacchung,2026-04-17,19:36:20,-07:00,2026-04-17T19:36:20-07:00,1,21
global.js,105,js,6c77d81c,bigmacchung,2026-04-17,19:36:20,-07:00,2026-04-17T19:36:20-07:00,0,0
global.js,106,js,6c77d81c,bigmacchung,2026-04-17,19:36:20,-07:00,2026-04-17T19:36:20-07:00,1,28
global.js,107,js,6c77d81c,bigmacchung,2026-04-17,19:36:20,-07:00,2026-04-17T19:36:20-07:00,1,14
global.js,108,js,6c77d81c,bigmacchung,2026-04-17,19:36:20,-07:00,2026-04-17T19:36:20-07:00,0,0
global.js,109,js,6c77d81c,bigmacchung,2026-04-17,19:36:20,-07:00,2026-04-17T19:36:20-07:00,1,31
global.js,110,js,6c77d81c,bigmacchung,2026-04-17,19:36:20,-07:00,2026-04-17T19:36:20-07:00,2,50
global.js,111,js,6c77d81c,bigmacchung,2026-04-17,19:36:20,-07:00,2026-04-17T19:36:20-07:00,1,0
global.js,112,js,6c77d81c,bigmacchung,2026-04-17,19:36:20,-07:00,2026-04-17T19:36:20-07:00,0,0
global.js,113,js,6c77d81c,bigmacchung,2026-04-17,19:36:20,-07:00,2026-04-17T19:36:20-07:00,1,45
global.js,114,js,6c77d81c,bigmacchung,2026-04-17,19:36:20,-07:00,2026-04-17T19:36:20-07:00,1,18
global.js,115,js,6c77d81c,bigmacchung,2026-04-17,19:36:20,-07:00,2026-04-17T19:36:20-07:00,0,1
global.js,116,js,4c17c21f,Maxime Chung,2026-04-24,20:09:11,-07:00,2026-04-24T20:09:11-07:00,0,0
global.js,117,js,4c17c21f,Maxime Chung,2026-04-24,20:09:11,-07:00,2026-04-24T20:09:11-07:00,0,57
global.js,118,js,4c17c21f,Maxime Chung,2026-04-24,20:09:11,-07:00,2026-04-24T20:09:11-07:00,0,0
global.js,119,js,4c17c21f,Maxime Chung,2026-04-24,20:09:11,-07:00,2026-04-24T20:09:11-07:00,0,36
global.js,120,js,4c17c21f,Maxime Chung,2026-04-24,20:09:11,-07:00,2026-04-24T20:09:11-07:00,1,3
global.js,121,js,4c17c21f,Maxime Chung,2026-04-24,20:09:11,-07:00,2026-04-24T20:09:11-07:00,2,40
global.js,122,js,4c17c21f,Maxime Chung,2026-04-24,20:09:11,-07:00,2026-04-24T20:09:11-07:00,2,32
global.js,123,js,4c17c21f,Maxime Chung,2026-04-24,20:09:11,-07:00,2026-04-24T20:09:11-07:00,0,0
global.js,124,js,4c17c21f,Maxime Chung,2026-04-24,20:09:11,-07:00,2026-04-24T20:09:11-07:00,2,17
global.js,125,js,4c17c21f,Maxime Chung,2026-04-24,20:09:11,-07:00,2026-04-24T20:09:11-07:00,3,66
global.js,126,js,4c17c21f,Maxime Chung,2026-04-24,20:09:11,-07:00,2026-04-24T20:09:11-07:00,2,0
global.js,127,js,4c17c21f,Maxime Chung,2026-04-24,20:09:11,-07:00,2026-04-24T20:09:11-07:00,0,0
global.js,128,js,4c17c21f,Maxime Chung,2026-04-24,20:09:11,-07:00,2026-04-24T20:09:11-07:00,2,33
global.js,129,js,4c17c21f,Maxime Chung,2026-04-24,20:09:11,-07:00,2026-04-24T20:09:11-07:00,2,10
global.js,130,js,4c17c21f,Maxime Chung,2026-04-24,20:09:11,-07:00,2026-04-24T20:09:11-07:00,1,15
global.js,131,js,4c17c21f,Maxime Chung,2026-04-24,20:09:11,-07:00,2026-04-24T20:09:11-07:00,2,59
global.js,132,js,4c17c21f,Maxime Chung,2026-04-24,20:09:11,-07:00,2026-04-24T20:09:11-07:00,1,0
global.js,133,js,4c17c21f,Maxime Chung,2026-04-24,20:09:11,-07:00,2026-04-24T20:09:11-07:00,0,0
global.js,134,js,4c17c21f,Maxime Chung,2026-04-24,20:09:11,-07:00,2026-04-24T20:09:11-07:00,0,0
global.js,135,js,4c17c21f,Maxime Chung,2026-04-24,20:09:11,-07:00,2026-04-24T20:09:11-07:00,0,65
global.js,136,js,4c17c21f,Maxime Chung,2026-04-24,20:09:11,-07:00,2026-04-24T20:09:11-07:00,0,0
global.js,137,js,4c17c21f,Maxime Chung,2026-04-24,20:09:11,-07:00,2026-04-24T20:09:11-07:00,0,79
global.js,138,js,4c17c21f,Maxime Chung,2026-04-24,20:09:11,-07:00,2026-04-24T20:09:11-07:00,1,62
global.js,139,js,4c17c21f,Maxime Chung,2026-04-24,20:09:11,-07:00,2026-04-24T20:09:11-07:00,1,68
global.js,140,js,4c17c21f,Maxime Chung,2026-04-24,20:09:11,-07:00,2026-04-24T20:09:11-07:00,2,76
global.js,141,js,4c17c21f,Maxime Chung,2026-04-24,20:09:11,-07:00,2026-04-24T20:09:11-07:00,2,5
global.js,142,js,4c17c21f,Maxime Chung,2026-04-24,20:09:11,-07:00,2026-04-24T20:09:11-07:00,1,0
global.js,143,js,4c17c21f,Maxime Chung,2026-04-24,20:09:11,-07:00,2026-04-24T20:09:11-07:00,0,0
global.js,144,js,4c17c21f,Maxime Chung,2026-04-24,20:09:11,-07:00,2026-04-24T20:09:11-07:00,1,74
global.js,145,js,4c17c21f,Maxime Chung,2026-04-24,20:09:11,-07:00,2026-04-24T20:09:11-07:00,1,30
global.js,146,js,4c17c21f,Maxime Chung,2026-04-24,20:09:11,-07:00,2026-04-24T20:09:11-07:00,0,0
global.js,147,js,4c17c21f,Maxime Chung,2026-04-24,20:09:11,-07:00,2026-04-24T20:09:11-07:00,1,72
global.js,148,js,4c17c21f,Maxime Chung,2026-04-24,20:09:11,-07:00,2026-04-24T20:09:11-07:00,1,57
global.js,149,js,4c17c21f,Maxime Chung,2026-04-24,20:09:11,-07:00,2026-04-24T20:09:11-07:00,1,73
global.js,150,js,4c17c21f,Maxime Chung,2026-04-24,20:09:11,-07:00,2026-04-24T20:09:11-07:00,0,0
global.js,151,js,4c17c21f,Maxime Chung,2026-04-24,20:09:11,-07:00,2026-04-24T20:09:11-07:00,1,51
global.js,152,js,4c17c21f,Maxime Chung,2026-04-24,20:09:11,-07:00,2026-04-24T20:09:11-07:00,1,54
global.js,153,js,4c17c21f,Maxime Chung,2026-04-24,20:09:11,-07:00,2026-04-24T20:09:11-07:00,2,82
global.js,154,js,4c17c21f,Maxime Chung,2026-04-24,20:09:11,-07:00,2026-04-24T20:09:11-07:00,2,5
global.js,155,js,4c17c21f,Maxime Chung,2026-04-24,20:09:11,-07:00,2026-04-24T20:09:11-07:00,1,0
global.js,156,js,4c17c21f,Maxime Chung,2026-04-24,20:09:11,-07:00,2026-04-24T20:09:11-07:00,0,0
global.js,157,js,4c17c21f,Maxime Chung,2026-04-24,20:09:11,-07:00,2026-04-24T20:09:11-07:00,1,31
global.js,158,js,4c17c21f,Maxime Chung,2026-04-24,20:09:11,-07:00,2026-04-24T20:09:11-07:00,2,48
global.js,159,js,4c17c21f,Maxime Chung,2026-04-24,20:09:11,-07:00,2026-04-24T20:09:11-07:00,0,0
global.js,160,js,4c17c21f,Maxime Chung,2026-04-24,20:09:11,-07:00,2026-04-24T20:09:11-07:00,2,76
global.js,161,js,4c17c21f,Maxime Chung,2026-04-24,20:09:11,-07:00,2026-04-24T20:09:11-07:00,2,48
global.js,162,js,d0341851,Maxime Chung,2026-04-24,21:49:26,-07:00,2026-04-24T21:49:26-07:00,2,88
global.js,163,js,4c17c21f,Maxime Chung,2026-04-24,20:09:11,-07:00,2026-04-24T20:09:11-07:00,2,44
global.js,164,js,4c17c21f,Maxime Chung,2026-04-24,20:09:11,-07:00,2026-04-24T20:09:11-07:00,2,30
global.js,165,js,eba26d60,Maxime Chung,2026-04-24,20:31:08,-07:00,2026-04-24T20:31:08-07:00,2,30
global.js,166,js,eba26d60,Maxime Chung,2026-04-24,20:31:08,-07:00,2026-04-24T20:31:08-07:00,0,0
global.js,167,js,d0341851,Maxime Chung,2026-04-24,21:49:26,-07:00,2026-04-24T21:49:26-07:00,2,76
global.js,168,js,d0341851,Maxime Chung,2026-04-24,21:49:26,-07:00,2026-04-24T21:49:26-07:00,2,77
global.js,169,js,d0341851,Maxime Chung,2026-04-24,21:49:26,-07:00,2026-04-24T21:49:26-07:00,2,22
global.js,170,js,d0341851,Maxime Chung,2026-04-24,21:49:26,-07:00,2026-04-24T21:49:26-07:00,2,27
global.js,171,js,d0341851,Maxime Chung,2026-04-24,21:49:26,-07:00,2026-04-24T21:49:26-07:00,3,55
global.js,172,js,d0341851,Maxime Chung,2026-04-24,21:49:26,-07:00,2026-04-24T21:49:26-07:00,4,16
global.js,173,js,d0341851,Maxime Chung,2026-04-24,21:49:26,-07:00,2026-04-24T21:49:26-07:00,4,5
global.js,174,js,d0341851,Maxime Chung,2026-04-24,21:49:26,-07:00,2026-04-24T21:49:26-07:00,0,0
global.js,175,js,d0341851,Maxime Chung,2026-04-24,21:49:26,-07:00,2026-04-24T21:49:26-07:00,2,34
global.js,176,js,d0341851,Maxime Chung,2026-04-24,21:49:26,-07:00,2026-04-24T21:49:26-07:00,2,49
global.js,177,js,eba26d60,Maxime Chung,2026-04-24,20:31:08,-07:00,2026-04-24T20:31:08-07:00,0,0
global.js,178,js,eba26d60,Maxime Chung,2026-04-24,20:31:08,-07:00,2026-04-24T20:31:08-07:00,2,30
global.js,179,js,eba26d60,Maxime Chung,2026-04-24,20:31:08,-07:00,2026-04-24T20:31:08-07:00,3,107
global.js,180,js,eba26d60,Maxime Chung,2026-04-24,20:31:08,-07:00,2026-04-24T20:31:08-07:00,3,36
global.js,181,js,eba26d60,Maxime Chung,2026-04-24,20:31:08,-07:00,2026-04-24T20:31:08-07:00,0,0
global.js,182,js,eba26d60,Maxime Chung,2026-04-24,20:31:08,-07:00,2026-04-24T20:31:08-07:00,2,28
global.js,183,js,eba26d60,Maxime Chung,2026-04-24,20:31:08,-07:00,2026-04-24T20:31:08-07:00,3,109
global.js,184,js,eba26d60,Maxime Chung,2026-04-24,20:31:08,-07:00,2026-04-24T20:31:08-07:00,3,38
global.js,185,js,4c17c21f,Maxime Chung,2026-04-24,20:09:11,-07:00,2026-04-24T20:09:11-07:00,0,0
global.js,186,js,4c17c21f,Maxime Chung,2026-04-24,20:09:11,-07:00,2026-04-24T20:09:11-07:00,2,19
global.js,187,js,eba26d60,Maxime Chung,2026-04-24,20:31:08,-07:00,2026-04-24T20:31:08-07:00,3,12
global.js,188,js,eba26d60,Maxime Chung,2026-04-24,20:31:08,-07:00,2026-04-24T20:31:08-07:00,3,10
global.js,189,js,4c17c21f,Maxime Chung,2026-04-24,20:09:11,-07:00,2026-04-24T20:09:11-07:00,3,24
global.js,190,js,4c17c21f,Maxime Chung,2026-04-24,20:09:11,-07:00,2026-04-24T20:09:11-07:00,4,19
global.js,191,js,4c17c21f,Maxime Chung,2026-04-24,20:09:11,-07:00,2026-04-24T20:09:11-07:00,4,53
global.js,192,js,4c17c21f,Maxime Chung,2026-04-24,20:09:11,-07:00,2026-04-24T20:09:11-07:00,3,4
global.js,193,js,4c17c21f,Maxime Chung,2026-04-24,20:09:11,-07:00,2026-04-24T20:09:11-07:00,2,0
global.js,194,js,4c17c21f,Maxime Chung,2026-04-24,20:09:11,-07:00,2026-04-24T20:09:11-07:00,0,0
global.js,195,js,4c17c21f,Maxime Chung,2026-04-24,20:09:11,-07:00,2026-04-24T20:09:11-07:00,2,36
global.js,196,js,4c17c21f,Maxime Chung,2026-04-24,20:09:11,-07:00,2026-04-24T20:09:11-07:00,1,0
global.js,197,js,4c17c21f,Maxime Chung,2026-04-24,20:09:11,-07:00,2026-04-24T20:09:11-07:00,0,0
global.js,198,js,4c17c21f,Maxime Chung,2026-04-24,20:09:11,-07:00,2026-04-24T20:09:11-07:00,0,0
global.js,199,js,4c17c21f,Maxime Chung,2026-04-24,20:09:11,-07:00,2026-04-24T20:09:11-07:00,0,67
global.js,200,js,4c17c21f,Maxime Chung,2026-04-24,20:09:11,-07:00,2026-04-24T20:09:11-07:00,0,0
global.js,201,js,4c17c21f,Maxime Chung,2026-04-24,20:09:11,-07:00,2026-04-24T20:09:11-07:00,0,47
global.js,202,js,4c17c21f,Maxime Chung,2026-04-24,20:09:11,-07:00,2026-04-24T20:09:11-07:00,1,59
global.js,203,js,4c17c21f,Maxime Chung,2026-04-24,20:09:11,-07:00,2026-04-24T20:09:11-07:00,0,0
global.js,204,js,2bc70f08,Maxime Chung,2026-04-26,15:05:32,-07:00,2026-04-26T15:05:32-07:00,0,0
global.js,205,js,2bc70f08,Maxime Chung,2026-04-26,15:05:32,-07:00,2026-04-26T15:05:32-07:00,0,59
global.js,206,js,2bc70f08,Maxime Chung,2026-04-26,15:05:32,-07:00,2026-04-26T15:05:32-07:00,0,79
global.js,207,js,2bc70f08,Maxime Chung,2026-04-26,15:05:32,-07:00,2026-04-26T15:05:32-07:00,0,79
global.js,208,js,2bc70f08,Maxime Chung,2026-04-26,15:05:32,-07:00,2026-04-26T15:05:32-07:00,0,42
global.js,209,js,2bc70f08,Maxime Chung,2026-04-26,15:05:32,-07:00,2026-04-26T15:05:32-07:00,0,38
global.js,210,js,2bc70f08,Maxime Chung,2026-04-26,15:05:32,-07:00,2026-04-26T15:05:32-07:00,1,3
global.js,211,js,2bc70f08,Maxime Chung,2026-04-26,15:05:32,-07:00,2026-04-26T15:05:32-07:00,2,27
global.js,212,js,2bc70f08,Maxime Chung,2026-04-26,15:05:32,-07:00,2026-04-26T15:05:32-07:00,3,66
global.js,213,js,2bc70f08,Maxime Chung,2026-04-26,15:05:32,-07:00,2026-04-26T15:05:32-07:00,2,0
global.js,214,js,2bc70f08,Maxime Chung,2026-04-26,15:05:32,-07:00,2026-04-26T15:05:32-07:00,2,28
global.js,215,js,2bc70f08,Maxime Chung,2026-04-26,15:05:32,-07:00,2026-04-26T15:05:32-07:00,2,33
global.js,216,js,2bc70f08,Maxime Chung,2026-04-26,15:05:32,-07:00,2026-04-26T15:05:32-07:00,2,24
global.js,217,js,2bc70f08,Maxime Chung,2026-04-26,15:05:32,-07:00,2026-04-26T15:05:32-07:00,1,15
global.js,218,js,2bc70f08,Maxime Chung,2026-04-26,15:05:32,-07:00,2026-04-26T15:05:32-07:00,2,53
global.js,219,js,2bc70f08,Maxime Chung,2026-04-26,15:05:32,-07:00,2026-04-26T15:05:32-07:00,2,10
global.js,220,js,2bc70f08,Maxime Chung,2026-04-26,15:05:32,-07:00,2026-04-26T15:05:32-07:00,1,0
global.js,221,js,2bc70f08,Maxime Chung,2026-04-26,15:05:32,-07:00,2026-04-26T15:05:32-07:00,0,0
projects/projects.js,1,js,4c17c21f,Maxime Chung,2026-04-24,20:09:11,-07:00,2026-04-24T20:09:11-07:00,0,55
projects/projects.js,2,js,b30df589,Maxime Chung,2026-05-01,20:05:03,-07:00,2026-05-01T20:05:03-07:00,0,63
projects/projects.js,3,js,4c17c21f,Maxime Chung,2026-04-24,20:09:11,-07:00,2026-04-24T20:09:11-07:00,0,0
projects/projects.js,4,js,b30df589,Maxime Chung,2026-05-01,20:05:03,-07:00,2026-05-01T20:05:03-07:00,0,32
projects/projects.js,5,js,4c17c21f,Maxime Chung,2026-04-24,20:09:11,-07:00,2026-04-24T20:09:11-07:00,0,55
projects/projects.js,6,js,4c17c21f,Maxime Chung,2026-04-24,20:09:11,-07:00,2026-04-24T20:09:11-07:00,0,60
projects/projects.js,7,js,4c17c21f,Maxime Chung,2026-04-24,20:09:11,-07:00,2026-04-24T20:09:11-07:00,0,0
projects/projects.js,8,js,b30df589,Maxime Chung,2026-05-01,20:05:03,-07:00,2026-05-01T20:05:03-07:00,0,31
projects/projects.js,9,js,4c17c21f,Maxime Chung,2026-04-24,20:09:11,-07:00,2026-04-24T20:09:11-07:00,0,48
projects/projects.js,10,js,4c17c21f,Maxime Chung,2026-04-24,20:09:11,-07:00,2026-04-24T20:09:11-07:00,0,0
projects/projects.js,11,js,b30df589,Maxime Chung,2026-05-01,20:05:03,-07:00,2026-05-01T20:05:03-07:00,0,42
projects/projects.js,12,js,4c17c21f,Maxime Chung,2026-04-24,20:09:11,-07:00,2026-04-24T20:09:11-07:00,0,62
projects/projects.js,13,js,4c17c21f,Maxime Chung,2026-04-24,20:09:11,-07:00,2026-04-24T20:09:11-07:00,0,18
projects/projects.js,14,js,4c17c21f,Maxime Chung,2026-04-24,20:09:11,-07:00,2026-04-24T20:09:11-07:00,1,58
projects/projects.js,15,js,4c17c21f,Maxime Chung,2026-04-24,20:09:11,-07:00,2026-04-24T20:09:11-07:00,1,48
projects/projects.js,16,js,4c17c21f,Maxime Chung,2026-04-24,20:09:11,-07:00,2026-04-24T20:09:11-07:00,0,0
projects/projects.js,17,js,82a74345,Maxime Chung,2026-04-30,20:42:04,-07:00,2026-04-30T20:42:04-07:00,0,0
projects/projects.js,18,js,b30df589,Maxime Chung,2026-05-01,20:05:03,-07:00,2026-05-01T20:05:03-07:00,0,35
projects/projects.js,19,js,b30df589,Maxime Chung,2026-05-01,20:05:03,-07:00,2026-05-01T20:05:03-07:00,0,49
projects/projects.js,20,js,b30df589,Maxime Chung,2026-05-01,20:05:03,-07:00,2026-05-01T20:05:03-07:00,0,59
projects/projects.js,21,js,b30df589,Maxime Chung,2026-05-01,20:05:03,-07:00,2026-05-01T20:05:03-07:00,0,52
projects/projects.js,22,js,b30df589,Maxime Chung,2026-05-01,20:05:03,-07:00,2026-05-01T20:05:03-07:00,0,0
projects/projects.js,23,js,b30df589,Maxime Chung,2026-05-01,20:05:03,-07:00,2026-05-01T20:05:03-07:00,0,21
projects/projects.js,24,js,b30df589,Maxime Chung,2026-05-01,20:05:03,-07:00,2026-05-01T20:05:03-07:00,0,13
projects/projects.js,25,js,b30df589,Maxime Chung,2026-05-01,20:05:03,-07:00,2026-05-01T20:05:03-07:00,0,0
projects/projects.js,26,js,b30df589,Maxime Chung,2026-05-01,20:05:03,-07:00,2026-05-01T20:05:03-07:00,0,38
projects/projects.js,27,js,b30df589,Maxime Chung,2026-05-01,20:05:03,-07:00,2026-05-01T20:05:03-07:00,1,33
projects/projects.js,28,js,b30df589,Maxime Chung,2026-05-01,20:05:03,-07:00,2026-05-01T20:05:03-07:00,1,28
projects/projects.js,29,js,b30df589,Maxime Chung,2026-05-01,20:05:03,-07:00,2026-05-01T20:05:03-07:00,2,12
projects/projects.js,30,js,b30df589,Maxime Chung,2026-05-01,20:05:03,-07:00,2026-05-01T20:05:03-07:00,2,14
projects/projects.js,31,js,b30df589,Maxime Chung,2026-05-01,20:05:03,-07:00,2026-05-01T20:05:03-07:00,2,12
projects/projects.js,32,js,b30df589,Maxime Chung,2026-05-01,20:05:03,-07:00,2026-05-01T20:05:03-07:00,1,0
projects/projects.js,33,js,b30df589,Maxime Chung,2026-05-01,20:05:03,-07:00,2026-05-01T20:05:03-07:00,0,0
projects/projects.js,34,js,b30df589,Maxime Chung,2026-05-01,20:05:03,-07:00,2026-05-01T20:05:03-07:00,1,28
projects/projects.js,35,js,b30df589,Maxime Chung,2026-05-01,20:05:03,-07:00,2026-05-01T20:05:03-07:00,1,47
projects/projects.js,36,js,b30df589,Maxime Chung,2026-05-01,20:05:03,-07:00,2026-05-01T20:05:03-07:00,2,11
projects/projects.js,37,js,b30df589,Maxime Chung,2026-05-01,20:05:03,-07:00,2026-05-01T20:05:03-07:00,2,10
projects/projects.js,38,js,b30df589,Maxime Chung,2026-05-01,20:05:03,-07:00,2026-05-01T20:05:03-07:00,1,2
projects/projects.js,39,js,b30df589,Maxime Chung,2026-05-01,20:05:03,-07:00,2026-05-01T20:05:03-07:00,0,0
projects/projects.js,40,js,b30df589,Maxime Chung,2026-05-01,20:05:03,-07:00,2026-05-01T20:05:03-07:00,1,24
projects/projects.js,41,js,b30df589,Maxime Chung,2026-05-01,20:05:03,-07:00,2026-05-01T20:05:03-07:00,1,35
projects/projects.js,42,js,b30df589,Maxime Chung,2026-05-01,20:05:03,-07:00,2026-05-01T20:05:03-07:00,1,47
projects/projects.js,43,js,b30df589,Maxime Chung,2026-05-01,20:05:03,-07:00,2026-05-01T20:05:03-07:00,0,0
projects/projects.js,44,js,b30df589,Maxime Chung,2026-05-01,20:05:03,-07:00,2026-05-01T20:05:03-07:00,1,28
projects/projects.js,45,js,b30df589,Maxime Chung,2026-05-01,20:05:03,-07:00,2026-05-01T20:05:03-07:00,1,42
projects/projects.js,46,js,b30df589,Maxime Chung,2026-05-01,20:05:03,-07:00,2026-05-01T20:05:03-07:00,1,29
projects/projects.js,47,js,b30df589,Maxime Chung,2026-05-01,20:05:03,-07:00,2026-05-01T20:05:03-07:00,0,0
projects/projects.js,48,js,b30df589,Maxime Chung,2026-05-01,20:05:03,-07:00,2026-05-01T20:05:03-07:00,1,34
projects/projects.js,49,js,b30df589,Maxime Chung,2026-05-01,20:05:03,-07:00,2026-05-01T20:05:03-07:00,1,30
projects/projects.js,50,js,b30df589,Maxime Chung,2026-05-01,20:05:03,-07:00,2026-05-01T20:05:03-07:00,0,0
projects/projects.js,51,js,b30df589,Maxime Chung,2026-05-01,20:05:03,-07:00,2026-05-01T20:05:03-07:00,1,53
projects/projects.js,52,js,b30df589,Maxime Chung,2026-05-01,20:05:03,-07:00,2026-05-01T20:05:03-07:00,1,33
projects/projects.js,53,js,b30df589,Maxime Chung,2026-05-01,20:05:03,-07:00,2026-05-01T20:05:03-07:00,2,17
projects/projects.js,54,js,b30df589,Maxime Chung,2026-05-01,20:05:03,-07:00,2026-05-01T20:05:03-07:00,1,0
projects/projects.js,55,js,b30df589,Maxime Chung,2026-05-01,20:05:03,-07:00,2026-05-01T20:05:03-07:00,0,0
projects/projects.js,56,js,b30df589,Maxime Chung,2026-05-01,20:05:03,-07:00,2026-05-01T20:05:03-07:00,1,12
projects/projects.js,57,js,b30df589,Maxime Chung,2026-05-01,20:05:03,-07:00,2026-05-01T20:05:03-07:00,1,24
projects/projects.js,58,js,b30df589,Maxime Chung,2026-05-01,20:05:03,-07:00,2026-05-01T20:05:03-07:00,2,1
projects/projects.js,59,js,b30df589,Maxime Chung,2026-05-01,20:05:03,-07:00,2026-05-01T20:05:03-07:00,3,13
projects/projects.js,60,js,b30df589,Maxime Chung,2026-05-01,20:05:03,-07:00,2026-05-01T20:05:03-07:00,3,13
projects/projects.js,61,js,b30df589,Maxime Chung,2026-05-01,20:05:03,-07:00,2026-05-01T20:05:03-07:00,3,22
projects/projects.js,62,js,b30df589,Maxime Chung,2026-05-01,20:05:03,-07:00,2026-05-01T20:05:03-07:00,3,18
projects/projects.js,63,js,b30df589,Maxime Chung,2026-05-01,20:05:03,-07:00,2026-05-01T20:05:03-07:00,4,43
projects/projects.js,64,js,b30df589,Maxime Chung,2026-05-01,20:05:03,-07:00,2026-05-01T20:05:03-07:00,0,0
projects/projects.js,65,js,b30df589,Maxime Chung,2026-05-01,20:05:03,-07:00,2026-05-01T20:05:03-07:00,4,1
projects/projects.js,66,js,b30df589,Maxime Chung,2026-05-01,20:05:03,-07:00,2026-05-01T20:05:03-07:00,5,16
projects/projects.js,67,js,b30df589,Maxime Chung,2026-05-01,20:05:03,-07:00,2026-05-01T20:05:03-07:00,5,68
projects/projects.js,68,js,b30df589,Maxime Chung,2026-05-01,20:05:03,-07:00,2026-05-01T20:05:03-07:00,0,0
projects/projects.js,69,js,b30df589,Maxime Chung,2026-05-01,20:05:03,-07:00,2026-05-01T20:05:03-07:00,4,4
projects/projects.js,70,js,b30df589,Maxime Chung,2026-05-01,20:05:03,-07:00,2026-05-01T20:05:03-07:00,5,14
projects/projects.js,71,js,b30df589,Maxime Chung,2026-05-01,20:05:03,-07:00,2026-05-01T20:05:03-07:00,5,24
projects/projects.js,72,js,b30df589,Maxime Chung,2026-05-01,20:05:03,-07:00,2026-05-01T20:05:03-07:00,6,61
projects/projects.js,73,js,b30df589,Maxime Chung,2026-05-01,20:05:03,-07:00,2026-05-01T20:05:03-07:00,5,0
projects/projects.js,74,js,b30df589,Maxime Chung,2026-05-01,20:05:03,-07:00,2026-05-01T20:05:03-07:00,0,0
projects/projects.js,75,js,b30df589,Maxime Chung,2026-05-01,20:05:03,-07:00,2026-05-01T20:05:03-07:00,4,17
projects/projects.js,76,js,b30df589,Maxime Chung,2026-05-01,20:05:03,-07:00,2026-05-01T20:05:03-07:00,3,1
projects/projects.js,77,js,b30df589,Maxime Chung,2026-05-01,20:05:03,-07:00,2026-05-01T20:05:03-07:00,1,1
projects/projects.js,78,js,b30df589,Maxime Chung,2026-05-01,20:05:03,-07:00,2026-05-01T20:05:03-07:00,0,0
projects/projects.js,79,js,b30df589,Maxime Chung,2026-05-01,20:05:03,-07:00,2026-05-01T20:05:03-07:00,1,12
projects/projects.js,80,js,b30df589,Maxime Chung,2026-05-01,20:05:03,-07:00,2026-05-01T20:05:03-07:00,1,24
projects/projects.js,81,js,b30df589,Maxime Chung,2026-05-01,20:05:03,-07:00,2026-05-01T20:05:03-07:00,2,4
projects/projects.js,82,js,b30df589,Maxime Chung,2026-05-01,20:05:03,-07:00,2026-05-01T20:05:03-07:00,3,11
projects/projects.js,83,js,b30df589,Maxime Chung,2026-05-01,20:05:03,-07:00,2026-05-01T20:05:03-07:00,3,27
projects/projects.js,84,js,b30df589,Maxime Chung,2026-05-01,20:05:03,-07:00,2026-05-01T20:05:03-07:00,3,38
projects/projects.js,85,js,b30df589,Maxime Chung,2026-05-01,20:05:03,-07:00,2026-05-01T20:05:03-07:00,3,69
projects/projects.js,86,js,b30df589,Maxime Chung,2026-05-01,20:05:03,-07:00,2026-05-01T20:05:03-07:00,1,1
projects/projects.js,87,js,b30df589,Maxime Chung,2026-05-01,20:05:03,-07:00,2026-05-01T20:05:03-07:00,0,0
projects/projects.js,88,js,b30df589,Maxime Chung,2026-05-01,20:05:03,-07:00,2026-05-01T20:05:03-07:00,1,55
projects/projects.js,89,js,b30df589,Maxime Chung,2026-05-01,20:05:03,-07:00,2026-05-01T20:05:03-07:00,1,25
projects/projects.js,90,js,b30df589,Maxime Chung,2026-05-01,20:05:03,-07:00,2026-05-01T20:05:03-07:00,2,1
projects/projects.js,91,js,b30df589,Maxime Chung,2026-05-01,20:05:03,-07:00,2026-05-01T20:05:03-07:00,3,16
projects/projects.js,92,js,b30df589,Maxime Chung,2026-05-01,20:05:03,-07:00,2026-05-01T20:05:03-07:00,3,68
projects/projects.js,93,js,b30df589,Maxime Chung,2026-05-01,20:05:03,-07:00,2026-05-01T20:05:03-07:00,2,4
projects/projects.js,94,js,b30df589,Maxime Chung,2026-05-01,20:05:03,-07:00,2026-05-01T20:05:03-07:00,3,14
projects/projects.js,95,js,b30df589,Maxime Chung,2026-05-01,20:05:03,-07:00,2026-05-01T20:05:03-07:00,3,24
projects/projects.js,96,js,b30df589,Maxime Chung,2026-05-01,20:05:03,-07:00,2026-05-01T20:05:03-07:00,4,61
projects/projects.js,97,js,b30df589,Maxime Chung,2026-05-01,20:05:03,-07:00,2026-05-01T20:05:03-07:00,3,0
projects/projects.js,98,js,b30df589,Maxime Chung,2026-05-01,20:05:03,-07:00,2026-05-01T20:05:03-07:00,1,0
projects/projects.js,99,js,b30df589,Maxime Chung,2026-05-01,20:05:03,-07:00,2026-05-01T20:05:03-07:00,0,0
projects/projects.js,100,js,b30df589,Maxime Chung,2026-05-01,20:05:03,-07:00,2026-05-01T20:05:03-07:00,0,0
projects/projects.js,101,js,b30df589,Maxime Chung,2026-05-01,20:05:03,-07:00,2026-05-01T20:05:03-07:00,0,32
projects/projects.js,102,js,b30df589,Maxime Chung,2026-05-01,20:05:03,-07:00,2026-05-01T20:05:03-07:00,0,71
projects/projects.js,103,js,b30df589,Maxime Chung,2026-05-01,20:05:03,-07:00,2026-05-01T20:05:03-07:00,0,75
projects/projects.js,104,js,b30df589,Maxime Chung,2026-05-01,20:05:03,-07:00,2026-05-01T20:05:03-07:00,0,74
projects/projects.js,105,js,b30df589,Maxime Chung,2026-05-01,20:05:03,-07:00,2026-05-01T20:05:03-07:00,0,73
projects/projects.js,106,js,b30df589,Maxime Chung,2026-05-01,20:05:03,-07:00,2026-05-01T20:05:03-07:00,0,8
projects/projects.js,107,js,b30df589,Maxime Chung,2026-05-01,20:05:03,-07:00,2026-05-01T20:05:03-07:00,0,23
projects/projects.js,108,js,b30df589,Maxime Chung,2026-05-01,20:05:03,-07:00,2026-05-01T20:05:03-07:00,1,51
projects/projects.js,109,js,b30df589,Maxime Chung,2026-05-01,20:05:03,-07:00,2026-05-01T20:05:03-07:00,1,50
projects/projects.js,110,js,b30df589,Maxime Chung,2026-05-01,20:05:03,-07:00,2026-05-01T20:05:03-07:00,2,61
projects/projects.js,111,js,b30df589,Maxime Chung,2026-05-01,20:05:03,-07:00,2026-05-01T20:05:03-07:00,2,42
projects/projects.js,112,js,b30df589,Maxime Chung,2026-05-01,20:05:03,-07:00,2026-05-01T20:05:03-07:00,1,1
projects/projects.js,113,js,b30df589,Maxime Chung,2026-05-01,20:05:03,-07:00,2026-05-01T20:05:03-07:00,0,0
projects/projects.js,114,js,b30df589,Maxime Chung,2026-05-01,20:05:03,-07:00,2026-05-01T20:05:03-07:00,1,66
projects/projects.js,115,js,b30df589,Maxime Chung,2026-05-01,20:05:03,-07:00,2026-05-01T20:05:03-07:00,1,70
projects/projects.js,116,js,b30df589,Maxime Chung,2026-05-01,20:05:03,-07:00,2026-05-01T20:05:03-07:00,1,59
projects/projects.js,117,js,b30df589,Maxime Chung,2026-05-01,20:05:03,-07:00,2026-05-01T20:05:03-07:00,1,32
projects/projects.js,118,js,b30df589,Maxime Chung,2026-05-01,20:05:03,-07:00,2026-05-01T20:05:03-07:00,0,0
projects/projects.js,119,js,b30df589,Maxime Chung,2026-05-01,20:05:03,-07:00,2026-05-01T20:05:03-07:00,1,25
projects/projects.js,120,js,b30df589,Maxime Chung,2026-05-01,20:05:03,-07:00,2026-05-01T20:05:03-07:00,2,24
projects/projects.js,121,js,b30df589,Maxime Chung,2026-05-01,20:05:03,-07:00,2026-05-01T20:05:03-07:00,3,12
projects/projects.js,122,js,b30df589,Maxime Chung,2026-05-01,20:05:03,-07:00,2026-05-01T20:05:03-07:00,3,14
projects/projects.js,123,js,b30df589,Maxime Chung,2026-05-01,20:05:03,-07:00,2026-05-01T20:05:03-07:00,3,12
projects/projects.js,124,js,b30df589,Maxime Chung,2026-05-01,20:05:03,-07:00,2026-05-01T20:05:03-07:00,2,0
projects/projects.js,125,js,b30df589,Maxime Chung,2026-05-01,20:05:03,-07:00,2026-05-01T20:05:03-07:00,2,46
projects/projects.js,126,js,b30df589,Maxime Chung,2026-05-01,20:05:03,-07:00,2026-05-01T20:05:03-07:00,3,11
projects/projects.js,127,js,b30df589,Maxime Chung,2026-05-01,20:05:03,-07:00,2026-05-01T20:05:03-07:00,3,10
projects/projects.js,128,js,b30df589,Maxime Chung,2026-05-01,20:05:03,-07:00,2026-05-01T20:05:03-07:00,2,2
projects/projects.js,129,js,b30df589,Maxime Chung,2026-05-01,20:05:03,-07:00,2026-05-01T20:05:03-07:00,2,38
projects/projects.js,130,js,b30df589,Maxime Chung,2026-05-01,20:05:03,-07:00,2026-05-01T20:05:03-07:00,2,13
projects/projects.js,131,js,b30df589,Maxime Chung,2026-05-01,20:05:03,-07:00,2026-05-01T20:05:03-07:00,3,35
projects/projects.js,132,js,b30df589,Maxime Chung,2026-05-01,20:05:03,-07:00,2026-05-01T20:05:03-07:00,4,47
projects/projects.js,133,js,b30df589,Maxime Chung,2026-05-01,20:05:03,-07:00,2026-05-01T20:05:03-07:00,3,0
projects/projects.js,134,js,b30df589,Maxime Chung,2026-05-01,20:05:03,-07:00,2026-05-01T20:05:03-07:00,2,0
projects/projects.js,135,js,b30df589,Maxime Chung,2026-05-01,20:05:03,-07:00,2026-05-01T20:05:03-07:00,1,0
projects/projects.js,136,js,b30df589,Maxime Chung,2026-05-01,20:05:03,-07:00,2026-05-01T20:05:03-07:00,0,0
projects/projects.js,137,js,b30df589,Maxime Chung,2026-05-01,20:05:03,-07:00,2026-05-01T20:05:03-07:00,1,53
projects/projects.js,138,js,82a74345,Maxime Chung,2026-04-30,20:42:04,-07:00,2026-04-30T20:42:04-07:00,0,0
projects/projects.js,139,js,b30df589,Maxime Chung,2026-05-01,20:05:03,-07:00,2026-05-01T20:05:03-07:00,0,0
projects/projects.js,140,js,b30df589,Maxime Chung,2026-05-01,20:05:03,-07:00,2026-05-01T20:05:03-07:00,0,33
projects/projects.js,141,js,b30df589,Maxime Chung,2026-05-01,20:05:03,-07:00,2026-05-01T20:05:03-07:00,0,55
projects/projects.js,142,js,b30df589,Maxime Chung,2026-05-01,20:05:03,-07:00,2026-05-01T20:05:03-07:00,0,48
projects/projects.js,143,js,b30df589,Maxime Chung,2026-05-01,20:05:03,-07:00,2026-05-01T20:05:03-07:00,1,25
projects/projects.js,144,js,b30df589,Maxime Chung,2026-05-01,20:05:03,-07:00,2026-05-01T20:05:03-07:00,0,0
projects/projects.js,145,js,b30df589,Maxime Chung,2026-05-01,20:05:03,-07:00,2026-05-01T20:05:03-07:00,1,71
projects/projects.js,146,js,b30df589,Maxime Chung,2026-05-01,20:05:03,-07:00,2026-05-01T20:05:03-07:00,1,72
projects/projects.js,147,js,b30df589,Maxime Chung,2026-05-01,20:05:03,-07:00,2026-05-01T20:05:03-07:00,1,17
projects/projects.js,148,js,b30df589,Maxime Chung,2026-05-01,20:05:03,-07:00,2026-05-01T20:05:03-07:00,0,0
projects/projects.js,149,js,b30df589,Maxime Chung,2026-05-01,20:05:03,-07:00,2026-05-01T20:05:03-07:00,1,56
projects/projects.js,150,js,b30df589,Maxime Chung,2026-05-01,20:05:03,-07:00,2026-05-01T20:05:03-07:00,1,53
projects/projects.js,151,js,b30df589,Maxime Chung,2026-05-01,20:05:03,-07:00,2026-05-01T20:05:03-07:00,2,61
projects/projects.js,152,js,b30df589,Maxime Chung,2026-05-01,20:05:03,-07:00,2026-05-01T20:05:03-07:00,2,42
projects/projects.js,153,js,b30df589,Maxime Chung,2026-05-01,20:05:03,-07:00,2026-05-01T20:05:03-07:00,1,1
projects/projects.js,154,js,b30df589,Maxime Chung,2026-05-01,20:05:03,-07:00,2026-05-01T20:05:03-07:00,0,0
projects/projects.js,155,js,b30df589,Maxime Chung,2026-05-01,20:05:03,-07:00,2026-05-01T20:05:03-07:00,1,56
projects/projects.js,156,js,b30df589,Maxime Chung,2026-05-01,20:05:03,-07:00,2026-05-01T20:05:03-07:00,1,31
projects/projects.js,157,js,b30df589,Maxime Chung,2026-05-01,20:05:03,-07:00,2026-05-01T20:05:03-07:00,0,1
projects/projects.js,158,js,b30df589,Maxime Chung,2026-05-01,20:05:03,-07:00,2026-05-01T20:05:03-07:00,0,0
projects/projects.js,159,js,b30df589,Maxime Chung,2026-05-01,20:05:03,-07:00,2026-05-01T20:05:03-07:00,0,37
projects/projects.js,160,js,b30df589,Maxime Chung,2026-05-01,20:05:03,-07:00,2026-05-01T20:05:03-07:00,0,23
projects/part_c_teaching_video_modified_v8.html,1,html,6450bbbd,bigmacchung,2026-04-24,14:33:59,-07:00,2026-04-24T14:33:59-07:00,0,13
projects/part_c_teaching_video_modified_v8.html,2,html,6450bbbd,bigmacchung,2026-04-24,14:33:59,-07:00,2026-04-24T14:33:59-07:00,0,14
projects/part_c_teaching_video_modified_v8.html,3,html,6450bbbd,bigmacchung,2026-04-24,14:33:59,-07:00,2026-04-24T14:33:59-07:00,0,4
projects/part_c_teaching_video_modified_v8.html,4,html,6450bbbd,bigmacchung,2026-04-24,14:33:59,-07:00,2026-04-24T14:33:59-07:00,0,20
projects/part_c_teaching_video_modified_v8.html,5,html,6450bbbd,bigmacchung,2026-04-24,14:33:59,-07:00,2026-04-24T14:33:59-07:00,0,50
projects/part_c_teaching_video_modified_v8.html,6,html,6450bbbd,bigmacchung,2026-04-24,14:33:59,-07:00,2026-04-24T14:33:59-07:00,0,5
projects/part_c_teaching_video_modified_v8.html,7,html,6450bbbd,bigmacchung,2026-04-24,14:33:59,-07:00,2026-04-24T14:33:59-07:00,1,5
projects/part_c_teaching_video_modified_v8.html,8,html,6450bbbd,bigmacchung,2026-04-24,14:33:59,-07:00,2026-04-24T14:33:59-07:00,2,12
projects/part_c_teaching_video_modified_v8.html,9,html,6450bbbd,bigmacchung,2026-04-24,14:33:59,-07:00,2026-04-24T14:33:59-07:00,2,15
projects/part_c_teaching_video_modified_v8.html,10,html,6450bbbd,bigmacchung,2026-04-24,14:33:59,-07:00,2026-04-24T14:33:59-07:00,2,14
projects/part_c_teaching_video_modified_v8.html,11,html,6450bbbd,bigmacchung,2026-04-24,14:33:59,-07:00,2026-04-24T14:33:59-07:00,2,15
projects/part_c_teaching_video_modified_v8.html,12,html,6450bbbd,bigmacchung,2026-04-24,14:33:59,-07:00,2026-04-24T14:33:59-07:00,2,16
projects/part_c_teaching_video_modified_v8.html,13,html,6450bbbd,bigmacchung,2026-04-24,14:33:59,-07:00,2026-04-24T14:33:59-07:00,2,21
projects/part_c_teaching_video_modified_v8.html,14,html,6450bbbd,bigmacchung,2026-04-24,14:33:59,-07:00,2026-04-24T14:33:59-07:00,2,16
projects/part_c_teaching_video_modified_v8.html,15,html,6450bbbd,bigmacchung,2026-04-24,14:33:59,-07:00,2026-04-24T14:33:59-07:00,2,14
projects/part_c_teaching_video_modified_v8.html,16,html,6450bbbd,bigmacchung,2026-04-24,14:33:59,-07:00,2026-04-24T14:33:59-07:00,2,14
projects/part_c_teaching_video_modified_v8.html,17,html,6450bbbd,bigmacchung,2026-04-24,14:33:59,-07:00,2026-04-24T14:33:59-07:00,2,16
projects/part_c_teaching_video_modified_v8.html,18,html,6450bbbd,bigmacchung,2026-04-24,14:33:59,-07:00,2026-04-24T14:33:59-07:00,2,14
projects/part_c_teaching_video_modified_v8.html,19,html,6450bbbd,bigmacchung,2026-04-24,14:33:59,-07:00,2026-04-24T14:33:59-07:00,2,16
projects/part_c_teaching_video_modified_v8.html,20,html,6450bbbd,bigmacchung,2026-04-24,14:33:59,-07:00,2026-04-24T14:33:59-07:00,1,0
projects/part_c_teaching_video_modified_v8.html,21,html,6450bbbd,bigmacchung,2026-04-24,14:33:59,-07:00,2026-04-24T14:33:59-07:00,1,27
projects/part_c_teaching_video_modified_v8.html,22,html,6450bbbd,bigmacchung,2026-04-24,14:33:59,-07:00,2026-04-24T14:33:59-07:00,1,10
projects/part_c_teaching_video_modified_v8.html,23,html,6450bbbd,bigmacchung,2026-04-24,14:33:59,-07:00,2026-04-24T14:33:59-07:00,2,20
projects/part_c_teaching_video_modified_v8.html,24,html,6450bbbd,bigmacchung,2026-04-24,14:33:59,-07:00,2026-04-24T14:33:59-07:00,2,20
projects/part_c_teaching_video_modified_v8.html,25,html,6450bbbd,bigmacchung,2026-04-24,14:33:59,-07:00,2026-04-24T14:33:59-07:00,2,17
projects/part_c_teaching_video_modified_v8.html,26,html,6450bbbd,bigmacchung,2026-04-24,14:33:59,-07:00,2026-04-24T14:33:59-07:00,2,56
projects/part_c_teaching_video_modified_v8.html,27,html,6450bbbd,bigmacchung,2026-04-24,14:33:59,-07:00,2026-04-24T14:33:59-07:00,2,11
projects/part_c_teaching_video_modified_v8.html,28,html,6450bbbd,bigmacchung,2026-04-24,14:33:59,-07:00,2026-04-24T14:33:59-07:00,2,15
projects/part_c_teaching_video_modified_v8.html,29,html,6450bbbd,bigmacchung,2026-04-24,14:33:59,-07:00,2026-04-24T14:33:59-07:00,1,0
projects/part_c_teaching_video_modified_v8.html,30,html,6450bbbd,bigmacchung,2026-04-24,14:33:59,-07:00,2026-04-24T14:33:59-07:00,1,71
projects/part_c_teaching_video_modified_v8.html,31,html,6450bbbd,bigmacchung,2026-04-24,14:33:59,-07:00,2026-04-24T14:33:59-07:00,0,0
projects/part_c_teaching_video_modified_v8.html,32,html,6450bbbd,bigmacchung,2026-04-24,14:33:59,-07:00,2026-04-24T14:33:59-07:00,1,6
projects/part_c_teaching_video_modified_v8.html,33,html,6450bbbd,bigmacchung,2026-04-24,14:33:59,-07:00,2026-04-24T14:33:59-07:00,2,65
projects/part_c_teaching_video_modified_v8.html,34,html,6450bbbd,bigmacchung,2026-04-24,14:33:59,-07:00,2026-04-24T14:33:59-07:00,2,17
projects/part_c_teaching_video_modified_v8.html,35,html,6450bbbd,bigmacchung,2026-04-24,14:33:59,-07:00,2026-04-24T14:33:59-07:00,2,23
projects/part_c_teaching_video_modified_v8.html,36,html,6450bbbd,bigmacchung,2026-04-24,14:33:59,-07:00,2026-04-24T14:33:59-07:00,2,37
projects/part_c_teaching_video_modified_v8.html,37,html,6450bbbd,bigmacchung,2026-04-24,14:33:59,-07:00,2026-04-24T14:33:59-07:00,1,0
projects/part_c_teaching_video_modified_v8.html,38,html,6450bbbd,bigmacchung,2026-04-24,14:33:59,-07:00,2026-04-24T14:33:59-07:00,1,6
projects/part_c_teaching_video_modified_v8.html,39,html,6450bbbd,bigmacchung,2026-04-24,14:33:59,-07:00,2026-04-24T14:33:59-07:00,2,77
projects/part_c_teaching_video_modified_v8.html,40,html,6450bbbd,bigmacchung,2026-04-24,14:33:59,-07:00,2026-04-24T14:33:59-07:00,1,0
projects/part_c_teaching_video_modified_v8.html,41,html,6450bbbd,bigmacchung,2026-04-24,14:33:59,-07:00,2026-04-24T14:33:59-07:00,1,70
projects/part_c_teaching_video_modified_v8.html,42,html,6450bbbd,bigmacchung,2026-04-24,14:33:59,-07:00,2026-04-24T14:33:59-07:00,1,95
projects/part_c_teaching_video_modified_v8.html,43,html,6450bbbd,bigmacchung,2026-04-24,14:33:59,-07:00,2026-04-24T14:33:59-07:00,1,4
projects/part_c_teaching_video_modified_v8.html,44,html,6450bbbd,bigmacchung,2026-04-24,14:33:59,-07:00,2026-04-24T14:33:59-07:00,2,42
projects/part_c_teaching_video_modified_v8.html,45,html,6450bbbd,bigmacchung,2026-04-24,14:33:59,-07:00,2026-04-24T14:33:59-07:00,2,30
projects/part_c_teaching_video_modified_v8.html,46,html,6450bbbd,bigmacchung,2026-04-24,14:33:59,-07:00,2026-04-24T14:33:59-07:00,2,36
projects/part_c_teaching_video_modified_v8.html,47,html,6450bbbd,bigmacchung,2026-04-24,14:33:59,-07:00,2026-04-24T14:33:59-07:00,2,31
projects/part_c_teaching_video_modified_v8.html,48,html,6450bbbd,bigmacchung,2026-04-24,14:33:59,-07:00,2026-04-24T14:33:59-07:00,2,27
projects/part_c_teaching_video_modified_v8.html,49,html,6450bbbd,bigmacchung,2026-04-24,14:33:59,-07:00,2026-04-24T14:33:59-07:00,1,0
projects/part_c_teaching_video_modified_v8.html,50,html,6450bbbd,bigmacchung,2026-04-24,14:33:59,-07:00,2026-04-24T14:33:59-07:00,1,39
projects/part_c_teaching_video_modified_v8.html,51,html,6450bbbd,bigmacchung,2026-04-24,14:33:59,-07:00,2026-04-24T14:33:59-07:00,1,75
projects/part_c_teaching_video_modified_v8.html,52,html,6450bbbd,bigmacchung,2026-04-24,14:33:59,-07:00,2026-04-24T14:33:59-07:00,0,0
projects/part_c_teaching_video_modified_v8.html,53,html,6450bbbd,bigmacchung,2026-04-24,14:33:59,-07:00,2026-04-24T14:33:59-07:00,1,4
projects/part_c_teaching_video_modified_v8.html,54,html,6450bbbd,bigmacchung,2026-04-24,14:33:59,-07:00,2026-04-24T14:33:59-07:00,2,12
projects/part_c_teaching_video_modified_v8.html,55,html,6450bbbd,bigmacchung,2026-04-24,14:33:59,-07:00,2026-04-24T14:33:59-07:00,2,31
projects/part_c_teaching_video_modified_v8.html,56,html,6450bbbd,bigmacchung,2026-04-24,14:33:59,-07:00,2026-04-24T14:33:59-07:00,2,15
projects/part_c_teaching_video_modified_v8.html,57,html,6450bbbd,bigmacchung,2026-04-24,14:33:59,-07:00,2026-04-24T14:33:59-07:00,1,0
projects/part_c_teaching_video_modified_v8.html,58,html,6450bbbd,bigmacchung,2026-04-24,14:33:59,-07:00,2026-04-24T14:33:59-07:00,1,49
projects/part_c_teaching_video_modified_v8.html,59,html,6450bbbd,bigmacchung,2026-04-24,14:33:59,-07:00,2026-04-24T14:33:59-07:00,1,41
projects/part_c_teaching_video_modified_v8.html,60,html,6450bbbd,bigmacchung,2026-04-24,14:33:59,-07:00,2026-04-24T14:33:59-07:00,0,0
projects/part_c_teaching_video_modified_v8.html,61,html,6450bbbd,bigmacchung,2026-04-24,14:33:59,-07:00,2026-04-24T14:33:59-07:00,1,11
projects/part_c_teaching_video_modified_v8.html,62,html,6450bbbd,bigmacchung,2026-04-24,14:33:59,-07:00,2026-04-24T14:33:59-07:00,2,17
projects/part_c_teaching_video_modified_v8.html,63,html,6450bbbd,bigmacchung,2026-04-24,14:33:59,-07:00,2026-04-24T14:33:59-07:00,2,13
projects/part_c_teaching_video_modified_v8.html,64,html,6450bbbd,bigmacchung,2026-04-24,14:33:59,-07:00,2026-04-24T14:33:59-07:00,2,17
projects/part_c_teaching_video_modified_v8.html,65,html,6450bbbd,bigmacchung,2026-04-24,14:33:59,-07:00,2026-04-24T14:33:59-07:00,2,12
projects/part_c_teaching_video_modified_v8.html,66,html,6450bbbd,bigmacchung,2026-04-24,14:33:59,-07:00,2026-04-24T14:33:59-07:00,2,18
projects/part_c_teaching_video_modified_v8.html,67,html,6450bbbd,bigmacchung,2026-04-24,14:33:59,-07:00,2026-04-24T14:33:59-07:00,2,22
projects/part_c_teaching_video_modified_v8.html,68,html,6450bbbd,bigmacchung,2026-04-24,14:33:59,-07:00,2026-04-24T14:33:59-07:00,1,0
projects/part_c_teaching_video_modified_v8.html,69,html,6450bbbd,bigmacchung,2026-04-24,14:33:59,-07:00,2026-04-24T14:33:59-07:00,1,83
projects/part_c_teaching_video_modified_v8.html,70,html,6450bbbd,bigmacchung,2026-04-24,14:33:59,-07:00,2026-04-24T14:33:59-07:00,1,31
projects/part_c_teaching_video_modified_v8.html,71,html,6450bbbd,bigmacchung,2026-04-24,14:33:59,-07:00,2026-04-24T14:33:59-07:00,1,102
projects/part_c_teaching_video_modified_v8.html,72,html,6450bbbd,bigmacchung,2026-04-24,14:33:59,-07:00,2026-04-24T14:33:59-07:00,0,0
projects/part_c_teaching_video_modified_v8.html,73,html,6450bbbd,bigmacchung,2026-04-24,14:33:59,-07:00,2026-04-24T14:33:59-07:00,1,82
projects/part_c_teaching_video_modified_v8.html,74,html,6450bbbd,bigmacchung,2026-04-24,14:33:59,-07:00,2026-04-24T14:33:59-07:00,1,55
projects/part_c_teaching_video_modified_v8.html,75,html,6450bbbd,bigmacchung,2026-04-24,14:33:59,-07:00,2026-04-24T14:33:59-07:00,1,14
projects/part_c_teaching_video_modified_v8.html,76,html,6450bbbd,bigmacchung,2026-04-24,14:33:59,-07:00,2026-04-24T14:33:59-07:00,2,68
projects/part_c_teaching_video_modified_v8.html,77,html,6450bbbd,bigmacchung,2026-04-24,14:33:59,-07:00,2026-04-24T14:33:59-07:00,2,55
projects/part_c_teaching_video_modified_v8.html,78,html,6450bbbd,bigmacchung,2026-04-24,14:33:59,-07:00,2026-04-24T14:33:59-07:00,1,0
projects/part_c_teaching_video_modified_v8.html,79,html,6450bbbd,bigmacchung,2026-04-24,14:33:59,-07:00,2026-04-24T14:33:59-07:00,0,0
projects/part_c_teaching_video_modified_v8.html,80,html,6450bbbd,bigmacchung,2026-04-24,14:33:59,-07:00,2026-04-24T14:33:59-07:00,1,5
projects/part_c_teaching_video_modified_v8.html,81,html,6450bbbd,bigmacchung,2026-04-24,14:33:59,-07:00,2026-04-24T14:33:59-07:00,2,20
projects/part_c_teaching_video_modified_v8.html,82,html,6450bbbd,bigmacchung,2026-04-24,14:33:59,-07:00,2026-04-24T14:33:59-07:00,2,16
projects/part_c_teaching_video_modified_v8.html,83,html,6450bbbd,bigmacchung,2026-04-24,14:33:59,-07:00,2026-04-24T14:33:59-07:00,2,19
projects/part_c_teaching_video_modified_v8.html,84,html,6450bbbd,bigmacchung,2026-04-24,14:33:59,-07:00,2026-04-24T14:33:59-07:00,2,14
projects/part_c_teaching_video_modified_v8.html,85,html,6450bbbd,bigmacchung,2026-04-24,14:33:59,-07:00,2026-04-24T14:33:59-07:00,2,15
projects/part_c_teaching_video_modified_v8.html,86,html,6450bbbd,bigmacchung,2026-04-24,14:33:59,-07:00,2026-04-24T14:33:59-07:00,2,29
projects/part_c_teaching_video_modified_v8.html,87,html,6450bbbd,bigmacchung,2026-04-24,14:33:59,-07:00,2026-04-24T14:33:59-07:00,2,19
projects/part_c_teaching_video_modified_v8.html,88,html,6450bbbd,bigmacchung,2026-04-24,14:33:59,-07:00,2026-04-24T14:33:59-07:00,2,18
projects/part_c_teaching_video_modified_v8.html,89,html,6450bbbd,bigmacchung,2026-04-24,14:33:59,-07:00,2026-04-24T14:33:59-07:00,2,24
projects/part_c_teaching_video_modified_v8.html,90,html,6450bbbd,bigmacchung,2026-04-24,14:33:59,-07:00,2026-04-24T14:33:59-07:00,2,18
projects/part_c_teaching_video_modified_v8.html,91,html,6450bbbd,bigmacchung,2026-04-24,14:33:59,-07:00,2026-04-24T14:33:59-07:00,1,0
projects/part_c_teaching_video_modified_v8.html,92,html,6450bbbd,bigmacchung,2026-04-24,14:33:59,-07:00,2026-04-24T14:33:59-07:00,0,0
projects/part_c_teaching_video_modified_v8.html,93,html,6450bbbd,bigmacchung,2026-04-24,14:33:59,-07:00,2026-04-24T14:33:59-07:00,1,6
projects/part_c_teaching_video_modified_v8.html,94,html,6450bbbd,bigmacchung,2026-04-24,14:33:59,-07:00,2026-04-24T14:33:59-07:00,2,23
projects/part_c_teaching_video_modified_v8.html,95,html,6450bbbd,bigmacchung,2026-04-24,14:33:59,-07:00,2026-04-24T14:33:59-07:00,2,35
projects/part_c_teaching_video_modified_v8.html,96,html,6450bbbd,bigmacchung,2026-04-24,14:33:59,-07:00,2026-04-24T14:33:59-07:00,2,17
projects/part_c_teaching_video_modified_v8.html,97,html,6450bbbd,bigmacchung,2026-04-24,14:33:59,-07:00,2026-04-24T14:33:59-07:00,2,15
projects/part_c_teaching_video_modified_v8.html,98,html,6450bbbd,bigmacchung,2026-04-24,14:33:59,-07:00,2026-04-24T14:33:59-07:00,1,0
projects/part_c_teaching_video_modified_v8.html,99,html,6450bbbd,bigmacchung,2026-04-24,14:33:59,-07:00,2026-04-24T14:33:59-07:00,1,115
projects/part_c_teaching_video_modified_v8.html,100,html,6450bbbd,bigmacchung,2026-04-24,14:33:59,-07:00,2026-04-24T14:33:59-07:00,1,76
projects/part_c_teaching_video_modified_v8.html,101,html,6450bbbd,bigmacchung,2026-04-24,14:33:59,-07:00,2026-04-24T14:33:59-07:00,1,14
projects/part_c_teaching_video_modified_v8.html,102,html,6450bbbd,bigmacchung,2026-04-24,14:33:59,-07:00,2026-04-24T14:33:59-07:00,2,32
projects/part_c_teaching_video_modified_v8.html,103,html,6450bbbd,bigmacchung,2026-04-24,14:33:59,-07:00,2026-04-24T14:33:59-07:00,2,13
projects/part_c_teaching_video_modified_v8.html,104,html,6450bbbd,bigmacchung,2026-04-24,14:33:59,-07:00,2026-04-24T14:33:59-07:00,2,35
projects/part_c_teaching_video_modified_v8.html,105,html,6450bbbd,bigmacchung,2026-04-24,14:33:59,-07:00,2026-04-24T14:33:59-07:00,2,16
projects/part_c_teaching_video_modified_v8.html,106,html,6450bbbd,bigmacchung,2026-04-24,14:33:59,-07:00,2026-04-24T14:33:59-07:00,2,35
projects/part_c_teaching_video_modified_v8.html,107,html,6450bbbd,bigmacchung,2026-04-24,14:33:59,-07:00,2026-04-24T14:33:59-07:00,2,17
projects/part_c_teaching_video_modified_v8.html,108,html,6450bbbd,bigmacchung,2026-04-24,14:33:59,-07:00,2026-04-24T14:33:59-07:00,1,0
projects/part_c_teaching_video_modified_v8.html,109,html,6450bbbd,bigmacchung,2026-04-24,14:33:59,-07:00,2026-04-24T14:33:59-07:00,1,89
projects/part_c_teaching_video_modified_v8.html,110,html,6450bbbd,bigmacchung,2026-04-24,14:33:59,-07:00,2026-04-24T14:33:59-07:00,0,0
projects/part_c_teaching_video_modified_v8.html,111,html,6450bbbd,bigmacchung,2026-04-24,14:33:59,-07:00,2026-04-24T14:33:59-07:00,1,6
projects/part_c_teaching_video_modified_v8.html,112,html,6450bbbd,bigmacchung,2026-04-24,14:33:59,-07:00,2026-04-24T14:33:59-07:00,2,23
projects/part_c_teaching_video_modified_v8.html,113,html,6450bbbd,bigmacchung,2026-04-24,14:33:59,-07:00,2026-04-24T14:33:59-07:00,2,34
projects/part_c_teaching_video_modified_v8.html,114,html,6450bbbd,bigmacchung,2026-04-24,14:33:59,-07:00,2026-04-24T14:33:59-07:00,2,17
projects/part_c_teaching_video_modified_v8.html,115,html,6450bbbd,bigmacchung,2026-04-24,14:33:59,-07:00,2026-04-24T14:33:59-07:00,2,65
projects/part_c_teaching_video_modified_v8.html,116,html,6450bbbd,bigmacchung,2026-04-24,14:33:59,-07:00,2026-04-24T14:33:59-07:00,1,0
projects/part_c_teaching_video_modified_v8.html,117,html,6450bbbd,bigmacchung,2026-04-24,14:33:59,-07:00,2026-04-24T14:33:59-07:00,1,114
projects/part_c_teaching_video_modified_v8.html,118,html,6450bbbd,bigmacchung,2026-04-24,14:33:59,-07:00,2026-04-24T14:33:59-07:00,1,91
projects/part_c_teaching_video_modified_v8.html,119,html,6450bbbd,bigmacchung,2026-04-24,14:33:59,-07:00,2026-04-24T14:33:59-07:00,1,31
projects/part_c_teaching_video_modified_v8.html,120,html,6450bbbd,bigmacchung,2026-04-24,14:33:59,-07:00,2026-04-24T14:33:59-07:00,1,102
projects/part_c_teaching_video_modified_v8.html,121,html,6450bbbd,bigmacchung,2026-04-24,14:33:59,-07:00,2026-04-24T14:33:59-07:00,1,33
projects/part_c_teaching_video_modified_v8.html,122,html,6450bbbd,bigmacchung,2026-04-24,14:33:59,-07:00,2026-04-24T14:33:59-07:00,1,35
projects/part_c_teaching_video_modified_v8.html,123,html,6450bbbd,bigmacchung,2026-04-24,14:33:59,-07:00,2026-04-24T14:33:59-07:00,0,0
projects/part_c_teaching_video_modified_v8.html,124,html,6450bbbd,bigmacchung,2026-04-24,14:33:59,-07:00,2026-04-24T14:33:59-07:00,1,26
projects/part_c_teaching_video_modified_v8.html,125,html,6450bbbd,bigmacchung,2026-04-24,14:33:59,-07:00,2026-04-24T14:33:59-07:00,1,11
projects/part_c_teaching_video_modified_v8.html,126,html,6450bbbd,bigmacchung,2026-04-24,14:33:59,-07:00,2026-04-24T14:33:59-07:00,2,45
projects/part_c_teaching_video_modified_v8.html,127,html,6450bbbd,bigmacchung,2026-04-24,14:33:59,-07:00,2026-04-24T14:33:59-07:00,2,47
projects/part_c_teaching_video_modified_v8.html,128,html,6450bbbd,bigmacchung,2026-04-24,14:33:59,-07:00,2026-04-24T14:33:59-07:00,1,0
projects/part_c_teaching_video_modified_v8.html,129,html,6450bbbd,bigmacchung,2026-04-24,14:33:59,-07:00,2026-04-24T14:33:59-07:00,1,50
projects/part_c_teaching_video_modified_v8.html,130,html,6450bbbd,bigmacchung,2026-04-24,14:33:59,-07:00,2026-04-24T14:33:59-07:00,0,0
projects/part_c_teaching_video_modified_v8.html,131,html,6450bbbd,bigmacchung,2026-04-24,14:33:59,-07:00,2026-04-24T14:33:59-07:00,1,38
projects/part_c_teaching_video_modified_v8.html,132,html,6450bbbd,bigmacchung,2026-04-24,14:33:59,-07:00,2026-04-24T14:33:59-07:00,1,94
projects/part_c_teaching_video_modified_v8.html,133,html,6450bbbd,bigmacchung,2026-04-24,14:33:59,-07:00,2026-04-24T14:33:59-07:00,1,86
projects/part_c_teaching_video_modified_v8.html,134,html,6450bbbd,bigmacchung,2026-04-24,14:33:59,-07:00,2026-04-24T14:33:59-07:00,1,79
projects/part_c_teaching_video_modified_v8.html,135,html,6450bbbd,bigmacchung,2026-04-24,14:33:59,-07:00,2026-04-24T14:33:59-07:00,1,76
projects/part_c_teaching_video_modified_v8.html,136,html,6450bbbd,bigmacchung,2026-04-24,14:33:59,-07:00,2026-04-24T14:33:59-07:00,1,77
projects/part_c_teaching_video_modified_v8.html,137,html,6450bbbd,bigmacchung,2026-04-24,14:33:59,-07:00,2026-04-24T14:33:59-07:00,1,47
projects/part_c_teaching_video_modified_v8.html,138,html,6450bbbd,bigmacchung,2026-04-24,14:33:59,-07:00,2026-04-24T14:33:59-07:00,1,61
projects/part_c_teaching_video_modified_v8.html,139,html,6450bbbd,bigmacchung,2026-04-24,14:33:59,-07:00,2026-04-24T14:33:59-07:00,1,44
projects/part_c_teaching_video_modified_v8.html,140,html,6450bbbd,bigmacchung,2026-04-24,14:33:59,-07:00,2026-04-24T14:33:59-07:00,1,41
projects/part_c_teaching_video_modified_v8.html,141,html,6450bbbd,bigmacchung,2026-04-24,14:33:59,-07:00,2026-04-24T14:33:59-07:00,1,42
projects/part_c_teaching_video_modified_v8.html,142,html,6450bbbd,bigmacchung,2026-04-24,14:33:59,-07:00,2026-04-24T14:33:59-07:00,0,0
projects/part_c_teaching_video_modified_v8.html,143,html,6450bbbd,bigmacchung,2026-04-24,14:33:59,-07:00,2026-04-24T14:33:59-07:00,1,13
projects/part_c_teaching_video_modified_v8.html,144,html,6450bbbd,bigmacchung,2026-04-24,14:33:59,-07:00,2026-04-24T14:33:59-07:00,2,15
projects/part_c_teaching_video_modified_v8.html,145,html,6450bbbd,bigmacchung,2026-04-24,14:33:59,-07:00,2026-04-24T14:33:59-07:00,2,34
projects/part_c_teaching_video_modified_v8.html,146,html,6450bbbd,bigmacchung,2026-04-24,14:33:59,-07:00,2026-04-24T14:33:59-07:00,2,17
projects/part_c_teaching_video_modified_v8.html,147,html,6450bbbd,bigmacchung,2026-04-24,14:33:59,-07:00,2026-04-24T14:33:59-07:00,2,15
projects/part_c_teaching_video_modified_v8.html,148,html,6450bbbd,bigmacchung,2026-04-24,14:33:59,-07:00,2026-04-24T14:33:59-07:00,1,0
projects/part_c_teaching_video_modified_v8.html,149,html,6450bbbd,bigmacchung,2026-04-24,14:33:59,-07:00,2026-04-24T14:33:59-07:00,1,60
projects/part_c_teaching_video_modified_v8.html,150,html,6450bbbd,bigmacchung,2026-04-24,14:33:59,-07:00,2026-04-24T14:33:59-07:00,0,0
projects/part_c_teaching_video_modified_v8.html,151,html,6450bbbd,bigmacchung,2026-04-24,14:33:59,-07:00,2026-04-24T14:33:59-07:00,1,31
projects/part_c_teaching_video_modified_v8.html,152,html,6450bbbd,bigmacchung,2026-04-24,14:33:59,-07:00,2026-04-24T14:33:59-07:00,1,12
projects/part_c_teaching_video_modified_v8.html,153,html,6450bbbd,bigmacchung,2026-04-24,14:33:59,-07:00,2026-04-24T14:33:59-07:00,2,22
projects/part_c_teaching_video_modified_v8.html,154,html,6450bbbd,bigmacchung,2026-04-24,14:33:59,-07:00,2026-04-24T14:33:59-07:00,2,30
projects/part_c_teaching_video_modified_v8.html,155,html,6450bbbd,bigmacchung,2026-04-24,14:33:59,-07:00,2026-04-24T14:33:59-07:00,2,18
projects/part_c_teaching_video_modified_v8.html,156,html,6450bbbd,bigmacchung,2026-04-24,14:33:59,-07:00,2026-04-24T14:33:59-07:00,2,12
projects/part_c_teaching_video_modified_v8.html,157,html,6450bbbd,bigmacchung,2026-04-24,14:33:59,-07:00,2026-04-24T14:33:59-07:00,2,17
projects/part_c_teaching_video_modified_v8.html,158,html,6450bbbd,bigmacchung,2026-04-24,14:33:59,-07:00,2026-04-24T14:33:59-07:00,2,14
projects/part_c_teaching_video_modified_v8.html,159,html,6450bbbd,bigmacchung,2026-04-24,14:33:59,-07:00,2026-04-24T14:33:59-07:00,2,13
projects/part_c_teaching_video_modified_v8.html,160,html,6450bbbd,bigmacchung,2026-04-24,14:33:59,-07:00,2026-04-24T14:33:59-07:00,2,28
projects/part_c_teaching_video_modified_v8.html,161,html,6450bbbd,bigmacchung,2026-04-24,14:33:59,-07:00,2026-04-24T14:33:59-07:00,1,0
projects/part_c_teaching_video_modified_v8.html,162,html,6450bbbd,bigmacchung,2026-04-24,14:33:59,-07:00,2026-04-24T14:33:59-07:00,1,41
projects/part_c_teaching_video_modified_v8.html,163,html,6450bbbd,bigmacchung,2026-04-24,14:33:59,-07:00,2026-04-24T14:33:59-07:00,1,39
projects/part_c_teaching_video_modified_v8.html,164,html,6450bbbd,bigmacchung,2026-04-24,14:33:59,-07:00,2026-04-24T14:33:59-07:00,1,80
projects/part_c_teaching_video_modified_v8.html,165,html,6450bbbd,bigmacchung,2026-04-24,14:33:59,-07:00,2026-04-24T14:33:59-07:00,1,10
projects/part_c_teaching_video_modified_v8.html,166,html,6450bbbd,bigmacchung,2026-04-24,14:33:59,-07:00,2026-04-24T14:33:59-07:00,2,55
projects/part_c_teaching_video_modified_v8.html,167,html,6450bbbd,bigmacchung,2026-04-24,14:33:59,-07:00,2026-04-24T14:33:59-07:00,2,53
projects/part_c_teaching_video_modified_v8.html,168,html,6450bbbd,bigmacchung,2026-04-24,14:33:59,-07:00,2026-04-24T14:33:59-07:00,1,0
projects/part_c_teaching_video_modified_v8.html,169,html,6450bbbd,bigmacchung,2026-04-24,14:33:59,-07:00,2026-04-24T14:33:59-07:00,1,89
projects/part_c_teaching_video_modified_v8.html,170,html,6450bbbd,bigmacchung,2026-04-24,14:33:59,-07:00,2026-04-24T14:33:59-07:00,1,105
projects/part_c_teaching_video_modified_v8.html,171,html,6450bbbd,bigmacchung,2026-04-24,14:33:59,-07:00,2026-04-24T14:33:59-07:00,0,0
projects/part_c_teaching_video_modified_v8.html,172,html,6450bbbd,bigmacchung,2026-04-24,14:33:59,-07:00,2026-04-24T14:33:59-07:00,1,34
projects/part_c_teaching_video_modified_v8.html,173,html,6450bbbd,bigmacchung,2026-04-24,14:33:59,-07:00,2026-04-24T14:33:59-07:00,1,86
projects/part_c_teaching_video_modified_v8.html,174,html,6450bbbd,bigmacchung,2026-04-24,14:33:59,-07:00,2026-04-24T14:33:59-07:00,1,8
projects/part_c_teaching_video_modified_v8.html,175,html,6450bbbd,bigmacchung,2026-04-24,14:33:59,-07:00,2026-04-24T14:33:59-07:00,2,55
projects/part_c_teaching_video_modified_v8.html,176,html,6450bbbd,bigmacchung,2026-04-24,14:33:59,-07:00,2026-04-24T14:33:59-07:00,2,53
projects/part_c_teaching_video_modified_v8.html,177,html,6450bbbd,bigmacchung,2026-04-24,14:33:59,-07:00,2026-04-24T14:33:59-07:00,1,0
projects/part_c_teaching_video_modified_v8.html,178,html,6450bbbd,bigmacchung,2026-04-24,14:33:59,-07:00,2026-04-24T14:33:59-07:00,1,43
projects/part_c_teaching_video_modified_v8.html,179,html,6450bbbd,bigmacchung,2026-04-24,14:33:59,-07:00,2026-04-24T14:33:59-07:00,1,44
projects/part_c_teaching_video_modified_v8.html,180,html,6450bbbd,bigmacchung,2026-04-24,14:33:59,-07:00,2026-04-24T14:33:59-07:00,1,48
projects/part_c_teaching_video_modified_v8.html,181,html,6450bbbd,bigmacchung,2026-04-24,14:33:59,-07:00,2026-04-24T14:33:59-07:00,1,39
projects/part_c_teaching_video_modified_v8.html,182,html,6450bbbd,bigmacchung,2026-04-24,14:33:59,-07:00,2026-04-24T14:33:59-07:00,1,40
projects/part_c_teaching_video_modified_v8.html,183,html,6450bbbd,bigmacchung,2026-04-24,14:33:59,-07:00,2026-04-24T14:33:59-07:00,1,138
projects/part_c_teaching_video_modified_v8.html,184,html,6450bbbd,bigmacchung,2026-04-24,14:33:59,-07:00,2026-04-24T14:33:59-07:00,1,31
projects/part_c_teaching_video_modified_v8.html,185,html,6450bbbd,bigmacchung,2026-04-24,14:33:59,-07:00,2026-04-24T14:33:59-07:00,0,0
projects/part_c_teaching_video_modified_v8.html,186,html,6450bbbd,bigmacchung,2026-04-24,14:33:59,-07:00,2026-04-24T14:33:59-07:00,1,35
projects/part_c_teaching_video_modified_v8.html,187,html,6450bbbd,bigmacchung,2026-04-24,14:33:59,-07:00,2026-04-24T14:33:59-07:00,1,77
projects/part_c_teaching_video_modified_v8.html,188,html,6450bbbd,bigmacchung,2026-04-24,14:33:59,-07:00,2026-04-24T14:33:59-07:00,1,9
projects/part_c_teaching_video_modified_v8.html,189,html,6450bbbd,bigmacchung,2026-04-24,14:33:59,-07:00,2026-04-24T14:33:59-07:00,2,22
projects/part_c_teaching_video_modified_v8.html,190,html,6450bbbd,bigmacchung,2026-04-24,14:33:59,-07:00,2026-04-24T14:33:59-07:00,2,30
projects/part_c_teaching_video_modified_v8.html,191,html,6450bbbd,bigmacchung,2026-04-24,14:33:59,-07:00,2026-04-24T14:33:59-07:00,2,18
projects/part_c_teaching_video_modified_v8.html,192,html,6450bbbd,bigmacchung,2026-04-24,14:33:59,-07:00,2026-04-24T14:33:59-07:00,2,12
projects/part_c_teaching_video_modified_v8.html,193,html,6450bbbd,bigmacchung,2026-04-24,14:33:59,-07:00,2026-04-24T14:33:59-07:00,2,12
projects/part_c_teaching_video_modified_v8.html,194,html,6450bbbd,bigmacchung,2026-04-24,14:33:59,-07:00,2026-04-24T14:33:59-07:00,2,30
projects/part_c_teaching_video_modified_v8.html,195,html,6450bbbd,bigmacchung,2026-04-24,14:33:59,-07:00,2026-04-24T14:33:59-07:00,2,8
projects/part_c_teaching_video_modified_v8.html,196,html,6450bbbd,bigmacchung,2026-04-24,14:33:59,-07:00,2026-04-24T14:33:59-07:00,2,18
projects/part_c_teaching_video_modified_v8.html,197,html,6450bbbd,bigmacchung,2026-04-24,14:33:59,-07:00,2026-04-24T14:33:59-07:00,1,0
projects/part_c_teaching_video_modified_v8.html,198,html,6450bbbd,bigmacchung,2026-04-24,14:33:59,-07:00,2026-04-24T14:33:59-07:00,1,56
projects/part_c_teaching_video_modified_v8.html,199,html,6450bbbd,bigmacchung,2026-04-24,14:33:59,-07:00,2026-04-24T14:33:59-07:00,1,58
projects/part_c_teaching_video_modified_v8.html,200,html,6450bbbd,bigmacchung,2026-04-24,14:33:59,-07:00,2026-04-24T14:33:59-07:00,1,58
projects/part_c_teaching_video_modified_v8.html,201,html,6450bbbd,bigmacchung,2026-04-24,14:33:59,-07:00,2026-04-24T14:33:59-07:00,1,54
projects/part_c_teaching_video_modified_v8.html,202,html,6450bbbd,bigmacchung,2026-04-24,14:33:59,-07:00,2026-04-24T14:33:59-07:00,1,14
projects/part_c_teaching_video_modified_v8.html,203,html,6450bbbd,bigmacchung,2026-04-24,14:33:59,-07:00,2026-04-24T14:33:59-07:00,2,24
projects/part_c_teaching_video_modified_v8.html,204,html,6450bbbd,bigmacchung,2026-04-24,14:33:59,-07:00,2026-04-24T14:33:59-07:00,2,33
projects/part_c_teaching_video_modified_v8.html,205,html,6450bbbd,bigmacchung,2026-04-24,14:33:59,-07:00,2026-04-24T14:33:59-07:00,2,18
projects/part_c_teaching_video_modified_v8.html,206,html,6450bbbd,bigmacchung,2026-04-24,14:33:59,-07:00,2026-04-24T14:33:59-07:00,2,58
projects/part_c_teaching_video_modified_v8.html,207,html,6450bbbd,bigmacchung,2026-04-24,14:33:59,-07:00,2026-04-24T14:33:59-07:00,1,0
projects/part_c_teaching_video_modified_v8.html,208,html,6450bbbd,bigmacchung,2026-04-24,14:33:59,-07:00,2026-04-24T14:33:59-07:00,1,68
projects/part_c_teaching_video_modified_v8.html,209,html,6450bbbd,bigmacchung,2026-04-24,14:33:59,-07:00,2026-04-24T14:33:59-07:00,1,55
projects/part_c_teaching_video_modified_v8.html,210,html,6450bbbd,bigmacchung,2026-04-24,14:33:59,-07:00,2026-04-24T14:33:59-07:00,1,57
projects/part_c_teaching_video_modified_v8.html,211,html,6450bbbd,bigmacchung,2026-04-24,14:33:59,-07:00,2026-04-24T14:33:59-07:00,1,57
projects/part_c_teaching_video_modified_v8.html,212,html,6450bbbd,bigmacchung,2026-04-24,14:33:59,-07:00,2026-04-24T14:33:59-07:00,1,53
projects/part_c_teaching_video_modified_v8.html,213,html,6450bbbd,bigmacchung,2026-04-24,14:33:59,-07:00,2026-04-24T14:33:59-07:00,1,83
projects/part_c_teaching_video_modified_v8.html,214,html,6450bbbd,bigmacchung,2026-04-24,14:33:59,-07:00,2026-04-24T14:33:59-07:00,0,0
projects/part_c_teaching_video_modified_v8.html,215,html,6450bbbd,bigmacchung,2026-04-24,14:33:59,-07:00,2026-04-24T14:33:59-07:00,1,35
projects/part_c_teaching_video_modified_v8.html,216,html,6450bbbd,bigmacchung,2026-04-24,14:33:59,-07:00,2026-04-24T14:33:59-07:00,1,96
projects/part_c_teaching_video_modified_v8.html,217,html,6450bbbd,bigmacchung,2026-04-24,14:33:59,-07:00,2026-04-24T14:33:59-07:00,1,11
projects/part_c_teaching_video_modified_v8.html,218,html,6450bbbd,bigmacchung,2026-04-24,14:33:59,-07:00,2026-04-24T14:33:59-07:00,2,22
projects/part_c_teaching_video_modified_v8.html,219,html,6450bbbd,bigmacchung,2026-04-24,14:33:59,-07:00,2026-04-24T14:33:59-07:00,2,30
projects/part_c_teaching_video_modified_v8.html,220,html,6450bbbd,bigmacchung,2026-04-24,14:33:59,-07:00,2026-04-24T14:33:59-07:00,2,18
projects/part_c_teaching_video_modified_v8.html,221,html,6450bbbd,bigmacchung,2026-04-24,14:33:59,-07:00,2026-04-24T14:33:59-07:00,2,11
projects/part_c_teaching_video_modified_v8.html,222,html,6450bbbd,bigmacchung,2026-04-24,14:33:59,-07:00,2026-04-24T14:33:59-07:00,2,17
projects/part_c_teaching_video_modified_v8.html,223,html,6450bbbd,bigmacchung,2026-04-24,14:33:59,-07:00,2026-04-24T14:33:59-07:00,1,0
projects/part_c_teaching_video_modified_v8.html,224,html,6450bbbd,bigmacchung,2026-04-24,14:33:59,-07:00,2026-04-24T14:33:59-07:00,1,49
projects/part_c_teaching_video_modified_v8.html,225,html,6450bbbd,bigmacchung,2026-04-24,14:33:59,-07:00,2026-04-24T14:33:59-07:00,1,93
projects/part_c_teaching_video_modified_v8.html,226,html,6450bbbd,bigmacchung,2026-04-24,14:33:59,-07:00,2026-04-24T14:33:59-07:00,0,0
projects/part_c_teaching_video_modified_v8.html,227,html,6450bbbd,bigmacchung,2026-04-24,14:33:59,-07:00,2026-04-24T14:33:59-07:00,1,18
projects/part_c_teaching_video_modified_v8.html,228,html,6450bbbd,bigmacchung,2026-04-24,14:33:59,-07:00,2026-04-24T14:33:59-07:00,2,12
projects/part_c_teaching_video_modified_v8.html,229,html,6450bbbd,bigmacchung,2026-04-24,14:33:59,-07:00,2026-04-24T14:33:59-07:00,2,42
projects/part_c_teaching_video_modified_v8.html,230,html,6450bbbd,bigmacchung,2026-04-24,14:33:59,-07:00,2026-04-24T14:33:59-07:00,2,7
projects/part_c_teaching_video_modified_v8.html,231,html,6450bbbd,bigmacchung,2026-04-24,14:33:59,-07:00,2026-04-24T14:33:59-07:00,2,24
projects/part_c_teaching_video_modified_v8.html,232,html,6450bbbd,bigmacchung,2026-04-24,14:33:59,-07:00,2026-04-24T14:33:59-07:00,2,30
projects/part_c_teaching_video_modified_v8.html,233,html,6450bbbd,bigmacchung,2026-04-24,14:33:59,-07:00,2026-04-24T14:33:59-07:00,2,17
projects/part_c_teaching_video_modified_v8.html,234,html,6450bbbd,bigmacchung,2026-04-24,14:33:59,-07:00,2026-04-24T14:33:59-07:00,2,15
projects/part_c_teaching_video_modified_v8.html,235,html,6450bbbd,bigmacchung,2026-04-24,14:33:59,-07:00,2026-04-24T14:33:59-07:00,1,0
projects/part_c_teaching_video_modified_v8.html,236,html,6450bbbd,bigmacchung,2026-04-24,14:33:59,-07:00,2026-04-24T14:33:59-07:00,1,90
projects/part_c_teaching_video_modified_v8.html,237,html,6450bbbd,bigmacchung,2026-04-24,14:33:59,-07:00,2026-04-24T14:33:59-07:00,1,7
projects/part_c_teaching_video_modified_v8.html,238,html,6450bbbd,bigmacchung,2026-04-24,14:33:59,-07:00,2026-04-24T14:33:59-07:00,2,41
projects/part_c_teaching_video_modified_v8.html,239,html,6450bbbd,bigmacchung,2026-04-24,14:33:59,-07:00,2026-04-24T14:33:59-07:00,2,73
projects/part_c_teaching_video_modified_v8.html,240,html,6450bbbd,bigmacchung,2026-04-24,14:33:59,-07:00,2026-04-24T14:33:59-07:00,1,0
projects/part_c_teaching_video_modified_v8.html,241,html,6450bbbd,bigmacchung,2026-04-24,14:33:59,-07:00,2026-04-24T14:33:59-07:00,1,7
projects/part_c_teaching_video_modified_v8.html,242,html,6450bbbd,bigmacchung,2026-04-24,14:33:59,-07:00,2026-04-24T14:33:59-07:00,2,23
projects/part_c_teaching_video_modified_v8.html,243,html,6450bbbd,bigmacchung,2026-04-24,14:33:59,-07:00,2026-04-24T14:33:59-07:00,2,17
projects/part_c_teaching_video_modified_v8.html,244,html,6450bbbd,bigmacchung,2026-04-24,14:33:59,-07:00,2026-04-24T14:33:59-07:00,2,32
projects/part_c_teaching_video_modified_v8.html,245,html,6450bbbd,bigmacchung,2026-04-24,14:33:59,-07:00,2026-04-24T14:33:59-07:00,2,33
projects/part_c_teaching_video_modified_v8.html,246,html,6450bbbd,bigmacchung,2026-04-24,14:33:59,-07:00,2026-04-24T14:33:59-07:00,2,7
projects/part_c_teaching_video_modified_v8.html,247,html,6450bbbd,bigmacchung,2026-04-24,14:33:59,-07:00,2026-04-24T14:33:59-07:00,1,0
projects/part_c_teaching_video_modified_v8.html,248,html,6450bbbd,bigmacchung,2026-04-24,14:33:59,-07:00,2026-04-24T14:33:59-07:00,1,73
projects/part_c_teaching_video_modified_v8.html,249,html,6450bbbd,bigmacchung,2026-04-24,14:33:59,-07:00,2026-04-24T14:33:59-07:00,1,49
projects/part_c_teaching_video_modified_v8.html,250,html,6450bbbd,bigmacchung,2026-04-24,14:33:59,-07:00,2026-04-24T14:33:59-07:00,1,57
projects/part_c_teaching_video_modified_v8.html,251,html,6450bbbd,bigmacchung,2026-04-24,14:33:59,-07:00,2026-04-24T14:33:59-07:00,1,58
projects/part_c_teaching_video_modified_v8.html,252,html,6450bbbd,bigmacchung,2026-04-24,14:33:59,-07:00,2026-04-24T14:33:59-07:00,0,0
projects/part_c_teaching_video_modified_v8.html,253,html,6450bbbd,bigmacchung,2026-04-24,14:33:59,-07:00,2026-04-24T14:33:59-07:00,1,10
projects/part_c_teaching_video_modified_v8.html,254,html,6450bbbd,bigmacchung,2026-04-24,14:33:59,-07:00,2026-04-24T14:33:59-07:00,2,15
projects/part_c_teaching_video_modified_v8.html,255,html,6450bbbd,bigmacchung,2026-04-24,14:33:59,-07:00,2026-04-24T14:33:59-07:00,2,35
projects/part_c_teaching_video_modified_v8.html,256,html,6450bbbd,bigmacchung,2026-04-24,14:33:59,-07:00,2026-04-24T14:33:59-07:00,2,17
projects/part_c_teaching_video_modified_v8.html,257,html,6450bbbd,bigmacchung,2026-04-24,14:33:59,-07:00,2026-04-24T14:33:59-07:00,1,0
projects/part_c_teaching_video_modified_v8.html,258,html,6450bbbd,bigmacchung,2026-04-24,14:33:59,-07:00,2026-04-24T14:33:59-07:00,1,39
projects/part_c_teaching_video_modified_v8.html,259,html,6450bbbd,bigmacchung,2026-04-24,14:33:59,-07:00,2026-04-24T14:33:59-07:00,0,0
projects/part_c_teaching_video_modified_v8.html,260,html,6450bbbd,bigmacchung,2026-04-24,14:33:59,-07:00,2026-04-24T14:33:59-07:00,1,31
projects/part_c_teaching_video_modified_v8.html,261,html,6450bbbd,bigmacchung,2026-04-24,14:33:59,-07:00,2026-04-24T14:33:59-07:00,1,7
projects/part_c_teaching_video_modified_v8.html,262,html,6450bbbd,bigmacchung,2026-04-24,14:33:59,-07:00,2026-04-24T14:33:59-07:00,2,80
projects/part_c_teaching_video_modified_v8.html,263,html,6450bbbd,bigmacchung,2026-04-24,14:33:59,-07:00,2026-04-24T14:33:59-07:00,1,0
projects/part_c_teaching_video_modified_v8.html,264,html,6450bbbd,bigmacchung,2026-04-24,14:33:59,-07:00,2026-04-24T14:33:59-07:00,1,13
projects/part_c_teaching_video_modified_v8.html,265,html,6450bbbd,bigmacchung,2026-04-24,14:33:59,-07:00,2026-04-24T14:33:59-07:00,2,22
projects/part_c_teaching_video_modified_v8.html,266,html,6450bbbd,bigmacchung,2026-04-24,14:33:59,-07:00,2026-04-24T14:33:59-07:00,2,30
projects/part_c_teaching_video_modified_v8.html,267,html,6450bbbd,bigmacchung,2026-04-24,14:33:59,-07:00,2026-04-24T14:33:59-07:00,2,18
projects/part_c_teaching_video_modified_v8.html,268,html,6450bbbd,bigmacchung,2026-04-24,14:33:59,-07:00,2026-04-24T14:33:59-07:00,2,12
projects/part_c_teaching_video_modified_v8.html,269,html,6450bbbd,bigmacchung,2026-04-24,14:33:59,-07:00,2026-04-24T14:33:59-07:00,1,0
projects/part_c_teaching_video_modified_v8.html,270,html,6450bbbd,bigmacchung,2026-04-24,14:33:59,-07:00,2026-04-24T14:33:59-07:00,1,16
projects/part_c_teaching_video_modified_v8.html,271,html,6450bbbd,bigmacchung,2026-04-24,14:33:59,-07:00,2026-04-24T14:33:59-07:00,2,35
projects/part_c_teaching_video_modified_v8.html,272,html,6450bbbd,bigmacchung,2026-04-24,14:33:59,-07:00,2026-04-24T14:33:59-07:00,2,28
projects/part_c_teaching_video_modified_v8.html,273,html,6450bbbd,bigmacchung,2026-04-24,14:33:59,-07:00,2026-04-24T14:33:59-07:00,2,18
projects/part_c_teaching_video_modified_v8.html,274,html,6450bbbd,bigmacchung,2026-04-24,14:33:59,-07:00,2026-04-24T14:33:59-07:00,2,12
projects/part_c_teaching_video_modified_v8.html,275,html,6450bbbd,bigmacchung,2026-04-24,14:33:59,-07:00,2026-04-24T14:33:59-07:00,1,0
projects/part_c_teaching_video_modified_v8.html,276,html,6450bbbd,bigmacchung,2026-04-24,14:33:59,-07:00,2026-04-24T14:33:59-07:00,1,76
projects/part_c_teaching_video_modified_v8.html,277,html,6450bbbd,bigmacchung,2026-04-24,14:33:59,-07:00,2026-04-24T14:33:59-07:00,1,86
projects/part_c_teaching_video_modified_v8.html,278,html,6450bbbd,bigmacchung,2026-04-24,14:33:59,-07:00,2026-04-24T14:33:59-07:00,0,0
projects/part_c_teaching_video_modified_v8.html,279,html,6450bbbd,bigmacchung,2026-04-24,14:33:59,-07:00,2026-04-24T14:33:59-07:00,1,29
projects/part_c_teaching_video_modified_v8.html,280,html,6450bbbd,bigmacchung,2026-04-24,14:33:59,-07:00,2026-04-24T14:33:59-07:00,1,99
projects/part_c_teaching_video_modified_v8.html,281,html,6450bbbd,bigmacchung,2026-04-24,14:33:59,-07:00,2026-04-24T14:33:59-07:00,1,9
projects/part_c_teaching_video_modified_v8.html,282,html,6450bbbd,bigmacchung,2026-04-24,14:33:59,-07:00,2026-04-24T14:33:59-07:00,2,55
projects/part_c_teaching_video_modified_v8.html,283,html,6450bbbd,bigmacchung,2026-04-24,14:33:59,-07:00,2026-04-24T14:33:59-07:00,2,33
projects/part_c_teaching_video_modified_v8.html,284,html,6450bbbd,bigmacchung,2026-04-24,14:33:59,-07:00,2026-04-24T14:33:59-07:00,2,34
projects/part_c_teaching_video_modified_v8.html,285,html,6450bbbd,bigmacchung,2026-04-24,14:33:59,-07:00,2026-04-24T14:33:59-07:00,2,77
projects/part_c_teaching_video_modified_v8.html,286,html,6450bbbd,bigmacchung,2026-04-24,14:33:59,-07:00,2026-04-24T14:33:59-07:00,1,0
projects/part_c_teaching_video_modified_v8.html,287,html,6450bbbd,bigmacchung,2026-04-24,14:33:59,-07:00,2026-04-24T14:33:59-07:00,1,31
projects/part_c_teaching_video_modified_v8.html,288,html,6450bbbd,bigmacchung,2026-04-24,14:33:59,-07:00,2026-04-24T14:33:59-07:00,1,42
projects/part_c_teaching_video_modified_v8.html,289,html,6450bbbd,bigmacchung,2026-04-24,14:33:59,-07:00,2026-04-24T14:33:59-07:00,1,86
projects/part_c_teaching_video_modified_v8.html,290,html,6450bbbd,bigmacchung,2026-04-24,14:33:59,-07:00,2026-04-24T14:33:59-07:00,0,0
projects/part_c_teaching_video_modified_v8.html,291,html,6450bbbd,bigmacchung,2026-04-24,14:33:59,-07:00,2026-04-24T14:33:59-07:00,1,3
projects/part_c_teaching_video_modified_v8.html,292,html,6450bbbd,bigmacchung,2026-04-24,14:33:59,-07:00,2026-04-24T14:33:59-07:00,2,55
projects/part_c_teaching_video_modified_v8.html,293,html,6450bbbd,bigmacchung,2026-04-24,14:33:59,-07:00,2026-04-24T14:33:59-07:00,2,35
projects/part_c_teaching_video_modified_v8.html,294,html,6450bbbd,bigmacchung,2026-04-24,14:33:59,-07:00,2026-04-24T14:33:59-07:00,2,68
projects/part_c_teaching_video_modified_v8.html,295,html,6450bbbd,bigmacchung,2026-04-24,14:33:59,-07:00,2026-04-24T14:33:59-07:00,2,18
projects/part_c_teaching_video_modified_v8.html,296,html,6450bbbd,bigmacchung,2026-04-24,14:33:59,-07:00,2026-04-24T14:33:59-07:00,1,0
projects/part_c_teaching_video_modified_v8.html,297,html,6450bbbd,bigmacchung,2026-04-24,14:33:59,-07:00,2026-04-24T14:33:59-07:00,1,45
projects/part_c_teaching_video_modified_v8.html,298,html,6450bbbd,bigmacchung,2026-04-24,14:33:59,-07:00,2026-04-24T14:33:59-07:00,0,0
projects/part_c_teaching_video_modified_v8.html,299,html,6450bbbd,bigmacchung,2026-04-24,14:33:59,-07:00,2026-04-24T14:33:59-07:00,1,25
projects/part_c_teaching_video_modified_v8.html,300,html,6450bbbd,bigmacchung,2026-04-24,14:33:59,-07:00,2026-04-24T14:33:59-07:00,2,34
projects/part_c_teaching_video_modified_v8.html,301,html,6450bbbd,bigmacchung,2026-04-24,14:33:59,-07:00,2026-04-24T14:33:59-07:00,2,23
projects/part_c_teaching_video_modified_v8.html,302,html,6450bbbd,bigmacchung,2026-04-24,14:33:59,-07:00,2026-04-24T14:33:59-07:00,2,79
projects/part_c_teaching_video_modified_v8.html,303,html,6450bbbd,bigmacchung,2026-04-24,14:33:59,-07:00,2026-04-24T14:33:59-07:00,1,0
projects/part_c_teaching_video_modified_v8.html,304,html,6450bbbd,bigmacchung,2026-04-24,14:33:59,-07:00,2026-04-24T14:33:59-07:00,0,0
projects/part_c_teaching_video_modified_v8.html,305,html,6450bbbd,bigmacchung,2026-04-24,14:33:59,-07:00,2026-04-24T14:33:59-07:00,1,23
projects/part_c_teaching_video_modified_v8.html,306,html,6450bbbd,bigmacchung,2026-04-24,14:33:59,-07:00,2026-04-24T14:33:59-07:00,1,11
projects/part_c_teaching_video_modified_v8.html,307,html,6450bbbd,bigmacchung,2026-04-24,14:33:59,-07:00,2026-04-24T14:33:59-07:00,2,18
projects/part_c_teaching_video_modified_v8.html,308,html,6450bbbd,bigmacchung,2026-04-24,14:33:59,-07:00,2026-04-24T14:33:59-07:00,2,30
projects/part_c_teaching_video_modified_v8.html,309,html,6450bbbd,bigmacchung,2026-04-24,14:33:59,-07:00,2026-04-24T14:33:59-07:00,2,18
projects/part_c_teaching_video_modified_v8.html,310,html,6450bbbd,bigmacchung,2026-04-24,14:33:59,-07:00,2026-04-24T14:33:59-07:00,2,17
projects/part_c_teaching_video_modified_v8.html,311,html,6450bbbd,bigmacchung,2026-04-24,14:33:59,-07:00,2026-04-24T14:33:59-07:00,2,68
projects/part_c_teaching_video_modified_v8.html,312,html,6450bbbd,bigmacchung,2026-04-24,14:33:59,-07:00,2026-04-24T14:33:59-07:00,2,14
projects/part_c_teaching_video_modified_v8.html,313,html,6450bbbd,bigmacchung,2026-04-24,14:33:59,-07:00,2026-04-24T14:33:59-07:00,2,15
projects/part_c_teaching_video_modified_v8.html,314,html,6450bbbd,bigmacchung,2026-04-24,14:33:59,-07:00,2026-04-24T14:33:59-07:00,2,13
projects/part_c_teaching_video_modified_v8.html,315,html,6450bbbd,bigmacchung,2026-04-24,14:33:59,-07:00,2026-04-24T14:33:59-07:00,2,15
projects/part_c_teaching_video_modified_v8.html,316,html,6450bbbd,bigmacchung,2026-04-24,14:33:59,-07:00,2026-04-24T14:33:59-07:00,2,15
projects/part_c_teaching_video_modified_v8.html,317,html,6450bbbd,bigmacchung,2026-04-24,14:33:59,-07:00,2026-04-24T14:33:59-07:00,2,10
projects/part_c_teaching_video_modified_v8.html,318,html,6450bbbd,bigmacchung,2026-04-24,14:33:59,-07:00,2026-04-24T14:33:59-07:00,1,0
projects/part_c_teaching_video_modified_v8.html,319,html,6450bbbd,bigmacchung,2026-04-24,14:33:59,-07:00,2026-04-24T14:33:59-07:00,1,34
projects/part_c_teaching_video_modified_v8.html,320,html,6450bbbd,bigmacchung,2026-04-24,14:33:59,-07:00,2026-04-24T14:33:59-07:00,1,34
projects/part_c_teaching_video_modified_v8.html,321,html,6450bbbd,bigmacchung,2026-04-24,14:33:59,-07:00,2026-04-24T14:33:59-07:00,1,34
projects/part_c_teaching_video_modified_v8.html,322,html,6450bbbd,bigmacchung,2026-04-24,14:33:59,-07:00,2026-04-24T14:33:59-07:00,1,54
projects/part_c_teaching_video_modified_v8.html,323,html,6450bbbd,bigmacchung,2026-04-24,14:33:59,-07:00,2026-04-24T14:33:59-07:00,1,34
projects/part_c_teaching_video_modified_v8.html,324,html,6450bbbd,bigmacchung,2026-04-24,14:33:59,-07:00,2026-04-24T14:33:59-07:00,1,34
projects/part_c_teaching_video_modified_v8.html,325,html,6450bbbd,bigmacchung,2026-04-24,14:33:59,-07:00,2026-04-24T14:33:59-07:00,1,69
projects/part_c_teaching_video_modified_v8.html,326,html,6450bbbd,bigmacchung,2026-04-24,14:33:59,-07:00,2026-04-24T14:33:59-07:00,1,116
projects/part_c_teaching_video_modified_v8.html,327,html,6450bbbd,bigmacchung,2026-04-24,14:33:59,-07:00,2026-04-24T14:33:59-07:00,1,40
projects/part_c_teaching_video_modified_v8.html,328,html,6450bbbd,bigmacchung,2026-04-24,14:33:59,-07:00,2026-04-24T14:33:59-07:00,1,40
projects/part_c_teaching_video_modified_v8.html,329,html,6450bbbd,bigmacchung,2026-04-24,14:33:59,-07:00,2026-04-24T14:33:59-07:00,1,85
projects/part_c_teaching_video_modified_v8.html,330,html,6450bbbd,bigmacchung,2026-04-24,14:33:59,-07:00,2026-04-24T14:33:59-07:00,1,198
projects/part_c_teaching_video_modified_v8.html,331,html,6450bbbd,bigmacchung,2026-04-24,14:33:59,-07:00,2026-04-24T14:33:59-07:00,1,84
projects/part_c_teaching_video_modified_v8.html,332,html,6450bbbd,bigmacchung,2026-04-24,14:33:59,-07:00,2026-04-24T14:33:59-07:00,1,40
projects/part_c_teaching_video_modified_v8.html,333,html,6450bbbd,bigmacchung,2026-04-24,14:33:59,-07:00,2026-04-24T14:33:59-07:00,1,42
projects/part_c_teaching_video_modified_v8.html,334,html,6450bbbd,bigmacchung,2026-04-24,14:33:59,-07:00,2026-04-24T14:33:59-07:00,1,43
projects/part_c_teaching_video_modified_v8.html,335,html,6450bbbd,bigmacchung,2026-04-24,14:33:59,-07:00,2026-04-24T14:33:59-07:00,1,189
projects/part_c_teaching_video_modified_v8.html,336,html,6450bbbd,bigmacchung,2026-04-24,14:33:59,-07:00,2026-04-24T14:33:59-07:00,1,42
projects/part_c_teaching_video_modified_v8.html,337,html,6450bbbd,bigmacchung,2026-04-24,14:33:59,-07:00,2026-04-24T14:33:59-07:00,1,176
projects/part_c_teaching_video_modified_v8.html,338,html,6450bbbd,bigmacchung,2026-04-24,14:33:59,-07:00,2026-04-24T14:33:59-07:00,1,43
projects/part_c_teaching_video_modified_v8.html,339,html,6450bbbd,bigmacchung,2026-04-24,14:33:59,-07:00,2026-04-24T14:33:59-07:00,1,235
projects/part_c_teaching_video_modified_v8.html,340,html,6450bbbd,bigmacchung,2026-04-24,14:33:59,-07:00,2026-04-24T14:33:59-07:00,1,94
projects/part_c_teaching_video_modified_v8.html,341,html,6450bbbd,bigmacchung,2026-04-24,14:33:59,-07:00,2026-04-24T14:33:59-07:00,0,6
projects/part_c_teaching_video_modified_v8.html,342,html,6450bbbd,bigmacchung,2026-04-24,14:33:59,-07:00,2026-04-24T14:33:59-07:00,0,5
projects/part_c_teaching_video_modified_v8.html,343,html,6450bbbd,bigmacchung,2026-04-24,14:33:59,-07:00,2026-04-24T14:33:59-07:00,0,4
projects/part_c_teaching_video_modified_v8.html,344,html,6450bbbd,bigmacchung,2026-04-24,14:33:59,-07:00,2026-04-24T14:33:59-07:00,0,15
projects/part_c_teaching_video_modified_v8.html,345,html,6450bbbd,bigmacchung,2026-04-24,14:33:59,-07:00,2026-04-24T14:33:59-07:00,1,6
projects/part_c_teaching_video_modified_v8.html,346,html,6450bbbd,bigmacchung,2026-04-24,14:33:59,-07:00,2026-04-24T14:33:59-07:00,2,73
projects/part_c_teaching_video_modified_v8.html,347,html,6450bbbd,bigmacchung,2026-04-24,14:33:59,-07:00,2026-04-24T14:33:59-07:00,2,20
projects/part_c_teaching_video_modified_v8.html,348,html,6450bbbd,bigmacchung,2026-04-24,14:33:59,-07:00,2026-04-24T14:33:59-07:00,3,40
projects/part_c_teaching_video_modified_v8.html,349,html,6450bbbd,bigmacchung,2026-04-24,14:33:59,-07:00,2026-04-24T14:33:59-07:00,3,57
projects/part_c_teaching_video_modified_v8.html,350,html,6450bbbd,bigmacchung,2026-04-24,14:33:59,-07:00,2026-04-24T14:33:59-07:00,3,55
projects/part_c_teaching_video_modified_v8.html,351,html,6450bbbd,bigmacchung,2026-04-24,14:33:59,-07:00,2026-04-24T14:33:59-07:00,3,49
projects/part_c_teaching_video_modified_v8.html,352,html,6450bbbd,bigmacchung,2026-04-24,14:33:59,-07:00,2026-04-24T14:33:59-07:00,2,4
projects/part_c_teaching_video_modified_v8.html,353,html,6450bbbd,bigmacchung,2026-04-24,14:33:59,-07:00,2026-04-24T14:33:59-07:00,1,7
projects/part_c_teaching_video_modified_v8.html,354,html,6450bbbd,bigmacchung,2026-04-24,14:33:59,-07:00,2026-04-24T14:33:59-07:00,0,0
projects/part_c_teaching_video_modified_v8.html,355,html,6450bbbd,bigmacchung,2026-04-24,14:33:59,-07:00,2026-04-24T14:33:59-07:00,1,14
projects/part_c_teaching_video_modified_v8.html,356,html,6450bbbd,bigmacchung,2026-04-24,14:33:59,-07:00,2026-04-24T14:33:59-07:00,2,22
projects/part_c_teaching_video_modified_v8.html,357,html,6450bbbd,bigmacchung,2026-04-24,14:33:59,-07:00,2026-04-24T14:33:59-07:00,0,0
projects/part_c_teaching_video_modified_v8.html,358,html,6450bbbd,bigmacchung,2026-04-24,14:33:59,-07:00,2026-04-24T14:33:59-07:00,3,21
projects/part_c_teaching_video_modified_v8.html,359,html,6450bbbd,bigmacchung,2026-04-24,14:33:59,-07:00,2026-04-24T14:33:59-07:00,3,28
projects/part_c_teaching_video_modified_v8.html,360,html,6450bbbd,bigmacchung,2026-04-24,14:33:59,-07:00,2026-04-24T14:33:59-07:00,4,29
projects/part_c_teaching_video_modified_v8.html,361,html,6450bbbd,bigmacchung,2026-04-24,14:33:59,-07:00,2026-04-24T14:33:59-07:00,4,22
projects/part_c_teaching_video_modified_v8.html,362,html,6450bbbd,bigmacchung,2026-04-24,14:33:59,-07:00,2026-04-24T14:33:59-07:00,5,50
projects/part_c_teaching_video_modified_v8.html,363,html,6450bbbd,bigmacchung,2026-04-24,14:33:59,-07:00,2026-04-24T14:33:59-07:00,6,91
projects/part_c_teaching_video_modified_v8.html,364,html,6450bbbd,bigmacchung,2026-04-24,14:33:59,-07:00,2026-04-24T14:33:59-07:00,6,90
projects/part_c_teaching_video_modified_v8.html,365,html,6450bbbd,bigmacchung,2026-04-24,14:33:59,-07:00,2026-04-24T14:33:59-07:00,6,59
projects/part_c_teaching_video_modified_v8.html,366,html,6450bbbd,bigmacchung,2026-04-24,14:33:59,-07:00,2026-04-24T14:33:59-07:00,6,97
projects/part_c_teaching_video_modified_v8.html,367,html,6450bbbd,bigmacchung,2026-04-24,14:33:59,-07:00,2026-04-24T14:33:59-07:00,5,4
projects/part_c_teaching_video_modified_v8.html,368,html,6450bbbd,bigmacchung,2026-04-24,14:33:59,-07:00,2026-04-24T14:33:59-07:00,5,3
projects/part_c_teaching_video_modified_v8.html,369,html,6450bbbd,bigmacchung,2026-04-24,14:33:59,-07:00,2026-04-24T14:33:59-07:00,6,77
projects/part_c_teaching_video_modified_v8.html,370,html,6450bbbd,bigmacchung,2026-04-24,14:33:59,-07:00,2026-04-24T14:33:59-07:00,6,57
projects/part_c_teaching_video_modified_v8.html,371,html,6450bbbd,bigmacchung,2026-04-24,14:33:59,-07:00,2026-04-24T14:33:59-07:00,5,4
projects/part_c_teaching_video_modified_v8.html,372,html,6450bbbd,bigmacchung,2026-04-24,14:33:59,-07:00,2026-04-24T14:33:59-07:00,4,4
projects/part_c_teaching_video_modified_v8.html,373,html,6450bbbd,bigmacchung,2026-04-24,14:33:59,-07:00,2026-04-24T14:33:59-07:00,3,8
projects/part_c_teaching_video_modified_v8.html,374,html,6450bbbd,bigmacchung,2026-04-24,14:33:59,-07:00,2026-04-24T14:33:59-07:00,0,0
projects/part_c_teaching_video_modified_v8.html,375,html,6450bbbd,bigmacchung,2026-04-24,14:33:59,-07:00,2026-04-24T14:33:59-07:00,3,25
projects/part_c_teaching_video_modified_v8.html,376,html,6450bbbd,bigmacchung,2026-04-24,14:33:59,-07:00,2026-04-24T14:33:59-07:00,3,21
projects/part_c_teaching_video_modified_v8.html,377,html,6450bbbd,bigmacchung,2026-04-24,14:33:59,-07:00,2026-04-24T14:33:59-07:00,4,33
projects/part_c_teaching_video_modified_v8.html,378,html,6450bbbd,bigmacchung,2026-04-24,14:33:59,-07:00,2026-04-24T14:33:59-07:00,4,143
projects/part_c_teaching_video_modified_v8.html,379,html,6450bbbd,bigmacchung,2026-04-24,14:33:59,-07:00,2026-04-24T14:33:59-07:00,0,0
projects/part_c_teaching_video_modified_v8.html,380,html,6450bbbd,bigmacchung,2026-04-24,14:33:59,-07:00,2026-04-24T14:33:59-07:00,4,90
projects/part_c_teaching_video_modified_v8.html,381,html,6450bbbd,bigmacchung,2026-04-24,14:33:59,-07:00,2026-04-24T14:33:59-07:00,5,3
projects/part_c_teaching_video_modified_v8.html,382,html,6450bbbd,bigmacchung,2026-04-24,14:33:59,-07:00,2026-04-24T14:33:59-07:00,6,172
projects/part_c_teaching_video_modified_v8.html,383,html,6450bbbd,bigmacchung,2026-04-24,14:33:59,-07:00,2026-04-24T14:33:59-07:00,6,23
projects/part_c_teaching_video_modified_v8.html,384,html,6450bbbd,bigmacchung,2026-04-24,14:33:59,-07:00,2026-04-24T14:33:59-07:00,7,59
projects/part_c_teaching_video_modified_v8.html,385,html,6450bbbd,bigmacchung,2026-04-24,14:33:59,-07:00,2026-04-24T14:33:59-07:00,7,5
projects/part_c_teaching_video_modified_v8.html,386,html,6450bbbd,bigmacchung,2026-04-24,14:33:59,-07:00,2026-04-24T14:33:59-07:00,8,84
projects/part_c_teaching_video_modified_v8.html,387,html,6450bbbd,bigmacchung,2026-04-24,14:33:59,-07:00,2026-04-24T14:33:59-07:00,8,80
projects/part_c_teaching_video_modified_v8.html,388,html,6450bbbd,bigmacchung,2026-04-24,14:33:59,-07:00,2026-04-24T14:33:59-07:00,8,91
projects/part_c_teaching_video_modified_v8.html,389,html,6450bbbd,bigmacchung,2026-04-24,14:33:59,-07:00,2026-04-24T14:33:59-07:00,8,87
projects/part_c_teaching_video_modified_v8.html,390,html,6450bbbd,bigmacchung,2026-04-24,14:33:59,-07:00,2026-04-24T14:33:59-07:00,8,111
projects/part_c_teaching_video_modified_v8.html,391,html,6450bbbd,bigmacchung,2026-04-24,14:33:59,-07:00,2026-04-24T14:33:59-07:00,8,111
projects/part_c_teaching_video_modified_v8.html,392,html,6450bbbd,bigmacchung,2026-04-24,14:33:59,-07:00,2026-04-24T14:33:59-07:00,7,6
projects/part_c_teaching_video_modified_v8.html,393,html,6450bbbd,bigmacchung,2026-04-24,14:33:59,-07:00,2026-04-24T14:33:59-07:00,6,6
projects/part_c_teaching_video_modified_v8.html,394,html,6450bbbd,bigmacchung,2026-04-24,14:33:59,-07:00,2026-04-24T14:33:59-07:00,5,4
projects/part_c_teaching_video_modified_v8.html,395,html,6450bbbd,bigmacchung,2026-04-24,14:33:59,-07:00,2026-04-24T14:33:59-07:00,5,3
projects/part_c_teaching_video_modified_v8.html,396,html,6450bbbd,bigmacchung,2026-04-24,14:33:59,-07:00,2026-04-24T14:33:59-07:00,6,165
projects/part_c_teaching_video_modified_v8.html,397,html,6450bbbd,bigmacchung,2026-04-24,14:33:59,-07:00,2026-04-24T14:33:59-07:00,6,121
projects/part_c_teaching_video_modified_v8.html,398,html,6450bbbd,bigmacchung,2026-04-24,14:33:59,-07:00,2026-04-24T14:33:59-07:00,7,105
projects/part_c_teaching_video_modified_v8.html,399,html,6450bbbd,bigmacchung,2026-04-24,14:33:59,-07:00,2026-04-24T14:33:59-07:00,7,124
projects/part_c_teaching_video_modified_v8.html,400,html,6450bbbd,bigmacchung,2026-04-24,14:33:59,-07:00,2026-04-24T14:33:59-07:00,6,4
projects/part_c_teaching_video_modified_v8.html,401,html,6450bbbd,bigmacchung,2026-04-24,14:33:59,-07:00,2026-04-24T14:33:59-07:00,6,121
projects/part_c_teaching_video_modified_v8.html,402,html,6450bbbd,bigmacchung,2026-04-24,14:33:59,-07:00,2026-04-24T14:33:59-07:00,7,99
projects/part_c_teaching_video_modified_v8.html,403,html,6450bbbd,bigmacchung,2026-04-24,14:33:59,-07:00,2026-04-24T14:33:59-07:00,7,116
projects/part_c_teaching_video_modified_v8.html,404,html,6450bbbd,bigmacchung,2026-04-24,14:33:59,-07:00,2026-04-24T14:33:59-07:00,6,4
projects/part_c_teaching_video_modified_v8.html,405,html,6450bbbd,bigmacchung,2026-04-24,14:33:59,-07:00,2026-04-24T14:33:59-07:00,6,111
projects/part_c_teaching_video_modified_v8.html,406,html,6450bbbd,bigmacchung,2026-04-24,14:33:59,-07:00,2026-04-24T14:33:59-07:00,7,96
projects/part_c_teaching_video_modified_v8.html,407,html,6450bbbd,bigmacchung,2026-04-24,14:33:59,-07:00,2026-04-24T14:33:59-07:00,7,222
projects/part_c_teaching_video_modified_v8.html,408,html,6450bbbd,bigmacchung,2026-04-24,14:33:59,-07:00,2026-04-24T14:33:59-07:00,6,4
projects/part_c_teaching_video_modified_v8.html,409,html,6450bbbd,bigmacchung,2026-04-24,14:33:59,-07:00,2026-04-24T14:33:59-07:00,5,4
projects/part_c_teaching_video_modified_v8.html,410,html,6450bbbd,bigmacchung,2026-04-24,14:33:59,-07:00,2026-04-24T14:33:59-07:00,4,4
projects/part_c_teaching_video_modified_v8.html,411,html,6450bbbd,bigmacchung,2026-04-24,14:33:59,-07:00,2026-04-24T14:33:59-07:00,3,8
projects/part_c_teaching_video_modified_v8.html,412,html,6450bbbd,bigmacchung,2026-04-24,14:33:59,-07:00,2026-04-24T14:33:59-07:00,0,0
projects/part_c_teaching_video_modified_v8.html,413,html,6450bbbd,bigmacchung,2026-04-24,14:33:59,-07:00,2026-04-24T14:33:59-07:00,3,38
projects/part_c_teaching_video_modified_v8.html,414,html,6450bbbd,bigmacchung,2026-04-24,14:33:59,-07:00,2026-04-24T14:33:59-07:00,3,21
projects/part_c_teaching_video_modified_v8.html,415,html,6450bbbd,bigmacchung,2026-04-24,14:33:59,-07:00,2026-04-24T14:33:59-07:00,4,34
projects/part_c_teaching_video_modified_v8.html,416,html,6450bbbd,bigmacchung,2026-04-24,14:33:59,-07:00,2026-04-24T14:33:59-07:00,4,57
projects/part_c_teaching_video_modified_v8.html,417,html,6450bbbd,bigmacchung,2026-04-24,14:33:59,-07:00,2026-04-24T14:33:59-07:00,0,0
projects/part_c_teaching_video_modified_v8.html,418,html,6450bbbd,bigmacchung,2026-04-24,14:33:59,-07:00,2026-04-24T14:33:59-07:00,4,86
projects/part_c_teaching_video_modified_v8.html,419,html,6450bbbd,bigmacchung,2026-04-24,14:33:59,-07:00,2026-04-24T14:33:59-07:00,5,105
projects/part_c_teaching_video_modified_v8.html,420,html,6450bbbd,bigmacchung,2026-04-24,14:33:59,-07:00,2026-04-24T14:33:59-07:00,6,162
projects/part_c_teaching_video_modified_v8.html,421,html,6450bbbd,bigmacchung,2026-04-24,14:33:59,-07:00,2026-04-24T14:33:59-07:00,6,77
projects/part_c_teaching_video_modified_v8.html,422,html,6450bbbd,bigmacchung,2026-04-24,14:33:59,-07:00,2026-04-24T14:33:59-07:00,1,33
projects/part_c_teaching_video_modified_v8.html,423,html,6450bbbd,bigmacchung,2026-04-24,14:33:59,-07:00,2026-04-24T14:33:59-07:00,0,5
projects/part_c_teaching_video_modified_v8.html,424,html,6450bbbd,bigmacchung,2026-04-24,14:33:59,-07:00,2026-04-24T14:33:59-07:00,6,156
projects/part_c_teaching_video_modified_v8.html,425,html,6450bbbd,bigmacchung,2026-04-24,14:33:59,-07:00,2026-04-24T14:33:59-07:00,5,4
projects/part_c_teaching_video_modified_v8.html,426,html,6450bbbd,bigmacchung,2026-04-24,14:33:59,-07:00,2026-04-24T14:33:59-07:00,0,0
projects/part_c_teaching_video_modified_v8.html,427,html,6450bbbd,bigmacchung,2026-04-24,14:33:59,-07:00,2026-04-24T14:33:59-07:00,5,105
projects/part_c_teaching_video_modified_v8.html,428,html,6450bbbd,bigmacchung,2026-04-24,14:33:59,-07:00,2026-04-24T14:33:59-07:00,6,148
projects/part_c_teaching_video_modified_v8.html,429,html,6450bbbd,bigmacchung,2026-04-24,14:33:59,-07:00,2026-04-24T14:33:59-07:00,6,124
projects/part_c_teaching_video_modified_v8.html,430,html,6450bbbd,bigmacchung,2026-04-24,14:33:59,-07:00,2026-04-24T14:33:59-07:00,0,105
projects/part_c_teaching_video_modified_v8.html,431,html,6450bbbd,bigmacchung,2026-04-24,14:33:59,-07:00,2026-04-24T14:33:59-07:00,6,158
projects/part_c_teaching_video_modified_v8.html,432,html,6450bbbd,bigmacchung,2026-04-24,14:33:59,-07:00,2026-04-24T14:33:59-07:00,5,4
projects/part_c_teaching_video_modified_v8.html,433,html,6450bbbd,bigmacchung,2026-04-24,14:33:59,-07:00,2026-04-24T14:33:59-07:00,4,4
projects/part_c_teaching_video_modified_v8.html,434,html,6450bbbd,bigmacchung,2026-04-24,14:33:59,-07:00,2026-04-24T14:33:59-07:00,0,0
projects/part_c_teaching_video_modified_v8.html,435,html,6450bbbd,bigmacchung,2026-04-24,14:33:59,-07:00,2026-04-24T14:33:59-07:00,4,47
projects/part_c_teaching_video_modified_v8.html,436,html,6450bbbd,bigmacchung,2026-04-24,14:33:59,-07:00,2026-04-24T14:33:59-07:00,5,178
projects/part_c_teaching_video_modified_v8.html,437,html,6450bbbd,bigmacchung,2026-04-24,14:33:59,-07:00,2026-04-24T14:33:59-07:00,4,4
projects/part_c_teaching_video_modified_v8.html,438,html,6450bbbd,bigmacchung,2026-04-24,14:33:59,-07:00,2026-04-24T14:33:59-07:00,3,8
projects/part_c_teaching_video_modified_v8.html,439,html,6450bbbd,bigmacchung,2026-04-24,14:33:59,-07:00,2026-04-24T14:33:59-07:00,0,0
projects/part_c_teaching_video_modified_v8.html,440,html,6450bbbd,bigmacchung,2026-04-24,14:33:59,-07:00,2026-04-24T14:33:59-07:00,3,43
projects/part_c_teaching_video_modified_v8.html,441,html,6450bbbd,bigmacchung,2026-04-24,14:33:59,-07:00,2026-04-24T14:33:59-07:00,3,21
projects/part_c_teaching_video_modified_v8.html,442,html,6450bbbd,bigmacchung,2026-04-24,14:33:59,-07:00,2026-04-24T14:33:59-07:00,4,35
projects/part_c_teaching_video_modified_v8.html,443,html,6450bbbd,bigmacchung,2026-04-24,14:33:59,-07:00,2026-04-24T14:33:59-07:00,4,186
projects/part_c_teaching_video_modified_v8.html,444,html,6450bbbd,bigmacchung,2026-04-24,14:33:59,-07:00,2026-04-24T14:33:59-07:00,0,0
projects/part_c_teaching_video_modified_v8.html,445,html,6450bbbd,bigmacchung,2026-04-24,14:33:59,-07:00,2026-04-24T14:33:59-07:00,4,67
projects/part_c_teaching_video_modified_v8.html,446,html,6450bbbd,bigmacchung,2026-04-24,14:33:59,-07:00,2026-04-24T14:33:59-07:00,5,105
projects/part_c_teaching_video_modified_v8.html,447,html,6450bbbd,bigmacchung,2026-04-24,14:33:59,-07:00,2026-04-24T14:33:59-07:00,6,153
projects/part_c_teaching_video_modified_v8.html,448,html,6450bbbd,bigmacchung,2026-04-24,14:33:59,-07:00,2026-04-24T14:33:59-07:00,6,111
projects/part_c_teaching_video_modified_v8.html,449,html,6450bbbd,bigmacchung,2026-04-24,14:33:59,-07:00,2026-04-24T14:33:59-07:00,1,57
projects/part_c_teaching_video_modified_v8.html,450,html,6450bbbd,bigmacchung,2026-04-24,14:33:59,-07:00,2026-04-24T14:33:59-07:00,6,190
projects/part_c_teaching_video_modified_v8.html,451,html,6450bbbd,bigmacchung,2026-04-24,14:33:59,-07:00,2026-04-24T14:33:59-07:00,5,4
projects/part_c_teaching_video_modified_v8.html,452,html,6450bbbd,bigmacchung,2026-04-24,14:33:59,-07:00,2026-04-24T14:33:59-07:00,0,0
projects/part_c_teaching_video_modified_v8.html,453,html,6450bbbd,bigmacchung,2026-04-24,14:33:59,-07:00,2026-04-24T14:33:59-07:00,5,105
projects/part_c_teaching_video_modified_v8.html,454,html,6450bbbd,bigmacchung,2026-04-24,14:33:59,-07:00,2026-04-24T14:33:59-07:00,6,155
projects/part_c_teaching_video_modified_v8.html,455,html,6450bbbd,bigmacchung,2026-04-24,14:33:59,-07:00,2026-04-24T14:33:59-07:00,6,111
projects/part_c_teaching_video_modified_v8.html,456,html,6450bbbd,bigmacchung,2026-04-24,14:33:59,-07:00,2026-04-24T14:33:59-07:00,1,57
projects/part_c_teaching_video_modified_v8.html,457,html,6450bbbd,bigmacchung,2026-04-24,14:33:59,-07:00,2026-04-24T14:33:59-07:00,6,182
projects/part_c_teaching_video_modified_v8.html,458,html,6450bbbd,bigmacchung,2026-04-24,14:33:59,-07:00,2026-04-24T14:33:59-07:00,5,4
projects/part_c_teaching_video_modified_v8.html,459,html,6450bbbd,bigmacchung,2026-04-24,14:33:59,-07:00,2026-04-24T14:33:59-07:00,4,4
projects/part_c_teaching_video_modified_v8.html,460,html,6450bbbd,bigmacchung,2026-04-24,14:33:59,-07:00,2026-04-24T14:33:59-07:00,0,0
projects/part_c_teaching_video_modified_v8.html,461,html,6450bbbd,bigmacchung,2026-04-24,14:33:59,-07:00,2026-04-24T14:33:59-07:00,4,84
projects/part_c_teaching_video_modified_v8.html,462,html,6450bbbd,bigmacchung,2026-04-24,14:33:59,-07:00,2026-04-24T14:33:59-07:00,5,45
projects/part_c_teaching_video_modified_v8.html,463,html,6450bbbd,bigmacchung,2026-04-24,14:33:59,-07:00,2026-04-24T14:33:59-07:00,6,86
projects/part_c_teaching_video_modified_v8.html,464,html,6450bbbd,bigmacchung,2026-04-24,14:33:59,-07:00,2026-04-24T14:33:59-07:00,5,4
projects/part_c_teaching_video_modified_v8.html,465,html,6450bbbd,bigmacchung,2026-04-24,14:33:59,-07:00,2026-04-24T14:33:59-07:00,5,45
projects/part_c_teaching_video_modified_v8.html,466,html,6450bbbd,bigmacchung,2026-04-24,14:33:59,-07:00,2026-04-24T14:33:59-07:00,6,100
projects/part_c_teaching_video_modified_v8.html,467,html,6450bbbd,bigmacchung,2026-04-24,14:33:59,-07:00,2026-04-24T14:33:59-07:00,5,4
projects/part_c_teaching_video_modified_v8.html,468,html,6450bbbd,bigmacchung,2026-04-24,14:33:59,-07:00,2026-04-24T14:33:59-07:00,4,4
projects/part_c_teaching_video_modified_v8.html,469,html,6450bbbd,bigmacchung,2026-04-24,14:33:59,-07:00,2026-04-24T14:33:59-07:00,3,8
projects/part_c_teaching_video_modified_v8.html,470,html,6450bbbd,bigmacchung,2026-04-24,14:33:59,-07:00,2026-04-24T14:33:59-07:00,0,0
projects/part_c_teaching_video_modified_v8.html,471,html,6450bbbd,bigmacchung,2026-04-24,14:33:59,-07:00,2026-04-24T14:33:59-07:00,3,33
projects/part_c_teaching_video_modified_v8.html,472,html,6450bbbd,bigmacchung,2026-04-24,14:33:59,-07:00,2026-04-24T14:33:59-07:00,3,21
projects/part_c_teaching_video_modified_v8.html,473,html,6450bbbd,bigmacchung,2026-04-24,14:33:59,-07:00,2026-04-24T14:33:59-07:00,4,33
projects/part_c_teaching_video_modified_v8.html,474,html,6450bbbd,bigmacchung,2026-04-24,14:33:59,-07:00,2026-04-24T14:33:59-07:00,4,68
projects/part_c_teaching_video_modified_v8.html,475,html,6450bbbd,bigmacchung,2026-04-24,14:33:59,-07:00,2026-04-24T14:33:59-07:00,4,22
projects/part_c_teaching_video_modified_v8.html,476,html,6450bbbd,bigmacchung,2026-04-24,14:33:59,-07:00,2026-04-24T14:33:59-07:00,5,24
projects/part_c_teaching_video_modified_v8.html,477,html,6450bbbd,bigmacchung,2026-04-24,14:33:59,-07:00,2026-04-24T14:33:59-07:00,6,46
projects/part_c_teaching_video_modified_v8.html,478,html,6450bbbd,bigmacchung,2026-04-24,14:33:59,-07:00,2026-04-24T14:33:59-07:00,7,95
projects/part_c_teaching_video_modified_v8.html,479,html,6450bbbd,bigmacchung,2026-04-24,14:33:59,-07:00,2026-04-24T14:33:59-07:00,7,95
projects/part_c_teaching_video_modified_v8.html,480,html,6450bbbd,bigmacchung,2026-04-24,14:33:59,-07:00,2026-04-24T14:33:59-07:00,6,4
projects/part_c_teaching_video_modified_v8.html,481,html,6450bbbd,bigmacchung,2026-04-24,14:33:59,-07:00,2026-04-24T14:33:59-07:00,6,28
projects/part_c_teaching_video_modified_v8.html,482,html,6450bbbd,bigmacchung,2026-04-24,14:33:59,-07:00,2026-04-24T14:33:59-07:00,5,4
projects/part_c_teaching_video_modified_v8.html,483,html,6450bbbd,bigmacchung,2026-04-24,14:33:59,-07:00,2026-04-24T14:33:59-07:00,5,21
projects/part_c_teaching_video_modified_v8.html,484,html,6450bbbd,bigmacchung,2026-04-24,14:33:59,-07:00,2026-04-24T14:33:59-07:00,6,46
projects/part_c_teaching_video_modified_v8.html,485,html,6450bbbd,bigmacchung,2026-04-24,14:33:59,-07:00,2026-04-24T14:33:59-07:00,7,122
projects/part_c_teaching_video_modified_v8.html,486,html,6450bbbd,bigmacchung,2026-04-24,14:33:59,-07:00,2026-04-24T14:33:59-07:00,7,98
projects/part_c_teaching_video_modified_v8.html,487,html,6450bbbd,bigmacchung,2026-04-24,14:33:59,-07:00,2026-04-24T14:33:59-07:00,6,4
projects/part_c_teaching_video_modified_v8.html,488,html,6450bbbd,bigmacchung,2026-04-24,14:33:59,-07:00,2026-04-24T14:33:59-07:00,6,30
projects/part_c_teaching_video_modified_v8.html,489,html,6450bbbd,bigmacchung,2026-04-24,14:33:59,-07:00,2026-04-24T14:33:59-07:00,5,4
projects/part_c_teaching_video_modified_v8.html,490,html,6450bbbd,bigmacchung,2026-04-24,14:33:59,-07:00,2026-04-24T14:33:59-07:00,5,20
projects/part_c_teaching_video_modified_v8.html,491,html,6450bbbd,bigmacchung,2026-04-24,14:33:59,-07:00,2026-04-24T14:33:59-07:00,6,46
projects/part_c_teaching_video_modified_v8.html,492,html,6450bbbd,bigmacchung,2026-04-24,14:33:59,-07:00,2026-04-24T14:33:59-07:00,7,99
projects/part_c_teaching_video_modified_v8.html,493,html,6450bbbd,bigmacchung,2026-04-24,14:33:59,-07:00,2026-04-24T14:33:59-07:00,7,95
projects/part_c_teaching_video_modified_v8.html,494,html,6450bbbd,bigmacchung,2026-04-24,14:33:59,-07:00,2026-04-24T14:33:59-07:00,6,4
projects/part_c_teaching_video_modified_v8.html,495,html,6450bbbd,bigmacchung,2026-04-24,14:33:59,-07:00,2026-04-24T14:33:59-07:00,6,25
projects/part_c_teaching_video_modified_v8.html,496,html,6450bbbd,bigmacchung,2026-04-24,14:33:59,-07:00,2026-04-24T14:33:59-07:00,5,4
projects/part_c_teaching_video_modified_v8.html,497,html,6450bbbd,bigmacchung,2026-04-24,14:33:59,-07:00,2026-04-24T14:33:59-07:00,4,4
projects/part_c_teaching_video_modified_v8.html,498,html,6450bbbd,bigmacchung,2026-04-24,14:33:59,-07:00,2026-04-24T14:33:59-07:00,4,141
projects/part_c_teaching_video_modified_v8.html,499,html,6450bbbd,bigmacchung,2026-04-24,14:33:59,-07:00,2026-04-24T14:33:59-07:00,3,8
projects/part_c_teaching_video_modified_v8.html,500,html,6450bbbd,bigmacchung,2026-04-24,14:33:59,-07:00,2026-04-24T14:33:59-07:00,0,0
projects/part_c_teaching_video_modified_v8.html,501,html,6450bbbd,bigmacchung,2026-04-24,14:33:59,-07:00,2026-04-24T14:33:59-07:00,3,29
projects/part_c_teaching_video_modified_v8.html,502,html,6450bbbd,bigmacchung,2026-04-24,14:33:59,-07:00,2026-04-24T14:33:59-07:00,3,21
projects/part_c_teaching_video_modified_v8.html,503,html,6450bbbd,bigmacchung,2026-04-24,14:33:59,-07:00,2026-04-24T14:33:59-07:00,4,33
projects/part_c_teaching_video_modified_v8.html,504,html,6450bbbd,bigmacchung,2026-04-24,14:33:59,-07:00,2026-04-24T14:33:59-07:00,4,65
projects/part_c_teaching_video_modified_v8.html,505,html,6450bbbd,bigmacchung,2026-04-24,14:33:59,-07:00,2026-04-24T14:33:59-07:00,4,19
projects/part_c_teaching_video_modified_v8.html,506,html,6450bbbd,bigmacchung,2026-04-24,14:33:59,-07:00,2026-04-24T14:33:59-07:00,5,25
projects/part_c_teaching_video_modified_v8.html,507,html,6450bbbd,bigmacchung,2026-04-24,14:33:59,-07:00,2026-04-24T14:33:59-07:00,6,16
projects/part_c_teaching_video_modified_v8.html,508,html,6450bbbd,bigmacchung,2026-04-24,14:33:59,-07:00,2026-04-24T14:33:59-07:00,6,20
projects/part_c_teaching_video_modified_v8.html,509,html,6450bbbd,bigmacchung,2026-04-24,14:33:59,-07:00,2026-04-24T14:33:59-07:00,7,228
projects/part_c_teaching_video_modified_v8.html,510,html,6450bbbd,bigmacchung,2026-04-24,14:33:59,-07:00,2026-04-24T14:33:59-07:00,7,176
projects/part_c_teaching_video_modified_v8.html,511,html,6450bbbd,bigmacchung,2026-04-24,14:33:59,-07:00,2026-04-24T14:33:59-07:00,7,366
projects/part_c_teaching_video_modified_v8.html,512,html,6450bbbd,bigmacchung,2026-04-24,14:33:59,-07:00,2026-04-24T14:33:59-07:00,7,158
projects/part_c_teaching_video_modified_v8.html,513,html,6450bbbd,bigmacchung,2026-04-24,14:33:59,-07:00,2026-04-24T14:33:59-07:00,7,248
projects/part_c_teaching_video_modified_v8.html,514,html,6450bbbd,bigmacchung,2026-04-24,14:33:59,-07:00,2026-04-24T14:33:59-07:00,6,4
projects/part_c_teaching_video_modified_v8.html,515,html,6450bbbd,bigmacchung,2026-04-24,14:33:59,-07:00,2026-04-24T14:33:59-07:00,6,111
projects/part_c_teaching_video_modified_v8.html,516,html,6450bbbd,bigmacchung,2026-04-24,14:33:59,-07:00,2026-04-24T14:33:59-07:00,5,4
projects/part_c_teaching_video_modified_v8.html,517,html,6450bbbd,bigmacchung,2026-04-24,14:33:59,-07:00,2026-04-24T14:33:59-07:00,5,24
projects/part_c_teaching_video_modified_v8.html,518,html,6450bbbd,bigmacchung,2026-04-24,14:33:59,-07:00,2026-04-24T14:33:59-07:00,6,11
projects/part_c_teaching_video_modified_v8.html,519,html,6450bbbd,bigmacchung,2026-04-24,14:33:59,-07:00,2026-04-24T14:33:59-07:00,6,20
projects/part_c_teaching_video_modified_v8.html,520,html,6450bbbd,bigmacchung,2026-04-24,14:33:59,-07:00,2026-04-24T14:33:59-07:00,7,247
projects/part_c_teaching_video_modified_v8.html,521,html,6450bbbd,bigmacchung,2026-04-24,14:33:59,-07:00,2026-04-24T14:33:59-07:00,6,4
projects/part_c_teaching_video_modified_v8.html,522,html,6450bbbd,bigmacchung,2026-04-24,14:33:59,-07:00,2026-04-24T14:33:59-07:00,6,102
projects/part_c_teaching_video_modified_v8.html,523,html,6450bbbd,bigmacchung,2026-04-24,14:33:59,-07:00,2026-04-24T14:33:59-07:00,5,4
projects/part_c_teaching_video_modified_v8.html,524,html,6450bbbd,bigmacchung,2026-04-24,14:33:59,-07:00,2026-04-24T14:33:59-07:00,4,4
projects/part_c_teaching_video_modified_v8.html,525,html,6450bbbd,bigmacchung,2026-04-24,14:33:59,-07:00,2026-04-24T14:33:59-07:00,4,127
projects/part_c_teaching_video_modified_v8.html,526,html,6450bbbd,bigmacchung,2026-04-24,14:33:59,-07:00,2026-04-24T14:33:59-07:00,3,8
projects/part_c_teaching_video_modified_v8.html,527,html,6450bbbd,bigmacchung,2026-04-24,14:33:59,-07:00,2026-04-24T14:33:59-07:00,0,0
projects/part_c_teaching_video_modified_v8.html,528,html,6450bbbd,bigmacchung,2026-04-24,14:33:59,-07:00,2026-04-24T14:33:59-07:00,3,38
projects/part_c_teaching_video_modified_v8.html,529,html,6450bbbd,bigmacchung,2026-04-24,14:33:59,-07:00,2026-04-24T14:33:59-07:00,3,21
projects/part_c_teaching_video_modified_v8.html,530,html,6450bbbd,bigmacchung,2026-04-24,14:33:59,-07:00,2026-04-24T14:33:59-07:00,4,52
projects/part_c_teaching_video_modified_v8.html,531,html,6450bbbd,bigmacchung,2026-04-24,14:33:59,-07:00,2026-04-24T14:33:59-07:00,4,62
projects/part_c_teaching_video_modified_v8.html,532,html,6450bbbd,bigmacchung,2026-04-24,14:33:59,-07:00,2026-04-24T14:33:59-07:00,4,21
projects/part_c_teaching_video_modified_v8.html,533,html,6450bbbd,bigmacchung,2026-04-24,14:33:59,-07:00,2026-04-24T14:33:59-07:00,0,0
projects/part_c_teaching_video_modified_v8.html,534,html,6450bbbd,bigmacchung,2026-04-24,14:33:59,-07:00,2026-04-24T14:33:59-07:00,5,29
projects/part_c_teaching_video_modified_v8.html,535,html,6450bbbd,bigmacchung,2026-04-24,14:33:59,-07:00,2026-04-24T14:33:59-07:00,6,25
projects/part_c_teaching_video_modified_v8.html,536,html,6450bbbd,bigmacchung,2026-04-24,14:33:59,-07:00,2026-04-24T14:33:59-07:00,7,46
projects/part_c_teaching_video_modified_v8.html,537,html,6450bbbd,bigmacchung,2026-04-24,14:33:59,-07:00,2026-04-24T14:33:59-07:00,8,96
projects/part_c_teaching_video_modified_v8.html,538,html,6450bbbd,bigmacchung,2026-04-24,14:33:59,-07:00,2026-04-24T14:33:59-07:00,8,96
projects/part_c_teaching_video_modified_v8.html,539,html,6450bbbd,bigmacchung,2026-04-24,14:33:59,-07:00,2026-04-24T14:33:59-07:00,8,57
projects/part_c_teaching_video_modified_v8.html,540,html,6450bbbd,bigmacchung,2026-04-24,14:33:59,-07:00,2026-04-24T14:33:59-07:00,8,76
projects/part_c_teaching_video_modified_v8.html,541,html,6450bbbd,bigmacchung,2026-04-24,14:33:59,-07:00,2026-04-24T14:33:59-07:00,8,97
projects/part_c_teaching_video_modified_v8.html,542,html,6450bbbd,bigmacchung,2026-04-24,14:33:59,-07:00,2026-04-24T14:33:59-07:00,8,99
projects/part_c_teaching_video_modified_v8.html,543,html,6450bbbd,bigmacchung,2026-04-24,14:33:59,-07:00,2026-04-24T14:33:59-07:00,7,4
projects/part_c_teaching_video_modified_v8.html,544,html,6450bbbd,bigmacchung,2026-04-24,14:33:59,-07:00,2026-04-24T14:33:59-07:00,6,4
projects/part_c_teaching_video_modified_v8.html,545,html,6450bbbd,bigmacchung,2026-04-24,14:33:59,-07:00,2026-04-24T14:33:59-07:00,6,3
projects/part_c_teaching_video_modified_v8.html,546,html,6450bbbd,bigmacchung,2026-04-24,14:33:59,-07:00,2026-04-24T14:33:59-07:00,7,47
projects/part_c_teaching_video_modified_v8.html,547,html,6450bbbd,bigmacchung,2026-04-24,14:33:59,-07:00,2026-04-24T14:33:59-07:00,7,94
projects/part_c_teaching_video_modified_v8.html,548,html,6450bbbd,bigmacchung,2026-04-24,14:33:59,-07:00,2026-04-24T14:33:59-07:00,6,4
projects/part_c_teaching_video_modified_v8.html,549,html,6450bbbd,bigmacchung,2026-04-24,14:33:59,-07:00,2026-04-24T14:33:59-07:00,5,4
projects/part_c_teaching_video_modified_v8.html,550,html,6450bbbd,bigmacchung,2026-04-24,14:33:59,-07:00,2026-04-24T14:33:59-07:00,0,0
projects/part_c_teaching_video_modified_v8.html,551,html,6450bbbd,bigmacchung,2026-04-24,14:33:59,-07:00,2026-04-24T14:33:59-07:00,5,31
projects/part_c_teaching_video_modified_v8.html,552,html,6450bbbd,bigmacchung,2026-04-24,14:33:59,-07:00,2026-04-24T14:33:59-07:00,6,25
projects/part_c_teaching_video_modified_v8.html,553,html,6450bbbd,bigmacchung,2026-04-24,14:33:59,-07:00,2026-04-24T14:33:59-07:00,7,46
projects/part_c_teaching_video_modified_v8.html,554,html,6450bbbd,bigmacchung,2026-04-24,14:33:59,-07:00,2026-04-24T14:33:59-07:00,8,96
projects/part_c_teaching_video_modified_v8.html,555,html,6450bbbd,bigmacchung,2026-04-24,14:33:59,-07:00,2026-04-24T14:33:59-07:00,8,95
projects/part_c_teaching_video_modified_v8.html,556,html,6450bbbd,bigmacchung,2026-04-24,14:33:59,-07:00,2026-04-24T14:33:59-07:00,8,57
projects/part_c_teaching_video_modified_v8.html,557,html,6450bbbd,bigmacchung,2026-04-24,14:33:59,-07:00,2026-04-24T14:33:59-07:00,8,76
projects/part_c_teaching_video_modified_v8.html,558,html,6450bbbd,bigmacchung,2026-04-24,14:33:59,-07:00,2026-04-24T14:33:59-07:00,8,106
projects/part_c_teaching_video_modified_v8.html,559,html,6450bbbd,bigmacchung,2026-04-24,14:33:59,-07:00,2026-04-24T14:33:59-07:00,8,92
projects/part_c_teaching_video_modified_v8.html,560,html,6450bbbd,bigmacchung,2026-04-24,14:33:59,-07:00,2026-04-24T14:33:59-07:00,7,4
projects/part_c_teaching_video_modified_v8.html,561,html,6450bbbd,bigmacchung,2026-04-24,14:33:59,-07:00,2026-04-24T14:33:59-07:00,6,4
projects/part_c_teaching_video_modified_v8.html,562,html,6450bbbd,bigmacchung,2026-04-24,14:33:59,-07:00,2026-04-24T14:33:59-07:00,6,3
projects/part_c_teaching_video_modified_v8.html,563,html,6450bbbd,bigmacchung,2026-04-24,14:33:59,-07:00,2026-04-24T14:33:59-07:00,7,44
projects/part_c_teaching_video_modified_v8.html,564,html,6450bbbd,bigmacchung,2026-04-24,14:33:59,-07:00,2026-04-24T14:33:59-07:00,7,97
projects/part_c_teaching_video_modified_v8.html,565,html,6450bbbd,bigmacchung,2026-04-24,14:33:59,-07:00,2026-04-24T14:33:59-07:00,6,4
projects/part_c_teaching_video_modified_v8.html,566,html,6450bbbd,bigmacchung,2026-04-24,14:33:59,-07:00,2026-04-24T14:33:59-07:00,5,4
projects/part_c_teaching_video_modified_v8.html,567,html,6450bbbd,bigmacchung,2026-04-24,14:33:59,-07:00,2026-04-24T14:33:59-07:00,0,0
projects/part_c_teaching_video_modified_v8.html,568,html,6450bbbd,bigmacchung,2026-04-24,14:33:59,-07:00,2026-04-24T14:33:59-07:00,5,29
projects/part_c_teaching_video_modified_v8.html,569,html,6450bbbd,bigmacchung,2026-04-24,14:33:59,-07:00,2026-04-24T14:33:59-07:00,6,25
projects/part_c_teaching_video_modified_v8.html,570,html,6450bbbd,bigmacchung,2026-04-24,14:33:59,-07:00,2026-04-24T14:33:59-07:00,7,46
projects/part_c_teaching_video_modified_v8.html,571,html,6450bbbd,bigmacchung,2026-04-24,14:33:59,-07:00,2026-04-24T14:33:59-07:00,8,102
projects/part_c_teaching_video_modified_v8.html,572,html,6450bbbd,bigmacchung,2026-04-24,14:33:59,-07:00,2026-04-24T14:33:59-07:00,8,92
projects/part_c_teaching_video_modified_v8.html,573,html,6450bbbd,bigmacchung,2026-04-24,14:33:59,-07:00,2026-04-24T14:33:59-07:00,8,57
projects/part_c_teaching_video_modified_v8.html,574,html,6450bbbd,bigmacchung,2026-04-24,14:33:59,-07:00,2026-04-24T14:33:59-07:00,8,76
projects/part_c_teaching_video_modified_v8.html,575,html,6450bbbd,bigmacchung,2026-04-24,14:33:59,-07:00,2026-04-24T14:33:59-07:00,8,97
projects/part_c_teaching_video_modified_v8.html,576,html,6450bbbd,bigmacchung,2026-04-24,14:33:59,-07:00,2026-04-24T14:33:59-07:00,8,96
projects/part_c_teaching_video_modified_v8.html,577,html,6450bbbd,bigmacchung,2026-04-24,14:33:59,-07:00,2026-04-24T14:33:59-07:00,7,4
projects/part_c_teaching_video_modified_v8.html,578,html,6450bbbd,bigmacchung,2026-04-24,14:33:59,-07:00,2026-04-24T14:33:59-07:00,6,4
projects/part_c_teaching_video_modified_v8.html,579,html,6450bbbd,bigmacchung,2026-04-24,14:33:59,-07:00,2026-04-24T14:33:59-07:00,6,3
projects/part_c_teaching_video_modified_v8.html,580,html,6450bbbd,bigmacchung,2026-04-24,14:33:59,-07:00,2026-04-24T14:33:59-07:00,7,44
projects/part_c_teaching_video_modified_v8.html,581,html,6450bbbd,bigmacchung,2026-04-24,14:33:59,-07:00,2026-04-24T14:33:59-07:00,7,108
projects/part_c_teaching_video_modified_v8.html,582,html,6450bbbd,bigmacchung,2026-04-24,14:33:59,-07:00,2026-04-24T14:33:59-07:00,6,4
projects/part_c_teaching_video_modified_v8.html,583,html,6450bbbd,bigmacchung,2026-04-24,14:33:59,-07:00,2026-04-24T14:33:59-07:00,5,4
projects/part_c_teaching_video_modified_v8.html,584,html,6450bbbd,bigmacchung,2026-04-24,14:33:59,-07:00,2026-04-24T14:33:59-07:00,0,0
projects/part_c_teaching_video_modified_v8.html,585,html,6450bbbd,bigmacchung,2026-04-24,14:33:59,-07:00,2026-04-24T14:33:59-07:00,5,25
projects/part_c_teaching_video_modified_v8.html,586,html,6450bbbd,bigmacchung,2026-04-24,14:33:59,-07:00,2026-04-24T14:33:59-07:00,6,25
projects/part_c_teaching_video_modified_v8.html,587,html,6450bbbd,bigmacchung,2026-04-24,14:33:59,-07:00,2026-04-24T14:33:59-07:00,7,46
projects/part_c_teaching_video_modified_v8.html,588,html,6450bbbd,bigmacchung,2026-04-24,14:33:59,-07:00,2026-04-24T14:33:59-07:00,8,119
projects/part_c_teaching_video_modified_v8.html,589,html,6450bbbd,bigmacchung,2026-04-24,14:33:59,-07:00,2026-04-24T14:33:59-07:00,8,96
projects/part_c_teaching_video_modified_v8.html,590,html,6450bbbd,bigmacchung,2026-04-24,14:33:59,-07:00,2026-04-24T14:33:59-07:00,8,57
projects/part_c_teaching_video_modified_v8.html,591,html,6450bbbd,bigmacchung,2026-04-24,14:33:59,-07:00,2026-04-24T14:33:59-07:00,8,76
projects/part_c_teaching_video_modified_v8.html,592,html,6450bbbd,bigmacchung,2026-04-24,14:33:59,-07:00,2026-04-24T14:33:59-07:00,8,120
projects/part_c_teaching_video_modified_v8.html,593,html,6450bbbd,bigmacchung,2026-04-24,14:33:59,-07:00,2026-04-24T14:33:59-07:00,8,96
projects/part_c_teaching_video_modified_v8.html,594,html,6450bbbd,bigmacchung,2026-04-24,14:33:59,-07:00,2026-04-24T14:33:59-07:00,7,4
projects/part_c_teaching_video_modified_v8.html,595,html,6450bbbd,bigmacchung,2026-04-24,14:33:59,-07:00,2026-04-24T14:33:59-07:00,6,4
projects/part_c_teaching_video_modified_v8.html,596,html,6450bbbd,bigmacchung,2026-04-24,14:33:59,-07:00,2026-04-24T14:33:59-07:00,6,3
projects/part_c_teaching_video_modified_v8.html,597,html,6450bbbd,bigmacchung,2026-04-24,14:33:59,-07:00,2026-04-24T14:33:59-07:00,7,41
projects/part_c_teaching_video_modified_v8.html,598,html,6450bbbd,bigmacchung,2026-04-24,14:33:59,-07:00,2026-04-24T14:33:59-07:00,7,98
projects/part_c_teaching_video_modified_v8.html,599,html,6450bbbd,bigmacchung,2026-04-24,14:33:59,-07:00,2026-04-24T14:33:59-07:00,6,4
projects/part_c_teaching_video_modified_v8.html,600,html,6450bbbd,bigmacchung,2026-04-24,14:33:59,-07:00,2026-04-24T14:33:59-07:00,5,4
projects/part_c_teaching_video_modified_v8.html,601,html,6450bbbd,bigmacchung,2026-04-24,14:33:59,-07:00,2026-04-24T14:33:59-07:00,0,0
projects/part_c_teaching_video_modified_v8.html,602,html,6450bbbd,bigmacchung,2026-04-24,14:33:59,-07:00,2026-04-24T14:33:59-07:00,4,4
projects/part_c_teaching_video_modified_v8.html,603,html,6450bbbd,bigmacchung,2026-04-24,14:33:59,-07:00,2026-04-24T14:33:59-07:00,0,0
projects/part_c_teaching_video_modified_v8.html,604,html,6450bbbd,bigmacchung,2026-04-24,14:33:59,-07:00,2026-04-24T14:33:59-07:00,4,84
projects/part_c_teaching_video_modified_v8.html,605,html,6450bbbd,bigmacchung,2026-04-24,14:33:59,-07:00,2026-04-24T14:33:59-07:00,5,105
projects/part_c_teaching_video_modified_v8.html,606,html,6450bbbd,bigmacchung,2026-04-24,14:33:59,-07:00,2026-04-24T14:33:59-07:00,6,126
projects/part_c_teaching_video_modified_v8.html,607,html,6450bbbd,bigmacchung,2026-04-24,14:33:59,-07:00,2026-04-24T14:33:59-07:00,6,289
projects/part_c_teaching_video_modified_v8.html,608,html,6450bbbd,bigmacchung,2026-04-24,14:33:59,-07:00,2026-04-24T14:33:59-07:00,5,4
projects/part_c_teaching_video_modified_v8.html,609,html,6450bbbd,bigmacchung,2026-04-24,14:33:59,-07:00,2026-04-24T14:33:59-07:00,5,118
projects/part_c_teaching_video_modified_v8.html,610,html,6450bbbd,bigmacchung,2026-04-24,14:33:59,-07:00,2026-04-24T14:33:59-07:00,6,115
projects/part_c_teaching_video_modified_v8.html,611,html,6450bbbd,bigmacchung,2026-04-24,14:33:59,-07:00,2026-04-24T14:33:59-07:00,6,170
projects/part_c_teaching_video_modified_v8.html,612,html,6450bbbd,bigmacchung,2026-04-24,14:33:59,-07:00,2026-04-24T14:33:59-07:00,5,4
projects/part_c_teaching_video_modified_v8.html,613,html,6450bbbd,bigmacchung,2026-04-24,14:33:59,-07:00,2026-04-24T14:33:59-07:00,4,4
projects/part_c_teaching_video_modified_v8.html,614,html,6450bbbd,bigmacchung,2026-04-24,14:33:59,-07:00,2026-04-24T14:33:59-07:00,3,8
projects/part_c_teaching_video_modified_v8.html,615,html,6450bbbd,bigmacchung,2026-04-24,14:33:59,-07:00,2026-04-24T14:33:59-07:00,0,0
projects/part_c_teaching_video_modified_v8.html,616,html,6450bbbd,bigmacchung,2026-04-24,14:33:59,-07:00,2026-04-24T14:33:59-07:00,3,58
projects/part_c_teaching_video_modified_v8.html,617,html,6450bbbd,bigmacchung,2026-04-24,14:33:59,-07:00,2026-04-24T14:33:59-07:00,3,21
projects/part_c_teaching_video_modified_v8.html,618,html,6450bbbd,bigmacchung,2026-04-24,14:33:59,-07:00,2026-04-24T14:33:59-07:00,4,45
projects/part_c_teaching_video_modified_v8.html,619,html,6450bbbd,bigmacchung,2026-04-24,14:33:59,-07:00,2026-04-24T14:33:59-07:00,4,64
projects/part_c_teaching_video_modified_v8.html,620,html,6450bbbd,bigmacchung,2026-04-24,14:33:59,-07:00,2026-04-24T14:33:59-07:00,0,0
projects/part_c_teaching_video_modified_v8.html,621,html,6450bbbd,bigmacchung,2026-04-24,14:33:59,-07:00,2026-04-24T14:33:59-07:00,4,87
projects/part_c_teaching_video_modified_v8.html,622,html,6450bbbd,bigmacchung,2026-04-24,14:33:59,-07:00,2026-04-24T14:33:59-07:00,5,105
projects/part_c_teaching_video_modified_v8.html,623,html,6450bbbd,bigmacchung,2026-04-24,14:33:59,-07:00,2026-04-24T14:33:59-07:00,6,116
projects/part_c_teaching_video_modified_v8.html,624,html,6450bbbd,bigmacchung,2026-04-24,14:33:59,-07:00,2026-04-24T14:33:59-07:00,6,275
projects/part_c_teaching_video_modified_v8.html,625,html,6450bbbd,bigmacchung,2026-04-24,14:33:59,-07:00,2026-04-24T14:33:59-07:00,5,4
projects/part_c_teaching_video_modified_v8.html,626,html,6450bbbd,bigmacchung,2026-04-24,14:33:59,-07:00,2026-04-24T14:33:59-07:00,5,105
projects/part_c_teaching_video_modified_v8.html,627,html,6450bbbd,bigmacchung,2026-04-24,14:33:59,-07:00,2026-04-24T14:33:59-07:00,6,116
projects/part_c_teaching_video_modified_v8.html,628,html,6450bbbd,bigmacchung,2026-04-24,14:33:59,-07:00,2026-04-24T14:33:59-07:00,6,267
projects/part_c_teaching_video_modified_v8.html,629,html,6450bbbd,bigmacchung,2026-04-24,14:33:59,-07:00,2026-04-24T14:33:59-07:00,5,4
projects/part_c_teaching_video_modified_v8.html,630,html,6450bbbd,bigmacchung,2026-04-24,14:33:59,-07:00,2026-04-24T14:33:59-07:00,4,4
projects/part_c_teaching_video_modified_v8.html,631,html,6450bbbd,bigmacchung,2026-04-24,14:33:59,-07:00,2026-04-24T14:33:59-07:00,0,0
projects/part_c_teaching_video_modified_v8.html,632,html,6450bbbd,bigmacchung,2026-04-24,14:33:59,-07:00,2026-04-24T14:33:59-07:00,4,19
projects/part_c_teaching_video_modified_v8.html,633,html,6450bbbd,bigmacchung,2026-04-24,14:33:59,-07:00,2026-04-24T14:33:59-07:00,5,22
projects/part_c_teaching_video_modified_v8.html,634,html,6450bbbd,bigmacchung,2026-04-24,14:33:59,-07:00,2026-04-24T14:33:59-07:00,6,48
projects/part_c_teaching_video_modified_v8.html,635,html,6450bbbd,bigmacchung,2026-04-24,14:33:59,-07:00,2026-04-24T14:33:59-07:00,7,71
projects/part_c_teaching_video_modified_v8.html,636,html,6450bbbd,bigmacchung,2026-04-24,14:33:59,-07:00,2026-04-24T14:33:59-07:00,7,71
projects/part_c_teaching_video_modified_v8.html,637,html,6450bbbd,bigmacchung,2026-04-24,14:33:59,-07:00,2026-04-24T14:33:59-07:00,7,71
projects/part_c_teaching_video_modified_v8.html,638,html,6450bbbd,bigmacchung,2026-04-24,14:33:59,-07:00,2026-04-24T14:33:59-07:00,7,64
projects/part_c_teaching_video_modified_v8.html,639,html,6450bbbd,bigmacchung,2026-04-24,14:33:59,-07:00,2026-04-24T14:33:59-07:00,7,41
projects/part_c_teaching_video_modified_v8.html,640,html,6450bbbd,bigmacchung,2026-04-24,14:33:59,-07:00,2026-04-24T14:33:59-07:00,6,4
projects/part_c_teaching_video_modified_v8.html,641,html,6450bbbd,bigmacchung,2026-04-24,14:33:59,-07:00,2026-04-24T14:33:59-07:00,6,29
projects/part_c_teaching_video_modified_v8.html,642,html,6450bbbd,bigmacchung,2026-04-24,14:33:59,-07:00,2026-04-24T14:33:59-07:00,5,4
projects/part_c_teaching_video_modified_v8.html,643,html,6450bbbd,bigmacchung,2026-04-24,14:33:59,-07:00,2026-04-24T14:33:59-07:00,5,22
projects/part_c_teaching_video_modified_v8.html,644,html,6450bbbd,bigmacchung,2026-04-24,14:33:59,-07:00,2026-04-24T14:33:59-07:00,6,48
projects/part_c_teaching_video_modified_v8.html,645,html,6450bbbd,bigmacchung,2026-04-24,14:33:59,-07:00,2026-04-24T14:33:59-07:00,7,71
projects/part_c_teaching_video_modified_v8.html,646,html,6450bbbd,bigmacchung,2026-04-24,14:33:59,-07:00,2026-04-24T14:33:59-07:00,7,71
projects/part_c_teaching_video_modified_v8.html,647,html,6450bbbd,bigmacchung,2026-04-24,14:33:59,-07:00,2026-04-24T14:33:59-07:00,7,71
projects/part_c_teaching_video_modified_v8.html,648,html,6450bbbd,bigmacchung,2026-04-24,14:33:59,-07:00,2026-04-24T14:33:59-07:00,7,64
projects/part_c_teaching_video_modified_v8.html,649,html,6450bbbd,bigmacchung,2026-04-24,14:33:59,-07:00,2026-04-24T14:33:59-07:00,7,93
projects/part_c_teaching_video_modified_v8.html,650,html,6450bbbd,bigmacchung,2026-04-24,14:33:59,-07:00,2026-04-24T14:33:59-07:00,6,4
projects/part_c_teaching_video_modified_v8.html,651,html,6450bbbd,bigmacchung,2026-04-24,14:33:59,-07:00,2026-04-24T14:33:59-07:00,6,41
projects/part_c_teaching_video_modified_v8.html,652,html,6450bbbd,bigmacchung,2026-04-24,14:33:59,-07:00,2026-04-24T14:33:59-07:00,5,4
projects/part_c_teaching_video_modified_v8.html,653,html,6450bbbd,bigmacchung,2026-04-24,14:33:59,-07:00,2026-04-24T14:33:59-07:00,5,22
projects/part_c_teaching_video_modified_v8.html,654,html,6450bbbd,bigmacchung,2026-04-24,14:33:59,-07:00,2026-04-24T14:33:59-07:00,6,48
projects/part_c_teaching_video_modified_v8.html,655,html,6450bbbd,bigmacchung,2026-04-24,14:33:59,-07:00,2026-04-24T14:33:59-07:00,7,71
projects/part_c_teaching_video_modified_v8.html,656,html,6450bbbd,bigmacchung,2026-04-24,14:33:59,-07:00,2026-04-24T14:33:59-07:00,7,71
projects/part_c_teaching_video_modified_v8.html,657,html,6450bbbd,bigmacchung,2026-04-24,14:33:59,-07:00,2026-04-24T14:33:59-07:00,7,71
projects/part_c_teaching_video_modified_v8.html,658,html,6450bbbd,bigmacchung,2026-04-24,14:33:59,-07:00,2026-04-24T14:33:59-07:00,7,64
projects/part_c_teaching_video_modified_v8.html,659,html,6450bbbd,bigmacchung,2026-04-24,14:33:59,-07:00,2026-04-24T14:33:59-07:00,7,41
projects/part_c_teaching_video_modified_v8.html,660,html,6450bbbd,bigmacchung,2026-04-24,14:33:59,-07:00,2026-04-24T14:33:59-07:00,7,77
projects/part_c_teaching_video_modified_v8.html,661,html,6450bbbd,bigmacchung,2026-04-24,14:33:59,-07:00,2026-04-24T14:33:59-07:00,7,59
projects/part_c_teaching_video_modified_v8.html,662,html,6450bbbd,bigmacchung,2026-04-24,14:33:59,-07:00,2026-04-24T14:33:59-07:00,6,4
projects/part_c_teaching_video_modified_v8.html,663,html,6450bbbd,bigmacchung,2026-04-24,14:33:59,-07:00,2026-04-24T14:33:59-07:00,6,32
projects/part_c_teaching_video_modified_v8.html,664,html,6450bbbd,bigmacchung,2026-04-24,14:33:59,-07:00,2026-04-24T14:33:59-07:00,5,4
projects/part_c_teaching_video_modified_v8.html,665,html,6450bbbd,bigmacchung,2026-04-24,14:33:59,-07:00,2026-04-24T14:33:59-07:00,5,22
projects/part_c_teaching_video_modified_v8.html,666,html,6450bbbd,bigmacchung,2026-04-24,14:33:59,-07:00,2026-04-24T14:33:59-07:00,6,48
projects/part_c_teaching_video_modified_v8.html,667,html,6450bbbd,bigmacchung,2026-04-24,14:33:59,-07:00,2026-04-24T14:33:59-07:00,7,71
projects/part_c_teaching_video_modified_v8.html,668,html,6450bbbd,bigmacchung,2026-04-24,14:33:59,-07:00,2026-04-24T14:33:59-07:00,7,71
projects/part_c_teaching_video_modified_v8.html,669,html,6450bbbd,bigmacchung,2026-04-24,14:33:59,-07:00,2026-04-24T14:33:59-07:00,7,71
projects/part_c_teaching_video_modified_v8.html,670,html,6450bbbd,bigmacchung,2026-04-24,14:33:59,-07:00,2026-04-24T14:33:59-07:00,7,64
projects/part_c_teaching_video_modified_v8.html,671,html,6450bbbd,bigmacchung,2026-04-24,14:33:59,-07:00,2026-04-24T14:33:59-07:00,7,41
projects/part_c_teaching_video_modified_v8.html,672,html,6450bbbd,bigmacchung,2026-04-24,14:33:59,-07:00,2026-04-24T14:33:59-07:00,6,4
projects/part_c_teaching_video_modified_v8.html,673,html,6450bbbd,bigmacchung,2026-04-24,14:33:59,-07:00,2026-04-24T14:33:59-07:00,6,26
projects/part_c_teaching_video_modified_v8.html,674,html,6450bbbd,bigmacchung,2026-04-24,14:33:59,-07:00,2026-04-24T14:33:59-07:00,5,4
projects/part_c_teaching_video_modified_v8.html,675,html,6450bbbd,bigmacchung,2026-04-24,14:33:59,-07:00,2026-04-24T14:33:59-07:00,4,4
projects/part_c_teaching_video_modified_v8.html,676,html,6450bbbd,bigmacchung,2026-04-24,14:33:59,-07:00,2026-04-24T14:33:59-07:00,0,0
projects/part_c_teaching_video_modified_v8.html,677,html,6450bbbd,bigmacchung,2026-04-24,14:33:59,-07:00,2026-04-24T14:33:59-07:00,4,29
projects/part_c_teaching_video_modified_v8.html,678,html,6450bbbd,bigmacchung,2026-04-24,14:33:59,-07:00,2026-04-24T14:33:59-07:00,5,67
projects/part_c_teaching_video_modified_v8.html,679,html,6450bbbd,bigmacchung,2026-04-24,14:33:59,-07:00,2026-04-24T14:33:59-07:00,5,30
projects/part_c_teaching_video_modified_v8.html,680,html,6450bbbd,bigmacchung,2026-04-24,14:33:59,-07:00,2026-04-24T14:33:59-07:00,5,30
projects/part_c_teaching_video_modified_v8.html,681,html,6450bbbd,bigmacchung,2026-04-24,14:33:59,-07:00,2026-04-24T14:33:59-07:00,5,33
projects/part_c_teaching_video_modified_v8.html,682,html,6450bbbd,bigmacchung,2026-04-24,14:33:59,-07:00,2026-04-24T14:33:59-07:00,5,27
projects/part_c_teaching_video_modified_v8.html,683,html,6450bbbd,bigmacchung,2026-04-24,14:33:59,-07:00,2026-04-24T14:33:59-07:00,0,0
projects/part_c_teaching_video_modified_v8.html,684,html,6450bbbd,bigmacchung,2026-04-24,14:33:59,-07:00,2026-04-24T14:33:59-07:00,5,84
projects/part_c_teaching_video_modified_v8.html,685,html,6450bbbd,bigmacchung,2026-04-24,14:33:59,-07:00,2026-04-24T14:33:59-07:00,5,155
projects/part_c_teaching_video_modified_v8.html,686,html,6450bbbd,bigmacchung,2026-04-24,14:33:59,-07:00,2026-04-24T14:33:59-07:00,5,155
projects/part_c_teaching_video_modified_v8.html,687,html,6450bbbd,bigmacchung,2026-04-24,14:33:59,-07:00,2026-04-24T14:33:59-07:00,5,155
projects/part_c_teaching_video_modified_v8.html,688,html,6450bbbd,bigmacchung,2026-04-24,14:33:59,-07:00,2026-04-24T14:33:59-07:00,5,155
projects/part_c_teaching_video_modified_v8.html,689,html,6450bbbd,bigmacchung,2026-04-24,14:33:59,-07:00,2026-04-24T14:33:59-07:00,0,0
projects/part_c_teaching_video_modified_v8.html,690,html,6450bbbd,bigmacchung,2026-04-24,14:33:59,-07:00,2026-04-24T14:33:59-07:00,5,88
projects/part_c_teaching_video_modified_v8.html,691,html,6450bbbd,bigmacchung,2026-04-24,14:33:59,-07:00,2026-04-24T14:33:59-07:00,5,154
projects/part_c_teaching_video_modified_v8.html,692,html,6450bbbd,bigmacchung,2026-04-24,14:33:59,-07:00,2026-04-24T14:33:59-07:00,5,155
projects/part_c_teaching_video_modified_v8.html,693,html,6450bbbd,bigmacchung,2026-04-24,14:33:59,-07:00,2026-04-24T14:33:59-07:00,5,154
projects/part_c_teaching_video_modified_v8.html,694,html,6450bbbd,bigmacchung,2026-04-24,14:33:59,-07:00,2026-04-24T14:33:59-07:00,5,154
projects/part_c_teaching_video_modified_v8.html,695,html,6450bbbd,bigmacchung,2026-04-24,14:33:59,-07:00,2026-04-24T14:33:59-07:00,0,0
projects/part_c_teaching_video_modified_v8.html,696,html,6450bbbd,bigmacchung,2026-04-24,14:33:59,-07:00,2026-04-24T14:33:59-07:00,5,86
projects/part_c_teaching_video_modified_v8.html,697,html,6450bbbd,bigmacchung,2026-04-24,14:33:59,-07:00,2026-04-24T14:33:59-07:00,5,154
projects/part_c_teaching_video_modified_v8.html,698,html,6450bbbd,bigmacchung,2026-04-24,14:33:59,-07:00,2026-04-24T14:33:59-07:00,5,155
projects/part_c_teaching_video_modified_v8.html,699,html,6450bbbd,bigmacchung,2026-04-24,14:33:59,-07:00,2026-04-24T14:33:59-07:00,5,154
projects/part_c_teaching_video_modified_v8.html,700,html,6450bbbd,bigmacchung,2026-04-24,14:33:59,-07:00,2026-04-24T14:33:59-07:00,5,154
projects/part_c_teaching_video_modified_v8.html,701,html,6450bbbd,bigmacchung,2026-04-24,14:33:59,-07:00,2026-04-24T14:33:59-07:00,0,0
projects/part_c_teaching_video_modified_v8.html,702,html,6450bbbd,bigmacchung,2026-04-24,14:33:59,-07:00,2026-04-24T14:33:59-07:00,5,81
projects/part_c_teaching_video_modified_v8.html,703,html,6450bbbd,bigmacchung,2026-04-24,14:33:59,-07:00,2026-04-24T14:33:59-07:00,5,165
projects/part_c_teaching_video_modified_v8.html,704,html,6450bbbd,bigmacchung,2026-04-24,14:33:59,-07:00,2026-04-24T14:33:59-07:00,5,165
projects/part_c_teaching_video_modified_v8.html,705,html,6450bbbd,bigmacchung,2026-04-24,14:33:59,-07:00,2026-04-24T14:33:59-07:00,5,165
projects/part_c_teaching_video_modified_v8.html,706,html,6450bbbd,bigmacchung,2026-04-24,14:33:59,-07:00,2026-04-24T14:33:59-07:00,5,165
projects/part_c_teaching_video_modified_v8.html,707,html,6450bbbd,bigmacchung,2026-04-24,14:33:59,-07:00,2026-04-24T14:33:59-07:00,4,4
projects/part_c_teaching_video_modified_v8.html,708,html,6450bbbd,bigmacchung,2026-04-24,14:33:59,-07:00,2026-04-24T14:33:59-07:00,0,0
projects/part_c_teaching_video_modified_v8.html,709,html,6450bbbd,bigmacchung,2026-04-24,14:33:59,-07:00,2026-04-24T14:33:59-07:00,4,91
projects/part_c_teaching_video_modified_v8.html,710,html,6450bbbd,bigmacchung,2026-04-24,14:33:59,-07:00,2026-04-24T14:33:59-07:00,5,105
projects/part_c_teaching_video_modified_v8.html,711,html,6450bbbd,bigmacchung,2026-04-24,14:33:59,-07:00,2026-04-24T14:33:59-07:00,6,101
projects/part_c_teaching_video_modified_v8.html,712,html,6450bbbd,bigmacchung,2026-04-24,14:33:59,-07:00,2026-04-24T14:33:59-07:00,6,219
projects/part_c_teaching_video_modified_v8.html,713,html,6450bbbd,bigmacchung,2026-04-24,14:33:59,-07:00,2026-04-24T14:33:59-07:00,5,4
projects/part_c_teaching_video_modified_v8.html,714,html,6450bbbd,bigmacchung,2026-04-24,14:33:59,-07:00,2026-04-24T14:33:59-07:00,5,105
projects/part_c_teaching_video_modified_v8.html,715,html,6450bbbd,bigmacchung,2026-04-24,14:33:59,-07:00,2026-04-24T14:33:59-07:00,6,108
projects/part_c_teaching_video_modified_v8.html,716,html,6450bbbd,bigmacchung,2026-04-24,14:33:59,-07:00,2026-04-24T14:33:59-07:00,6,251
projects/part_c_teaching_video_modified_v8.html,717,html,6450bbbd,bigmacchung,2026-04-24,14:33:59,-07:00,2026-04-24T14:33:59-07:00,5,4
projects/part_c_teaching_video_modified_v8.html,718,html,6450bbbd,bigmacchung,2026-04-24,14:33:59,-07:00,2026-04-24T14:33:59-07:00,5,118
projects/part_c_teaching_video_modified_v8.html,719,html,6450bbbd,bigmacchung,2026-04-24,14:33:59,-07:00,2026-04-24T14:33:59-07:00,6,108
projects/part_c_teaching_video_modified_v8.html,720,html,6450bbbd,bigmacchung,2026-04-24,14:33:59,-07:00,2026-04-24T14:33:59-07:00,6,199
projects/part_c_teaching_video_modified_v8.html,721,html,6450bbbd,bigmacchung,2026-04-24,14:33:59,-07:00,2026-04-24T14:33:59-07:00,5,4
projects/part_c_teaching_video_modified_v8.html,722,html,6450bbbd,bigmacchung,2026-04-24,14:33:59,-07:00,2026-04-24T14:33:59-07:00,4,4
projects/part_c_teaching_video_modified_v8.html,723,html,6450bbbd,bigmacchung,2026-04-24,14:33:59,-07:00,2026-04-24T14:33:59-07:00,0,0
projects/part_c_teaching_video_modified_v8.html,724,html,6450bbbd,bigmacchung,2026-04-24,14:33:59,-07:00,2026-04-24T14:33:59-07:00,4,209
projects/part_c_teaching_video_modified_v8.html,725,html,6450bbbd,bigmacchung,2026-04-24,14:33:59,-07:00,2026-04-24T14:33:59-07:00,3,8
projects/part_c_teaching_video_modified_v8.html,726,html,6450bbbd,bigmacchung,2026-04-24,14:33:59,-07:00,2026-04-24T14:33:59-07:00,0,0
projects/part_c_teaching_video_modified_v8.html,727,html,6450bbbd,bigmacchung,2026-04-24,14:33:59,-07:00,2026-04-24T14:33:59-07:00,3,26
projects/part_c_teaching_video_modified_v8.html,728,html,6450bbbd,bigmacchung,2026-04-24,14:33:59,-07:00,2026-04-24T14:33:59-07:00,3,21
projects/part_c_teaching_video_modified_v8.html,729,html,6450bbbd,bigmacchung,2026-04-24,14:33:59,-07:00,2026-04-24T14:33:59-07:00,4,37
projects/part_c_teaching_video_modified_v8.html,730,html,6450bbbd,bigmacchung,2026-04-24,14:33:59,-07:00,2026-04-24T14:33:59-07:00,4,74
projects/part_c_teaching_video_modified_v8.html,731,html,6450bbbd,bigmacchung,2026-04-24,14:33:59,-07:00,2026-04-24T14:33:59-07:00,4,90
projects/part_c_teaching_video_modified_v8.html,732,html,6450bbbd,bigmacchung,2026-04-24,14:33:59,-07:00,2026-04-24T14:33:59-07:00,5,3
projects/part_c_teaching_video_modified_v8.html,733,html,6450bbbd,bigmacchung,2026-04-24,14:33:59,-07:00,2026-04-24T14:33:59-07:00,6,145
projects/part_c_teaching_video_modified_v8.html,734,html,6450bbbd,bigmacchung,2026-04-24,14:33:59,-07:00,2026-04-24T14:33:59-07:00,6,177
projects/part_c_teaching_video_modified_v8.html,735,html,6450bbbd,bigmacchung,2026-04-24,14:33:59,-07:00,2026-04-24T14:33:59-07:00,5,4
projects/part_c_teaching_video_modified_v8.html,736,html,6450bbbd,bigmacchung,2026-04-24,14:33:59,-07:00,2026-04-24T14:33:59-07:00,5,58
projects/part_c_teaching_video_modified_v8.html,737,html,6450bbbd,bigmacchung,2026-04-24,14:33:59,-07:00,2026-04-24T14:33:59-07:00,6,27
projects/part_c_teaching_video_modified_v8.html,738,html,6450bbbd,bigmacchung,2026-04-24,14:33:59,-07:00,2026-04-24T14:33:59-07:00,7,35
projects/part_c_teaching_video_modified_v8.html,739,html,6450bbbd,bigmacchung,2026-04-24,14:33:59,-07:00,2026-04-24T14:33:59-07:00,7,146
projects/part_c_teaching_video_modified_v8.html,740,html,6450bbbd,bigmacchung,2026-04-24,14:33:59,-07:00,2026-04-24T14:33:59-07:00,6,4
projects/part_c_teaching_video_modified_v8.html,741,html,6450bbbd,bigmacchung,2026-04-24,14:33:59,-07:00,2026-04-24T14:33:59-07:00,6,109
projects/part_c_teaching_video_modified_v8.html,742,html,6450bbbd,bigmacchung,2026-04-24,14:33:59,-07:00,2026-04-24T14:33:59-07:00,7,96
projects/part_c_teaching_video_modified_v8.html,743,html,6450bbbd,bigmacchung,2026-04-24,14:33:59,-07:00,2026-04-24T14:33:59-07:00,7,237
projects/part_c_teaching_video_modified_v8.html,744,html,6450bbbd,bigmacchung,2026-04-24,14:33:59,-07:00,2026-04-24T14:33:59-07:00,6,4
projects/part_c_teaching_video_modified_v8.html,745,html,6450bbbd,bigmacchung,2026-04-24,14:33:59,-07:00,2026-04-24T14:33:59-07:00,6,109
projects/part_c_teaching_video_modified_v8.html,746,html,6450bbbd,bigmacchung,2026-04-24,14:33:59,-07:00,2026-04-24T14:33:59-07:00,7,111
projects/part_c_teaching_video_modified_v8.html,747,html,6450bbbd,bigmacchung,2026-04-24,14:33:59,-07:00,2026-04-24T14:33:59-07:00,7,228
projects/part_c_teaching_video_modified_v8.html,748,html,6450bbbd,bigmacchung,2026-04-24,14:33:59,-07:00,2026-04-24T14:33:59-07:00,6,4
projects/part_c_teaching_video_modified_v8.html,749,html,6450bbbd,bigmacchung,2026-04-24,14:33:59,-07:00,2026-04-24T14:33:59-07:00,5,4
projects/part_c_teaching_video_modified_v8.html,750,html,6450bbbd,bigmacchung,2026-04-24,14:33:59,-07:00,2026-04-24T14:33:59-07:00,4,4
projects/part_c_teaching_video_modified_v8.html,751,html,6450bbbd,bigmacchung,2026-04-24,14:33:59,-07:00,2026-04-24T14:33:59-07:00,3,8
projects/part_c_teaching_video_modified_v8.html,752,html,6450bbbd,bigmacchung,2026-04-24,14:33:59,-07:00,2026-04-24T14:33:59-07:00,0,0
projects/part_c_teaching_video_modified_v8.html,753,html,6450bbbd,bigmacchung,2026-04-24,14:33:59,-07:00,2026-04-24T14:33:59-07:00,3,24
projects/part_c_teaching_video_modified_v8.html,754,html,6450bbbd,bigmacchung,2026-04-24,14:33:59,-07:00,2026-04-24T14:33:59-07:00,3,21
projects/part_c_teaching_video_modified_v8.html,755,html,6450bbbd,bigmacchung,2026-04-24,14:33:59,-07:00,2026-04-24T14:33:59-07:00,4,32
projects/part_c_teaching_video_modified_v8.html,756,html,6450bbbd,bigmacchung,2026-04-24,14:33:59,-07:00,2026-04-24T14:33:59-07:00,4,44
projects/part_c_teaching_video_modified_v8.html,757,html,6450bbbd,bigmacchung,2026-04-24,14:33:59,-07:00,2026-04-24T14:33:59-07:00,4,25
projects/part_c_teaching_video_modified_v8.html,758,html,6450bbbd,bigmacchung,2026-04-24,14:33:59,-07:00,2026-04-24T14:33:59-07:00,5,20
projects/part_c_teaching_video_modified_v8.html,759,html,6450bbbd,bigmacchung,2026-04-24,14:33:59,-07:00,2026-04-24T14:33:59-07:00,6,208
projects/part_c_teaching_video_modified_v8.html,760,html,6450bbbd,bigmacchung,2026-04-24,14:33:59,-07:00,2026-04-24T14:33:59-07:00,6,3
projects/part_c_teaching_video_modified_v8.html,761,html,6450bbbd,bigmacchung,2026-04-24,14:33:59,-07:00,2026-04-24T14:33:59-07:00,7,22
projects/part_c_teaching_video_modified_v8.html,762,html,6450bbbd,bigmacchung,2026-04-24,14:33:59,-07:00,2026-04-24T14:33:59-07:00,7,42
projects/part_c_teaching_video_modified_v8.html,763,html,6450bbbd,bigmacchung,2026-04-24,14:33:59,-07:00,2026-04-24T14:33:59-07:00,6,4
projects/part_c_teaching_video_modified_v8.html,764,html,6450bbbd,bigmacchung,2026-04-24,14:33:59,-07:00,2026-04-24T14:33:59-07:00,5,4
projects/part_c_teaching_video_modified_v8.html,765,html,6450bbbd,bigmacchung,2026-04-24,14:33:59,-07:00,2026-04-24T14:33:59-07:00,5,20
projects/part_c_teaching_video_modified_v8.html,766,html,6450bbbd,bigmacchung,2026-04-24,14:33:59,-07:00,2026-04-24T14:33:59-07:00,6,203
projects/part_c_teaching_video_modified_v8.html,767,html,6450bbbd,bigmacchung,2026-04-24,14:33:59,-07:00,2026-04-24T14:33:59-07:00,6,3
projects/part_c_teaching_video_modified_v8.html,768,html,6450bbbd,bigmacchung,2026-04-24,14:33:59,-07:00,2026-04-24T14:33:59-07:00,7,26
projects/part_c_teaching_video_modified_v8.html,769,html,6450bbbd,bigmacchung,2026-04-24,14:33:59,-07:00,2026-04-24T14:33:59-07:00,7,52
projects/part_c_teaching_video_modified_v8.html,770,html,6450bbbd,bigmacchung,2026-04-24,14:33:59,-07:00,2026-04-24T14:33:59-07:00,6,4
projects/part_c_teaching_video_modified_v8.html,771,html,6450bbbd,bigmacchung,2026-04-24,14:33:59,-07:00,2026-04-24T14:33:59-07:00,5,4
projects/part_c_teaching_video_modified_v8.html,772,html,6450bbbd,bigmacchung,2026-04-24,14:33:59,-07:00,2026-04-24T14:33:59-07:00,5,20
projects/part_c_teaching_video_modified_v8.html,773,html,6450bbbd,bigmacchung,2026-04-24,14:33:59,-07:00,2026-04-24T14:33:59-07:00,6,292
projects/part_c_teaching_video_modified_v8.html,774,html,6450bbbd,bigmacchung,2026-04-24,14:33:59,-07:00,2026-04-24T14:33:59-07:00,6,3
projects/part_c_teaching_video_modified_v8.html,775,html,6450bbbd,bigmacchung,2026-04-24,14:33:59,-07:00,2026-04-24T14:33:59-07:00,7,20
projects/part_c_teaching_video_modified_v8.html,776,html,6450bbbd,bigmacchung,2026-04-24,14:33:59,-07:00,2026-04-24T14:33:59-07:00,7,42
projects/part_c_teaching_video_modified_v8.html,777,html,6450bbbd,bigmacchung,2026-04-24,14:33:59,-07:00,2026-04-24T14:33:59-07:00,6,4
projects/part_c_teaching_video_modified_v8.html,778,html,6450bbbd,bigmacchung,2026-04-24,14:33:59,-07:00,2026-04-24T14:33:59-07:00,5,4
projects/part_c_teaching_video_modified_v8.html,779,html,6450bbbd,bigmacchung,2026-04-24,14:33:59,-07:00,2026-04-24T14:33:59-07:00,5,20
projects/part_c_teaching_video_modified_v8.html,780,html,6450bbbd,bigmacchung,2026-04-24,14:33:59,-07:00,2026-04-24T14:33:59-07:00,6,182
projects/part_c_teaching_video_modified_v8.html,781,html,6450bbbd,bigmacchung,2026-04-24,14:33:59,-07:00,2026-04-24T14:33:59-07:00,6,3
projects/part_c_teaching_video_modified_v8.html,782,html,6450bbbd,bigmacchung,2026-04-24,14:33:59,-07:00,2026-04-24T14:33:59-07:00,7,22
projects/part_c_teaching_video_modified_v8.html,783,html,6450bbbd,bigmacchung,2026-04-24,14:33:59,-07:00,2026-04-24T14:33:59-07:00,7,57
projects/part_c_teaching_video_modified_v8.html,784,html,6450bbbd,bigmacchung,2026-04-24,14:33:59,-07:00,2026-04-24T14:33:59-07:00,6,4
projects/part_c_teaching_video_modified_v8.html,785,html,6450bbbd,bigmacchung,2026-04-24,14:33:59,-07:00,2026-04-24T14:33:59-07:00,5,4
projects/part_c_teaching_video_modified_v8.html,786,html,6450bbbd,bigmacchung,2026-04-24,14:33:59,-07:00,2026-04-24T14:33:59-07:00,4,4
projects/part_c_teaching_video_modified_v8.html,787,html,6450bbbd,bigmacchung,2026-04-24,14:33:59,-07:00,2026-04-24T14:33:59-07:00,3,8
projects/part_c_teaching_video_modified_v8.html,788,html,6450bbbd,bigmacchung,2026-04-24,14:33:59,-07:00,2026-04-24T14:33:59-07:00,0,0
projects/part_c_teaching_video_modified_v8.html,789,html,6450bbbd,bigmacchung,2026-04-24,14:33:59,-07:00,2026-04-24T14:33:59-07:00,2,4
projects/part_c_teaching_video_modified_v8.html,790,html,6450bbbd,bigmacchung,2026-04-24,14:33:59,-07:00,2026-04-24T14:33:59-07:00,0,0
projects/part_c_teaching_video_modified_v8.html,791,html,6450bbbd,bigmacchung,2026-04-24,14:33:59,-07:00,2026-04-24T14:33:59-07:00,2,30
projects/part_c_teaching_video_modified_v8.html,792,html,6450bbbd,bigmacchung,2026-04-24,14:33:59,-07:00,2026-04-24T14:33:59-07:00,3,21
projects/part_c_teaching_video_modified_v8.html,793,html,6450bbbd,bigmacchung,2026-04-24,14:33:59,-07:00,2026-04-24T14:33:59-07:00,3,48
projects/part_c_teaching_video_modified_v8.html,794,html,6450bbbd,bigmacchung,2026-04-24,14:33:59,-07:00,2026-04-24T14:33:59-07:00,3,49
projects/part_c_teaching_video_modified_v8.html,795,html,6450bbbd,bigmacchung,2026-04-24,14:33:59,-07:00,2026-04-24T14:33:59-07:00,3,35
projects/part_c_teaching_video_modified_v8.html,796,html,6450bbbd,bigmacchung,2026-04-24,14:33:59,-07:00,2026-04-24T14:33:59-07:00,2,6
projects/part_c_teaching_video_modified_v8.html,797,html,6450bbbd,bigmacchung,2026-04-24,14:33:59,-07:00,2026-04-24T14:33:59-07:00,1,5
projects/part_c_teaching_video_modified_v8.html,798,html,6450bbbd,bigmacchung,2026-04-24,14:33:59,-07:00,2026-04-24T14:33:59-07:00,0,0
projects/part_c_teaching_video_modified_v8.html,799,html,6450bbbd,bigmacchung,2026-04-24,14:33:59,-07:00,2026-04-24T14:33:59-07:00,1,6
projects/part_c_teaching_video_modified_v8.html,800,html,6450bbbd,bigmacchung,2026-04-24,14:33:59,-07:00,2026-04-24T14:33:59-07:00,2,15
projects/part_c_teaching_video_modified_v8.html,801,html,6450bbbd,bigmacchung,2026-04-24,14:33:59,-07:00,2026-04-24T14:33:59-07:00,3,43
projects/part_c_teaching_video_modified_v8.html,802,html,6450bbbd,bigmacchung,2026-04-24,14:33:59,-07:00,2026-04-24T14:33:59-07:00,3,51
projects/part_c_teaching_video_modified_v8.html,803,html,6450bbbd,bigmacchung,2026-04-24,14:33:59,-07:00,2026-04-24T14:33:59-07:00,2,4
projects/part_c_teaching_video_modified_v8.html,804,html,6450bbbd,bigmacchung,2026-04-24,14:33:59,-07:00,2026-04-24T14:33:59-07:00,2,72
projects/part_c_teaching_video_modified_v8.html,805,html,6450bbbd,bigmacchung,2026-04-24,14:33:59,-07:00,2026-04-24T14:33:59-07:00,2,85
projects/part_c_teaching_video_modified_v8.html,806,html,6450bbbd,bigmacchung,2026-04-24,14:33:59,-07:00,2026-04-24T14:33:59-07:00,1,7
projects/part_c_teaching_video_modified_v8.html,807,html,6450bbbd,bigmacchung,2026-04-24,14:33:59,-07:00,2026-04-24T14:33:59-07:00,0,4
projects/part_c_teaching_video_modified_v8.html,808,html,6450bbbd,bigmacchung,2026-04-24,14:33:59,-07:00,2026-04-24T14:33:59-07:00,0,0
projects/part_c_teaching_video_modified_v8.html,809,html,6450bbbd,bigmacchung,2026-04-24,14:33:59,-07:00,2026-04-24T14:33:59-07:00,0,6
projects/part_c_teaching_video_modified_v8.html,810,html,6450bbbd,bigmacchung,2026-04-24,14:33:59,-07:00,2026-04-24T14:33:59-07:00,1,15
projects/part_c_teaching_video_modified_v8.html,811,html,6450bbbd,bigmacchung,2026-04-24,14:33:59,-07:00,2026-04-24T14:33:59-07:00,2,0
projects/part_c_teaching_video_modified_v8.html,812,html,6450bbbd,bigmacchung,2026-04-24,14:33:59,-07:00,2026-04-24T14:33:59-07:00,3,8
projects/part_c_teaching_video_modified_v8.html,813,html,6450bbbd,bigmacchung,2026-04-24,14:33:59,-07:00,2026-04-24T14:33:59-07:00,3,113
projects/part_c_teaching_video_modified_v8.html,814,html,6450bbbd,bigmacchung,2026-04-24,14:33:59,-07:00,2026-04-24T14:33:59-07:00,3,29
projects/part_c_teaching_video_modified_v8.html,815,html,6450bbbd,bigmacchung,2026-04-24,14:33:59,-07:00,2026-04-24T14:33:59-07:00,2,0
projects/part_c_teaching_video_modified_v8.html,816,html,6450bbbd,bigmacchung,2026-04-24,14:33:59,-07:00,2026-04-24T14:33:59-07:00,2,0
projects/part_c_teaching_video_modified_v8.html,817,html,6450bbbd,bigmacchung,2026-04-24,14:33:59,-07:00,2026-04-24T14:33:59-07:00,3,8
projects/part_c_teaching_video_modified_v8.html,818,html,6450bbbd,bigmacchung,2026-04-24,14:33:59,-07:00,2026-04-24T14:33:59-07:00,3,461
projects/part_c_teaching_video_modified_v8.html,819,html,6450bbbd,bigmacchung,2026-04-24,14:33:59,-07:00,2026-04-24T14:33:59-07:00,3,98
projects/part_c_teaching_video_modified_v8.html,820,html,6450bbbd,bigmacchung,2026-04-24,14:33:59,-07:00,2026-04-24T14:33:59-07:00,2,0
projects/part_c_teaching_video_modified_v8.html,821,html,6450bbbd,bigmacchung,2026-04-24,14:33:59,-07:00,2026-04-24T14:33:59-07:00,2,0
projects/part_c_teaching_video_modified_v8.html,822,html,6450bbbd,bigmacchung,2026-04-24,14:33:59,-07:00,2026-04-24T14:33:59-07:00,3,8
projects/part_c_teaching_video_modified_v8.html,823,html,6450bbbd,bigmacchung,2026-04-24,14:33:59,-07:00,2026-04-24T14:33:59-07:00,3,728
projects/part_c_teaching_video_modified_v8.html,824,html,6450bbbd,bigmacchung,2026-04-24,14:33:59,-07:00,2026-04-24T14:33:59-07:00,3,79
projects/part_c_teaching_video_modified_v8.html,825,html,6450bbbd,bigmacchung,2026-04-24,14:33:59,-07:00,2026-04-24T14:33:59-07:00,2,0
projects/part_c_teaching_video_modified_v8.html,826,html,6450bbbd,bigmacchung,2026-04-24,14:33:59,-07:00,2026-04-24T14:33:59-07:00,2,0
projects/part_c_teaching_video_modified_v8.html,827,html,6450bbbd,bigmacchung,2026-04-24,14:33:59,-07:00,2026-04-24T14:33:59-07:00,3,8
projects/part_c_teaching_video_modified_v8.html,828,html,6450bbbd,bigmacchung,2026-04-24,14:33:59,-07:00,2026-04-24T14:33:59-07:00,3,724
projects/part_c_teaching_video_modified_v8.html,829,html,6450bbbd,bigmacchung,2026-04-24,14:33:59,-07:00,2026-04-24T14:33:59-07:00,3,178
projects/part_c_teaching_video_modified_v8.html,830,html,6450bbbd,bigmacchung,2026-04-24,14:33:59,-07:00,2026-04-24T14:33:59-07:00,2,0
projects/part_c_teaching_video_modified_v8.html,831,html,6450bbbd,bigmacchung,2026-04-24,14:33:59,-07:00,2026-04-24T14:33:59-07:00,2,0
projects/part_c_teaching_video_modified_v8.html,832,html,6450bbbd,bigmacchung,2026-04-24,14:33:59,-07:00,2026-04-24T14:33:59-07:00,3,8
projects/part_c_teaching_video_modified_v8.html,833,html,6450bbbd,bigmacchung,2026-04-24,14:33:59,-07:00,2026-04-24T14:33:59-07:00,3,313
projects/part_c_teaching_video_modified_v8.html,834,html,6450bbbd,bigmacchung,2026-04-24,14:33:59,-07:00,2026-04-24T14:33:59-07:00,3,43
projects/part_c_teaching_video_modified_v8.html,835,html,6450bbbd,bigmacchung,2026-04-24,14:33:59,-07:00,2026-04-24T14:33:59-07:00,2,0
projects/part_c_teaching_video_modified_v8.html,836,html,6450bbbd,bigmacchung,2026-04-24,14:33:59,-07:00,2026-04-24T14:33:59-07:00,2,0
projects/part_c_teaching_video_modified_v8.html,837,html,6450bbbd,bigmacchung,2026-04-24,14:33:59,-07:00,2026-04-24T14:33:59-07:00,3,8
projects/part_c_teaching_video_modified_v8.html,838,html,6450bbbd,bigmacchung,2026-04-24,14:33:59,-07:00,2026-04-24T14:33:59-07:00,3,312
projects/part_c_teaching_video_modified_v8.html,839,html,6450bbbd,bigmacchung,2026-04-24,14:33:59,-07:00,2026-04-24T14:33:59-07:00,3,46
projects/part_c_teaching_video_modified_v8.html,840,html,6450bbbd,bigmacchung,2026-04-24,14:33:59,-07:00,2026-04-24T14:33:59-07:00,2,0
projects/part_c_teaching_video_modified_v8.html,841,html,6450bbbd,bigmacchung,2026-04-24,14:33:59,-07:00,2026-04-24T14:33:59-07:00,2,0
projects/part_c_teaching_video_modified_v8.html,842,html,6450bbbd,bigmacchung,2026-04-24,14:33:59,-07:00,2026-04-24T14:33:59-07:00,3,8
projects/part_c_teaching_video_modified_v8.html,843,html,6450bbbd,bigmacchung,2026-04-24,14:33:59,-07:00,2026-04-24T14:33:59-07:00,3,547
projects/part_c_teaching_video_modified_v8.html,844,html,6450bbbd,bigmacchung,2026-04-24,14:33:59,-07:00,2026-04-24T14:33:59-07:00,3,81
projects/part_c_teaching_video_modified_v8.html,845,html,6450bbbd,bigmacchung,2026-04-24,14:33:59,-07:00,2026-04-24T14:33:59-07:00,2,0
projects/part_c_teaching_video_modified_v8.html,846,html,6450bbbd,bigmacchung,2026-04-24,14:33:59,-07:00,2026-04-24T14:33:59-07:00,2,0
projects/part_c_teaching_video_modified_v8.html,847,html,6450bbbd,bigmacchung,2026-04-24,14:33:59,-07:00,2026-04-24T14:33:59-07:00,3,8
projects/part_c_teaching_video_modified_v8.html,848,html,6450bbbd,bigmacchung,2026-04-24,14:33:59,-07:00,2026-04-24T14:33:59-07:00,3,601
projects/part_c_teaching_video_modified_v8.html,849,html,6450bbbd,bigmacchung,2026-04-24,14:33:59,-07:00,2026-04-24T14:33:59-07:00,3,74
projects/part_c_teaching_video_modified_v8.html,850,html,6450bbbd,bigmacchung,2026-04-24,14:33:59,-07:00,2026-04-24T14:33:59-07:00,2,0
projects/part_c_teaching_video_modified_v8.html,851,html,6450bbbd,bigmacchung,2026-04-24,14:33:59,-07:00,2026-04-24T14:33:59-07:00,2,0
projects/part_c_teaching_video_modified_v8.html,852,html,6450bbbd,bigmacchung,2026-04-24,14:33:59,-07:00,2026-04-24T14:33:59-07:00,3,8
projects/part_c_teaching_video_modified_v8.html,853,html,6450bbbd,bigmacchung,2026-04-24,14:33:59,-07:00,2026-04-24T14:33:59-07:00,3,823
projects/part_c_teaching_video_modified_v8.html,854,html,6450bbbd,bigmacchung,2026-04-24,14:33:59,-07:00,2026-04-24T14:33:59-07:00,3,129
projects/part_c_teaching_video_modified_v8.html,855,html,6450bbbd,bigmacchung,2026-04-24,14:33:59,-07:00,2026-04-24T14:33:59-07:00,2,0
projects/part_c_teaching_video_modified_v8.html,856,html,6450bbbd,bigmacchung,2026-04-24,14:33:59,-07:00,2026-04-24T14:33:59-07:00,2,0
projects/part_c_teaching_video_modified_v8.html,857,html,6450bbbd,bigmacchung,2026-04-24,14:33:59,-07:00,2026-04-24T14:33:59-07:00,3,8
projects/part_c_teaching_video_modified_v8.html,858,html,6450bbbd,bigmacchung,2026-04-24,14:33:59,-07:00,2026-04-24T14:33:59-07:00,3,358
projects/part_c_teaching_video_modified_v8.html,859,html,6450bbbd,bigmacchung,2026-04-24,14:33:59,-07:00,2026-04-24T14:33:59-07:00,3,31
projects/part_c_teaching_video_modified_v8.html,860,html,6450bbbd,bigmacchung,2026-04-24,14:33:59,-07:00,2026-04-24T14:33:59-07:00,2,0
projects/part_c_teaching_video_modified_v8.html,861,html,6450bbbd,bigmacchung,2026-04-24,14:33:59,-07:00,2026-04-24T14:33:59-07:00,1,0
projects/part_c_teaching_video_modified_v8.html,862,html,6450bbbd,bigmacchung,2026-04-24,14:33:59,-07:00,2026-04-24T14:33:59-07:00,0,0
projects/part_c_teaching_video_modified_v8.html,863,html,6450bbbd,bigmacchung,2026-04-24,14:33:59,-07:00,2026-04-24T14:33:59-07:00,1,49
projects/part_c_teaching_video_modified_v8.html,864,html,6450bbbd,bigmacchung,2026-04-24,14:33:59,-07:00,2026-04-24T14:33:59-07:00,1,26
projects/part_c_teaching_video_modified_v8.html,865,html,6450bbbd,bigmacchung,2026-04-24,14:33:59,-07:00,2026-04-24T14:33:59-07:00,1,10
projects/part_c_teaching_video_modified_v8.html,866,html,6450bbbd,bigmacchung,2026-04-24,14:33:59,-07:00,2026-04-24T14:33:59-07:00,0,0
projects/part_c_teaching_video_modified_v8.html,867,html,6450bbbd,bigmacchung,2026-04-24,14:33:59,-07:00,2026-04-24T14:33:59-07:00,1,56
projects/part_c_teaching_video_modified_v8.html,868,html,6450bbbd,bigmacchung,2026-04-24,14:33:59,-07:00,2026-04-24T14:33:59-07:00,1,56
projects/part_c_teaching_video_modified_v8.html,869,html,6450bbbd,bigmacchung,2026-04-24,14:33:59,-07:00,2026-04-24T14:33:59-07:00,1,50
projects/part_c_teaching_video_modified_v8.html,870,html,6450bbbd,bigmacchung,2026-04-24,14:33:59,-07:00,2026-04-24T14:33:59-07:00,1,51
projects/part_c_teaching_video_modified_v8.html,871,html,6450bbbd,bigmacchung,2026-04-24,14:33:59,-07:00,2026-04-24T14:33:59-07:00,1,52
projects/part_c_teaching_video_modified_v8.html,872,html,6450bbbd,bigmacchung,2026-04-24,14:33:59,-07:00,2026-04-24T14:33:59-07:00,1,56
projects/part_c_teaching_video_modified_v8.html,873,html,6450bbbd,bigmacchung,2026-04-24,14:33:59,-07:00,2026-04-24T14:33:59-07:00,1,29
projects/part_c_teaching_video_modified_v8.html,874,html,6450bbbd,bigmacchung,2026-04-24,14:33:59,-07:00,2026-04-24T14:33:59-07:00,0,0
projects/part_c_teaching_video_modified_v8.html,875,html,6450bbbd,bigmacchung,2026-04-24,14:33:59,-07:00,2026-04-24T14:33:59-07:00,1,16
projects/part_c_teaching_video_modified_v8.html,876,html,6450bbbd,bigmacchung,2026-04-24,14:33:59,-07:00,2026-04-24T14:33:59-07:00,2,40
projects/part_c_teaching_video_modified_v8.html,877,html,6450bbbd,bigmacchung,2026-04-24,14:33:59,-07:00,2026-04-24T14:33:59-07:00,2,68
projects/part_c_teaching_video_modified_v8.html,878,html,6450bbbd,bigmacchung,2026-04-24,14:33:59,-07:00,2026-04-24T14:33:59-07:00,2,30
projects/part_c_teaching_video_modified_v8.html,879,html,6450bbbd,bigmacchung,2026-04-24,14:33:59,-07:00,2026-04-24T14:33:59-07:00,2,69
projects/part_c_teaching_video_modified_v8.html,880,html,6450bbbd,bigmacchung,2026-04-24,14:33:59,-07:00,2026-04-24T14:33:59-07:00,2,36
projects/part_c_teaching_video_modified_v8.html,881,html,6450bbbd,bigmacchung,2026-04-24,14:33:59,-07:00,2026-04-24T14:33:59-07:00,2,58
projects/part_c_teaching_video_modified_v8.html,882,html,6450bbbd,bigmacchung,2026-04-24,14:33:59,-07:00,2026-04-24T14:33:59-07:00,2,53
projects/part_c_teaching_video_modified_v8.html,883,html,6450bbbd,bigmacchung,2026-04-24,14:33:59,-07:00,2026-04-24T14:33:59-07:00,2,29
projects/part_c_teaching_video_modified_v8.html,884,html,6450bbbd,bigmacchung,2026-04-24,14:33:59,-07:00,2026-04-24T14:33:59-07:00,1,0
projects/part_c_teaching_video_modified_v8.html,885,html,6450bbbd,bigmacchung,2026-04-24,14:33:59,-07:00,2026-04-24T14:33:59-07:00,1,6
projects/part_c_teaching_video_modified_v8.html,886,html,6450bbbd,bigmacchung,2026-04-24,14:33:59,-07:00,2026-04-24T14:33:59-07:00,0,0
projects/part_c_teaching_video_modified_v8.html,887,html,6450bbbd,bigmacchung,2026-04-24,14:33:59,-07:00,2026-04-24T14:33:59-07:00,1,60
projects/part_c_teaching_video_modified_v8.html,888,html,6450bbbd,bigmacchung,2026-04-24,14:33:59,-07:00,2026-04-24T14:33:59-07:00,1,60
projects/part_c_teaching_video_modified_v8.html,889,html,6450bbbd,bigmacchung,2026-04-24,14:33:59,-07:00,2026-04-24T14:33:59-07:00,1,43
projects/part_c_teaching_video_modified_v8.html,890,html,6450bbbd,bigmacchung,2026-04-24,14:33:59,-07:00,2026-04-24T14:33:59-07:00,2,81
projects/part_c_teaching_video_modified_v8.html,891,html,6450bbbd,bigmacchung,2026-04-24,14:33:59,-07:00,2026-04-24T14:33:59-07:00,2,48
projects/part_c_teaching_video_modified_v8.html,892,html,6450bbbd,bigmacchung,2026-04-24,14:33:59,-07:00,2026-04-24T14:33:59-07:00,2,91
projects/part_c_teaching_video_modified_v8.html,893,html,6450bbbd,bigmacchung,2026-04-24,14:33:59,-07:00,2026-04-24T14:33:59-07:00,1,1
projects/part_c_teaching_video_modified_v8.html,894,html,6450bbbd,bigmacchung,2026-04-24,14:33:59,-07:00,2026-04-24T14:33:59-07:00,1,55
projects/part_c_teaching_video_modified_v8.html,895,html,6450bbbd,bigmacchung,2026-04-24,14:33:59,-07:00,2026-04-24T14:33:59-07:00,2,63
projects/part_c_teaching_video_modified_v8.html,896,html,6450bbbd,bigmacchung,2026-04-24,14:33:59,-07:00,2026-04-24T14:33:59-07:00,1,0
projects/part_c_teaching_video_modified_v8.html,897,html,6450bbbd,bigmacchung,2026-04-24,14:33:59,-07:00,2026-04-24T14:33:59-07:00,0,0
projects/part_c_teaching_video_modified_v8.html,898,html,6450bbbd,bigmacchung,2026-04-24,14:33:59,-07:00,2026-04-24T14:33:59-07:00,1,20
projects/part_c_teaching_video_modified_v8.html,899,html,6450bbbd,bigmacchung,2026-04-24,14:33:59,-07:00,2026-04-24T14:33:59-07:00,1,18
projects/part_c_teaching_video_modified_v8.html,900,html,6450bbbd,bigmacchung,2026-04-24,14:33:59,-07:00,2026-04-24T14:33:59-07:00,1,47
projects/part_c_teaching_video_modified_v8.html,901,html,6450bbbd,bigmacchung,2026-04-24,14:33:59,-07:00,2026-04-24T14:33:59-07:00,1,15
projects/part_c_teaching_video_modified_v8.html,902,html,6450bbbd,bigmacchung,2026-04-24,14:33:59,-07:00,2026-04-24T14:33:59-07:00,2,27
projects/part_c_teaching_video_modified_v8.html,903,html,6450bbbd,bigmacchung,2026-04-24,14:33:59,-07:00,2026-04-24T14:33:59-07:00,2,41
projects/part_c_teaching_video_modified_v8.html,904,html,6450bbbd,bigmacchung,2026-04-24,14:33:59,-07:00,2026-04-24T14:33:59-07:00,2,18
projects/part_c_teaching_video_modified_v8.html,905,html,6450bbbd,bigmacchung,2026-04-24,14:33:59,-07:00,2026-04-24T14:33:59-07:00,1,0
projects/part_c_teaching_video_modified_v8.html,906,html,6450bbbd,bigmacchung,2026-04-24,14:33:59,-07:00,2026-04-24T14:33:59-07:00,1,15
projects/part_c_teaching_video_modified_v8.html,907,html,6450bbbd,bigmacchung,2026-04-24,14:33:59,-07:00,2026-04-24T14:33:59-07:00,2,22
projects/part_c_teaching_video_modified_v8.html,908,html,6450bbbd,bigmacchung,2026-04-24,14:33:59,-07:00,2026-04-24T14:33:59-07:00,2,53
projects/part_c_teaching_video_modified_v8.html,909,html,6450bbbd,bigmacchung,2026-04-24,14:33:59,-07:00,2026-04-24T14:33:59-07:00,2,27
projects/part_c_teaching_video_modified_v8.html,910,html,6450bbbd,bigmacchung,2026-04-24,14:33:59,-07:00,2026-04-24T14:33:59-07:00,2,52
projects/part_c_teaching_video_modified_v8.html,911,html,6450bbbd,bigmacchung,2026-04-24,14:33:59,-07:00,2026-04-24T14:33:59-07:00,2,41
projects/part_c_teaching_video_modified_v8.html,912,html,6450bbbd,bigmacchung,2026-04-24,14:33:59,-07:00,2026-04-24T14:33:59-07:00,1,0
projects/part_c_teaching_video_modified_v8.html,913,html,6450bbbd,bigmacchung,2026-04-24,14:33:59,-07:00,2026-04-24T14:33:59-07:00,1,54
projects/part_c_teaching_video_modified_v8.html,914,html,6450bbbd,bigmacchung,2026-04-24,14:33:59,-07:00,2026-04-24T14:33:59-07:00,2,114
projects/part_c_teaching_video_modified_v8.html,915,html,6450bbbd,bigmacchung,2026-04-24,14:33:59,-07:00,2026-04-24T14:33:59-07:00,2,22
projects/part_c_teaching_video_modified_v8.html,916,html,6450bbbd,bigmacchung,2026-04-24,14:33:59,-07:00,2026-04-24T14:33:59-07:00,2,32
projects/part_c_teaching_video_modified_v8.html,917,html,6450bbbd,bigmacchung,2026-04-24,14:33:59,-07:00,2026-04-24T14:33:59-07:00,1,0
projects/part_c_teaching_video_modified_v8.html,918,html,6450bbbd,bigmacchung,2026-04-24,14:33:59,-07:00,2026-04-24T14:33:59-07:00,1,54
projects/part_c_teaching_video_modified_v8.html,919,html,6450bbbd,bigmacchung,2026-04-24,14:33:59,-07:00,2026-04-24T14:33:59-07:00,2,58
projects/part_c_teaching_video_modified_v8.html,920,html,6450bbbd,bigmacchung,2026-04-24,14:33:59,-07:00,2026-04-24T14:33:59-07:00,2,27
projects/part_c_teaching_video_modified_v8.html,921,html,6450bbbd,bigmacchung,2026-04-24,14:33:59,-07:00,2026-04-24T14:33:59-07:00,2,39
projects/part_c_teaching_video_modified_v8.html,922,html,6450bbbd,bigmacchung,2026-04-24,14:33:59,-07:00,2026-04-24T14:33:59-07:00,1,0
projects/part_c_teaching_video_modified_v8.html,923,html,6450bbbd,bigmacchung,2026-04-24,14:33:59,-07:00,2026-04-24T14:33:59-07:00,0,7
projects/part_c_teaching_video_modified_v8.html,924,html,6450bbbd,bigmacchung,2026-04-24,14:33:59,-07:00,2026-04-24T14:33:59-07:00,0,5
projects/part_c_teaching_video_modified_v8.html,925,html,6450bbbd,bigmacchung,2026-04-24,14:33:59,-07:00,2026-04-24T14:33:59-07:00,0,5
projects/index.html,1,html,557b2d08,bigmacchung,2026-04-07,21:48:14,-07:00,2026-04-07T21:48:14-07:00,0,13
projects/index.html,2,html,557b2d08,bigmacchung,2026-04-07,21:48:14,-07:00,2026-04-07T21:48:14-07:00,0,14
projects/index.html,3,html,557b2d08,bigmacchung,2026-04-07,21:48:14,-07:00,2026-04-07T21:48:14-07:00,0,4
projects/index.html,4,html,557b2d08,bigmacchung,2026-04-07,21:48:14,-07:00,2026-04-07T21:48:14-07:00,1,20
projects/index.html,5,html,557b2d08,bigmacchung,2026-04-07,21:48:14,-07:00,2026-04-07T21:48:14-07:00,1,68
projects/index.html,6,html,557b2d08,bigmacchung,2026-04-07,21:48:14,-07:00,2026-04-07T21:48:14-07:00,1,36
projects/index.html,7,html,557b2d08,bigmacchung,2026-04-07,21:48:14,-07:00,2026-04-07T21:48:14-07:00,1,41
projects/index.html,8,html,4c17c21f,Maxime Chung,2026-04-24,20:09:11,-07:00,2026-04-24T20:09:11-07:00,1,48
projects/index.html,9,html,4c17c21f,Maxime Chung,2026-04-24,20:09:11,-07:00,2026-04-24T20:09:11-07:00,1,47
projects/index.html,10,html,557b2d08,bigmacchung,2026-04-07,21:48:14,-07:00,2026-04-07T21:48:14-07:00,0,5
projects/index.html,11,html,557b2d08,bigmacchung,2026-04-07,21:48:14,-07:00,2026-04-07T21:48:14-07:00,0,4
projects/index.html,12,html,4c17c21f,Maxime Chung,2026-04-24,20:09:11,-07:00,2026-04-24T20:09:11-07:00,1,38
projects/index.html,13,html,b30df589,Maxime Chung,2026-05-01,20:05:03,-07:00,2026-05-01T20:05:03-07:00,0,0
projects/index.html,14,html,b30df589,Maxime Chung,2026-05-01,20:05:03,-07:00,2026-05-01T20:05:03-07:00,1,27
projects/index.html,15,html,b30df589,Maxime Chung,2026-05-01,20:05:03,-07:00,2026-05-01T20:05:03-07:00,2,58
projects/index.html,16,html,b30df589,Maxime Chung,2026-05-01,20:05:03,-07:00,2026-05-01T20:05:03-07:00,2,22
projects/index.html,17,html,b30df589,Maxime Chung,2026-05-01,20:05:03,-07:00,2026-05-01T20:05:03-07:00,1,4
projects/index.html,18,html,b30df589,Maxime Chung,2026-05-01,20:05:03,-07:00,2026-05-01T20:05:03-07:00,0,0
projects/index.html,19,html,b30df589,Maxime Chung,2026-05-01,20:05:03,-07:00,2026-05-01T20:05:03-07:00,1,4
projects/index.html,20,html,b30df589,Maxime Chung,2026-05-01,20:05:03,-07:00,2026-05-01T20:05:03-07:00,2,15
projects/index.html,21,html,b30df589,Maxime Chung,2026-05-01,20:05:03,-07:00,2026-05-01T20:05:03-07:00,2,11
projects/index.html,22,html,b30df589,Maxime Chung,2026-05-01,20:05:03,-07:00,2026-05-01T20:05:03-07:00,2,26
projects/index.html,23,html,b30df589,Maxime Chung,2026-05-01,20:05:03,-07:00,2026-05-01T20:05:03-07:00,2,31
projects/index.html,24,html,b30df589,Maxime Chung,2026-05-01,20:05:03,-07:00,2026-05-01T20:05:03-07:00,1,0
projects/index.html,25,html,b30df589,Maxime Chung,2026-05-01,20:05:03,-07:00,2026-05-01T20:05:03-07:00,0,0
projects/index.html,26,html,f92652d8,Maxime Chung,2026-04-12,00:13:14,-07:00,2026-04-12T00:13:14-07:00,1,20
projects/index.html,27,html,4c17c21f,Maxime Chung,2026-04-24,20:09:11,-07:00,2026-04-24T20:09:11-07:00,2,63
projects/index.html,28,html,f92652d8,Maxime Chung,2026-04-12,00:13:14,-07:00,2026-04-12T00:13:14-07:00,1,4
projects/index.html,29,html,557b2d08,bigmacchung,2026-04-07,21:48:14,-07:00,2026-04-07T21:48:14-07:00,0,5
projects/index.html,30,html,704603fc,bigmacchung,2026-04-17,19:37:15,-07:00,2026-04-17T19:37:15-07:00,0,5
projects/BightWatch_Pitch.html,1,html,5f34ff1b,bigmacchung,2026-04-20,23:54:46,-07:00,2026-04-20T23:54:46-07:00,0,13
projects/BightWatch_Pitch.html,2,html,5f34ff1b,bigmacchung,2026-04-20,23:54:46,-07:00,2026-04-20T23:54:46-07:00,0,14
projects/BightWatch_Pitch.html,3,html,5f34ff1b,bigmacchung,2026-04-20,23:54:46,-07:00,2026-04-20T23:54:46-07:00,0,4
projects/BightWatch_Pitch.html,4,html,5f34ff1b,bigmacchung,2026-04-20,23:54:46,-07:00,2026-04-20T23:54:46-07:00,0,20
projects/BightWatch_Pitch.html,5,html,5f34ff1b,bigmacchung,2026-04-20,23:54:46,-07:00,2026-04-20T23:54:46-07:00,0,68
projects/BightWatch_Pitch.html,6,html,5f34ff1b,bigmacchung,2026-04-20,23:54:46,-07:00,2026-04-20T23:54:46-07:00,0,83
projects/BightWatch_Pitch.html,7,html,5f34ff1b,bigmacchung,2026-04-20,23:54:46,-07:00,2026-04-20T23:54:46-07:00,0,0
projects/BightWatch_Pitch.html,8,html,5f34ff1b,bigmacchung,2026-04-20,23:54:46,-07:00,2026-04-20T23:54:46-07:00,0,41
projects/BightWatch_Pitch.html,9,html,5f34ff1b,bigmacchung,2026-04-20,23:54:46,-07:00,2026-04-20T23:54:46-07:00,0,81
projects/BightWatch_Pitch.html,10,html,5f34ff1b,bigmacchung,2026-04-20,23:54:46,-07:00,2026-04-20T23:54:46-07:00,0,6
projects/BightWatch_Pitch.html,11,html,5f34ff1b,bigmacchung,2026-04-20,23:54:46,-07:00,2026-04-20T23:54:46-07:00,1,57
projects/BightWatch_Pitch.html,12,html,5f34ff1b,bigmacchung,2026-04-20,23:54:46,-07:00,2026-04-20T23:54:46-07:00,2,19
projects/BightWatch_Pitch.html,13,html,5f34ff1b,bigmacchung,2026-04-20,23:54:46,-07:00,2026-04-20T23:54:46-07:00,3,18
projects/BightWatch_Pitch.html,14,html,5f34ff1b,bigmacchung,2026-04-20,23:54:46,-07:00,2026-04-20T23:54:46-07:00,4,16
projects/BightWatch_Pitch.html,15,html,5f34ff1b,bigmacchung,2026-04-20,23:54:46,-07:00,2026-04-20T23:54:46-07:00,4,15
projects/BightWatch_Pitch.html,16,html,5f34ff1b,bigmacchung,2026-04-20,23:54:46,-07:00,2026-04-20T23:54:46-07:00,4,93
projects/BightWatch_Pitch.html,17,html,5f34ff1b,bigmacchung,2026-04-20,23:54:46,-07:00,2026-04-20T23:54:46-07:00,4,15
projects/BightWatch_Pitch.html,18,html,5f34ff1b,bigmacchung,2026-04-20,23:54:46,-07:00,2026-04-20T23:54:46-07:00,5,41
projects/BightWatch_Pitch.html,19,html,5f34ff1b,bigmacchung,2026-04-20,23:54:46,-07:00,2026-04-20T23:54:46-07:00,5,15
projects/BightWatch_Pitch.html,20,html,5f34ff1b,bigmacchung,2026-04-20,23:54:46,-07:00,2026-04-20T23:54:46-07:00,5,22
projects/BightWatch_Pitch.html,21,html,5f34ff1b,bigmacchung,2026-04-20,23:54:46,-07:00,2026-04-20T23:54:46-07:00,5,26
projects/BightWatch_Pitch.html,22,html,5f34ff1b,bigmacchung,2026-04-20,23:54:46,-07:00,2026-04-20T23:54:46-07:00,5,28
projects/BightWatch_Pitch.html,23,html,5f34ff1b,bigmacchung,2026-04-20,23:54:46,-07:00,2026-04-20T23:54:46-07:00,5,19
projects/BightWatch_Pitch.html,24,html,5f34ff1b,bigmacchung,2026-04-20,23:54:46,-07:00,2026-04-20T23:54:46-07:00,5,24
projects/BightWatch_Pitch.html,25,html,5f34ff1b,bigmacchung,2026-04-20,23:54:46,-07:00,2026-04-20T23:54:46-07:00,5,22
projects/BightWatch_Pitch.html,26,html,5f34ff1b,bigmacchung,2026-04-20,23:54:46,-07:00,2026-04-20T23:54:46-07:00,4,0
projects/BightWatch_Pitch.html,27,html,5f34ff1b,bigmacchung,2026-04-20,23:54:46,-07:00,2026-04-20T23:54:46-07:00,3,1
projects/BightWatch_Pitch.html,28,html,5f34ff1b,bigmacchung,2026-04-20,23:54:46,-07:00,2026-04-20T23:54:46-07:00,2,0
projects/BightWatch_Pitch.html,29,html,5f34ff1b,bigmacchung,2026-04-20,23:54:46,-07:00,2026-04-20T23:54:46-07:00,1,1
projects/BightWatch_Pitch.html,30,html,5f34ff1b,bigmacchung,2026-04-20,23:54:46,-07:00,2026-04-20T23:54:46-07:00,0,7
projects/BightWatch_Pitch.html,31,html,5f34ff1b,bigmacchung,2026-04-20,23:54:46,-07:00,2026-04-20T23:54:46-07:00,0,0
projects/BightWatch_Pitch.html,32,html,5f34ff1b,bigmacchung,2026-04-20,23:54:46,-07:00,2026-04-20T23:54:46-07:00,0,5
projects/BightWatch_Pitch.html,33,html,5f34ff1b,bigmacchung,2026-04-20,23:54:46,-07:00,2026-04-20T23:54:46-07:00,1,5
projects/BightWatch_Pitch.html,34,html,5f34ff1b,bigmacchung,2026-04-20,23:54:46,-07:00,2026-04-20T23:54:46-07:00,2,14
projects/BightWatch_Pitch.html,35,html,5f34ff1b,bigmacchung,2026-04-20,23:54:46,-07:00,2026-04-20T23:54:46-07:00,2,16
projects/BightWatch_Pitch.html,36,html,5f34ff1b,bigmacchung,2026-04-20,23:54:46,-07:00,2026-04-20T23:54:46-07:00,2,14
projects/BightWatch_Pitch.html,37,html,5f34ff1b,bigmacchung,2026-04-20,23:54:46,-07:00,2026-04-20T23:54:46-07:00,2,16
projects/BightWatch_Pitch.html,38,html,5f34ff1b,bigmacchung,2026-04-20,23:54:46,-07:00,2026-04-20T23:54:46-07:00,2,13
projects/BightWatch_Pitch.html,39,html,5f34ff1b,bigmacchung,2026-04-20,23:54:46,-07:00,2026-04-20T23:54:46-07:00,2,15
projects/BightWatch_Pitch.html,40,html,5f34ff1b,bigmacchung,2026-04-20,23:54:46,-07:00,2026-04-20T23:54:46-07:00,2,15
projects/BightWatch_Pitch.html,41,html,5f34ff1b,bigmacchung,2026-04-20,23:54:46,-07:00,2026-04-20T23:54:46-07:00,2,12
projects/BightWatch_Pitch.html,42,html,5f34ff1b,bigmacchung,2026-04-20,23:54:46,-07:00,2026-04-20T23:54:46-07:00,2,14
projects/BightWatch_Pitch.html,43,html,5f34ff1b,bigmacchung,2026-04-20,23:54:46,-07:00,2026-04-20T23:54:46-07:00,2,16
projects/BightWatch_Pitch.html,44,html,5f34ff1b,bigmacchung,2026-04-20,23:54:46,-07:00,2026-04-20T23:54:46-07:00,2,14
projects/BightWatch_Pitch.html,45,html,5f34ff1b,bigmacchung,2026-04-20,23:54:46,-07:00,2026-04-20T23:54:46-07:00,2,14
projects/BightWatch_Pitch.html,46,html,5f34ff1b,bigmacchung,2026-04-20,23:54:46,-07:00,2026-04-20T23:54:46-07:00,2,13
projects/BightWatch_Pitch.html,47,html,5f34ff1b,bigmacchung,2026-04-20,23:54:46,-07:00,2026-04-20T23:54:46-07:00,2,14
projects/BightWatch_Pitch.html,48,html,5f34ff1b,bigmacchung,2026-04-20,23:54:46,-07:00,2026-04-20T23:54:46-07:00,2,41
projects/BightWatch_Pitch.html,49,html,5f34ff1b,bigmacchung,2026-04-20,23:54:46,-07:00,2026-04-20T23:54:46-07:00,2,44
projects/BightWatch_Pitch.html,50,html,5f34ff1b,bigmacchung,2026-04-20,23:54:46,-07:00,2026-04-20T23:54:46-07:00,2,13
projects/BightWatch_Pitch.html,51,html,5f34ff1b,bigmacchung,2026-04-20,23:54:46,-07:00,2026-04-20T23:54:46-07:00,2,13
projects/BightWatch_Pitch.html,52,html,5f34ff1b,bigmacchung,2026-04-20,23:54:46,-07:00,2026-04-20T23:54:46-07:00,1,0
projects/BightWatch_Pitch.html,53,html,5f34ff1b,bigmacchung,2026-04-20,23:54:46,-07:00,2026-04-20T23:54:46-07:00,0,0
projects/BightWatch_Pitch.html,54,html,5f34ff1b,bigmacchung,2026-04-20,23:54:46,-07:00,2026-04-20T23:54:46-07:00,1,27
projects/BightWatch_Pitch.html,55,html,5f34ff1b,bigmacchung,2026-04-20,23:54:46,-07:00,2026-04-20T23:54:46-07:00,1,31
projects/BightWatch_Pitch.html,56,html,5f34ff1b,bigmacchung,2026-04-20,23:54:46,-07:00,2026-04-20T23:54:46-07:00,1,4
projects/BightWatch_Pitch.html,57,html,5f34ff1b,bigmacchung,2026-04-20,23:54:46,-07:00,2026-04-20T23:54:46-07:00,2,8
projects/BightWatch_Pitch.html,58,html,5f34ff1b,bigmacchung,2026-04-20,23:54:46,-07:00,2026-04-20T23:54:46-07:00,2,86
projects/BightWatch_Pitch.html,59,html,5f34ff1b,bigmacchung,2026-04-20,23:54:46,-07:00,2026-04-20T23:54:46-07:00,2,16
projects/BightWatch_Pitch.html,60,html,5f34ff1b,bigmacchung,2026-04-20,23:54:46,-07:00,2026-04-20T23:54:46-07:00,2,20
projects/BightWatch_Pitch.html,61,html,5f34ff1b,bigmacchung,2026-04-20,23:54:46,-07:00,2026-04-20T23:54:46-07:00,2,16
projects/BightWatch_Pitch.html,62,html,5f34ff1b,bigmacchung,2026-04-20,23:54:46,-07:00,2026-04-20T23:54:46-07:00,2,34
projects/BightWatch_Pitch.html,63,html,5f34ff1b,bigmacchung,2026-04-20,23:54:46,-07:00,2026-04-20T23:54:46-07:00,2,14
projects/BightWatch_Pitch.html,64,html,5f34ff1b,bigmacchung,2026-04-20,23:54:46,-07:00,2026-04-20T23:54:46-07:00,1,0
projects/BightWatch_Pitch.html,65,html,5f34ff1b,bigmacchung,2026-04-20,23:54:46,-07:00,2026-04-20T23:54:46-07:00,0,0
projects/BightWatch_Pitch.html,66,html,5f34ff1b,bigmacchung,2026-04-20,23:54:46,-07:00,2026-04-20T23:54:46-07:00,1,120
projects/BightWatch_Pitch.html,67,html,5f34ff1b,bigmacchung,2026-04-20,23:54:46,-07:00,2026-04-20T23:54:46-07:00,1,23
projects/BightWatch_Pitch.html,68,html,5f34ff1b,bigmacchung,2026-04-20,23:54:46,-07:00,2026-04-20T23:54:46-07:00,1,21
projects/BightWatch_Pitch.html,69,html,5f34ff1b,bigmacchung,2026-04-20,23:54:46,-07:00,2026-04-20T23:54:46-07:00,1,24
projects/BightWatch_Pitch.html,70,html,5f34ff1b,bigmacchung,2026-04-20,23:54:46,-07:00,2026-04-20T23:54:46-07:00,1,94
projects/BightWatch_Pitch.html,71,html,5f34ff1b,bigmacchung,2026-04-20,23:54:46,-07:00,2026-04-20T23:54:46-07:00,1,25
projects/BightWatch_Pitch.html,72,html,5f34ff1b,bigmacchung,2026-04-20,23:54:46,-07:00,2026-04-20T23:54:46-07:00,1,46
projects/BightWatch_Pitch.html,73,html,5f34ff1b,bigmacchung,2026-04-20,23:54:46,-07:00,2026-04-20T23:54:46-07:00,1,37
projects/BightWatch_Pitch.html,74,html,5f34ff1b,bigmacchung,2026-04-20,23:54:46,-07:00,2026-04-20T23:54:46-07:00,0,0
projects/BightWatch_Pitch.html,75,html,5f34ff1b,bigmacchung,2026-04-20,23:54:46,-07:00,2026-04-20T23:54:46-07:00,1,11
projects/BightWatch_Pitch.html,76,html,5f34ff1b,bigmacchung,2026-04-20,23:54:46,-07:00,2026-04-20T23:54:46-07:00,1,7
projects/BightWatch_Pitch.html,77,html,5f34ff1b,bigmacchung,2026-04-20,23:54:46,-07:00,2026-04-20T23:54:46-07:00,2,36
projects/BightWatch_Pitch.html,78,html,5f34ff1b,bigmacchung,2026-04-20,23:54:46,-07:00,2026-04-20T23:54:46-07:00,2,33
projects/BightWatch_Pitch.html,79,html,5f34ff1b,bigmacchung,2026-04-20,23:54:46,-07:00,2026-04-20T23:54:46-07:00,2,40
projects/BightWatch_Pitch.html,80,html,5f34ff1b,bigmacchung,2026-04-20,23:54:46,-07:00,2026-04-20T23:54:46-07:00,2,35
projects/BightWatch_Pitch.html,81,html,5f34ff1b,bigmacchung,2026-04-20,23:54:46,-07:00,2026-04-20T23:54:46-07:00,2,24
projects/BightWatch_Pitch.html,82,html,5f34ff1b,bigmacchung,2026-04-20,23:54:46,-07:00,2026-04-20T23:54:46-07:00,1,0
projects/BightWatch_Pitch.html,83,html,5f34ff1b,bigmacchung,2026-04-20,23:54:46,-07:00,2026-04-20T23:54:46-07:00,1,13
projects/BightWatch_Pitch.html,84,html,5f34ff1b,bigmacchung,2026-04-20,23:54:46,-07:00,2026-04-20T23:54:46-07:00,2,21
projects/BightWatch_Pitch.html,85,html,5f34ff1b,bigmacchung,2026-04-20,23:54:46,-07:00,2026-04-20T23:54:46-07:00,2,13
projects/BightWatch_Pitch.html,86,html,5f34ff1b,bigmacchung,2026-04-20,23:54:46,-07:00,2026-04-20T23:54:46-07:00,2,22
projects/BightWatch_Pitch.html,87,html,5f34ff1b,bigmacchung,2026-04-20,23:54:46,-07:00,2026-04-20T23:54:46-07:00,2,61
projects/BightWatch_Pitch.html,88,html,5f34ff1b,bigmacchung,2026-04-20,23:54:46,-07:00,2026-04-20T23:54:46-07:00,1,0
projects/BightWatch_Pitch.html,89,html,5f34ff1b,bigmacchung,2026-04-20,23:54:46,-07:00,2026-04-20T23:54:46-07:00,1,6
projects/BightWatch_Pitch.html,90,html,5f34ff1b,bigmacchung,2026-04-20,23:54:46,-07:00,2026-04-20T23:54:46-07:00,2,46
projects/BightWatch_Pitch.html,91,html,5f34ff1b,bigmacchung,2026-04-20,23:54:46,-07:00,2026-04-20T23:54:46-07:00,2,35
projects/BightWatch_Pitch.html,92,html,5f34ff1b,bigmacchung,2026-04-20,23:54:46,-07:00,2026-04-20T23:54:46-07:00,1,0
projects/BightWatch_Pitch.html,93,html,5f34ff1b,bigmacchung,2026-04-20,23:54:46,-07:00,2026-04-20T23:54:46-07:00,1,12
projects/BightWatch_Pitch.html,94,html,5f34ff1b,bigmacchung,2026-04-20,23:54:46,-07:00,2026-04-20T23:54:46-07:00,2,44
projects/BightWatch_Pitch.html,95,html,5f34ff1b,bigmacchung,2026-04-20,23:54:46,-07:00,2026-04-20T23:54:46-07:00,2,60
projects/BightWatch_Pitch.html,96,html,5f34ff1b,bigmacchung,2026-04-20,23:54:46,-07:00,2026-04-20T23:54:46-07:00,2,20
projects/BightWatch_Pitch.html,97,html,5f34ff1b,bigmacchung,2026-04-20,23:54:46,-07:00,2026-04-20T23:54:46-07:00,1,0
projects/BightWatch_Pitch.html,98,html,5f34ff1b,bigmacchung,2026-04-20,23:54:46,-07:00,2026-04-20T23:54:46-07:00,1,10
projects/BightWatch_Pitch.html,99,html,5f34ff1b,bigmacchung,2026-04-20,23:54:46,-07:00,2026-04-20T23:54:46-07:00,2,61
projects/BightWatch_Pitch.html,100,html,5f34ff1b,bigmacchung,2026-04-20,23:54:46,-07:00,2026-04-20T23:54:46-07:00,2,17
projects/BightWatch_Pitch.html,101,html,5f34ff1b,bigmacchung,2026-04-20,23:54:46,-07:00,2026-04-20T23:54:46-07:00,1,0
projects/BightWatch_Pitch.html,102,html,5f34ff1b,bigmacchung,2026-04-20,23:54:46,-07:00,2026-04-20T23:54:46-07:00,1,12
projects/BightWatch_Pitch.html,103,html,5f34ff1b,bigmacchung,2026-04-20,23:54:46,-07:00,2026-04-20T23:54:46-07:00,2,64
projects/BightWatch_Pitch.html,104,html,5f34ff1b,bigmacchung,2026-04-20,23:54:46,-07:00,2026-04-20T23:54:46-07:00,1,0
projects/BightWatch_Pitch.html,105,html,5f34ff1b,bigmacchung,2026-04-20,23:54:46,-07:00,2026-04-20T23:54:46-07:00,1,68
projects/BightWatch_Pitch.html,106,html,5f34ff1b,bigmacchung,2026-04-20,23:54:46,-07:00,2026-04-20T23:54:46-07:00,0,0
projects/BightWatch_Pitch.html,107,html,5f34ff1b,bigmacchung,2026-04-20,23:54:46,-07:00,2026-04-20T23:54:46-07:00,1,15
projects/BightWatch_Pitch.html,108,html,5f34ff1b,bigmacchung,2026-04-20,23:54:46,-07:00,2026-04-20T23:54:46-07:00,1,13
projects/BightWatch_Pitch.html,109,html,5f34ff1b,bigmacchung,2026-04-20,23:54:46,-07:00,2026-04-20T23:54:46-07:00,2,15
projects/BightWatch_Pitch.html,110,html,5f34ff1b,bigmacchung,2026-04-20,23:54:46,-07:00,2026-04-20T23:54:46-07:00,2,21
projects/BightWatch_Pitch.html,111,html,5f34ff1b,bigmacchung,2026-04-20,23:54:46,-07:00,2026-04-20T23:54:46-07:00,2,58
projects/BightWatch_Pitch.html,112,html,5f34ff1b,bigmacchung,2026-04-20,23:54:46,-07:00,2026-04-20T23:54:46-07:00,1,0
projects/BightWatch_Pitch.html,113,html,5f34ff1b,bigmacchung,2026-04-20,23:54:46,-07:00,2026-04-20T23:54:46-07:00,1,12
projects/BightWatch_Pitch.html,114,html,5f34ff1b,bigmacchung,2026-04-20,23:54:46,-07:00,2026-04-20T23:54:46-07:00,2,10
projects/BightWatch_Pitch.html,115,html,5f34ff1b,bigmacchung,2026-04-20,23:54:46,-07:00,2026-04-20T23:54:46-07:00,2,21
projects/BightWatch_Pitch.html,116,html,5f34ff1b,bigmacchung,2026-04-20,23:54:46,-07:00,2026-04-20T23:54:46-07:00,2,13
projects/BightWatch_Pitch.html,117,html,5f34ff1b,bigmacchung,2026-04-20,23:54:46,-07:00,2026-04-20T23:54:46-07:00,1,0
projects/BightWatch_Pitch.html,118,html,5f34ff1b,bigmacchung,2026-04-20,23:54:46,-07:00,2026-04-20T23:54:46-07:00,1,77
projects/BightWatch_Pitch.html,119,html,5f34ff1b,bigmacchung,2026-04-20,23:54:46,-07:00,2026-04-20T23:54:46-07:00,1,70
projects/BightWatch_Pitch.html,120,html,5f34ff1b,bigmacchung,2026-04-20,23:54:46,-07:00,2026-04-20T23:54:46-07:00,1,67
projects/BightWatch_Pitch.html,121,html,5f34ff1b,bigmacchung,2026-04-20,23:54:46,-07:00,2026-04-20T23:54:46-07:00,0,0
projects/BightWatch_Pitch.html,122,html,5f34ff1b,bigmacchung,2026-04-20,23:54:46,-07:00,2026-04-20T23:54:46-07:00,1,8
projects/BightWatch_Pitch.html,123,html,5f34ff1b,bigmacchung,2026-04-20,23:54:46,-07:00,2026-04-20T23:54:46-07:00,1,18
projects/BightWatch_Pitch.html,124,html,5f34ff1b,bigmacchung,2026-04-20,23:54:46,-07:00,2026-04-20T23:54:46-07:00,2,84
projects/BightWatch_Pitch.html,125,html,5f34ff1b,bigmacchung,2026-04-20,23:54:46,-07:00,2026-04-20T23:54:46-07:00,2,10
projects/BightWatch_Pitch.html,126,html,5f34ff1b,bigmacchung,2026-04-20,23:54:46,-07:00,2026-04-20T23:54:46-07:00,2,15
projects/BightWatch_Pitch.html,127,html,5f34ff1b,bigmacchung,2026-04-20,23:54:46,-07:00,2026-04-20T23:54:46-07:00,1,0
projects/BightWatch_Pitch.html,128,html,5f34ff1b,bigmacchung,2026-04-20,23:54:46,-07:00,2026-04-20T23:54:46-07:00,1,86
projects/BightWatch_Pitch.html,129,html,5f34ff1b,bigmacchung,2026-04-20,23:54:46,-07:00,2026-04-20T23:54:46-07:00,1,14
projects/BightWatch_Pitch.html,130,html,5f34ff1b,bigmacchung,2026-04-20,23:54:46,-07:00,2026-04-20T23:54:46-07:00,2,20
projects/BightWatch_Pitch.html,131,html,5f34ff1b,bigmacchung,2026-04-20,23:54:46,-07:00,2026-04-20T23:54:46-07:00,2,21
projects/BightWatch_Pitch.html,132,html,5f34ff1b,bigmacchung,2026-04-20,23:54:46,-07:00,2026-04-20T23:54:46-07:00,2,33
projects/BightWatch_Pitch.html,133,html,5f34ff1b,bigmacchung,2026-04-20,23:54:46,-07:00,2026-04-20T23:54:46-07:00,2,39
projects/BightWatch_Pitch.html,134,html,5f34ff1b,bigmacchung,2026-04-20,23:54:46,-07:00,2026-04-20T23:54:46-07:00,2,19
projects/BightWatch_Pitch.html,135,html,5f34ff1b,bigmacchung,2026-04-20,23:54:46,-07:00,2026-04-20T23:54:46-07:00,2,68
projects/BightWatch_Pitch.html,136,html,5f34ff1b,bigmacchung,2026-04-20,23:54:46,-07:00,2026-04-20T23:54:46-07:00,2,21
projects/BightWatch_Pitch.html,137,html,5f34ff1b,bigmacchung,2026-04-20,23:54:46,-07:00,2026-04-20T23:54:46-07:00,2,13
projects/BightWatch_Pitch.html,138,html,5f34ff1b,bigmacchung,2026-04-20,23:54:46,-07:00,2026-04-20T23:54:46-07:00,2,15
projects/BightWatch_Pitch.html,139,html,5f34ff1b,bigmacchung,2026-04-20,23:54:46,-07:00,2026-04-20T23:54:46-07:00,1,0
projects/BightWatch_Pitch.html,140,html,5f34ff1b,bigmacchung,2026-04-20,23:54:46,-07:00,2026-04-20T23:54:46-07:00,1,8
projects/BightWatch_Pitch.html,141,html,5f34ff1b,bigmacchung,2026-04-20,23:54:46,-07:00,2026-04-20T23:54:46-07:00,2,16
projects/BightWatch_Pitch.html,142,html,5f34ff1b,bigmacchung,2026-04-20,23:54:46,-07:00,2026-04-20T23:54:46-07:00,2,20
projects/BightWatch_Pitch.html,143,html,5f34ff1b,bigmacchung,2026-04-20,23:54:46,-07:00,2026-04-20T23:54:46-07:00,2,24
projects/BightWatch_Pitch.html,144,html,5f34ff1b,bigmacchung,2026-04-20,23:54:46,-07:00,2026-04-20T23:54:46-07:00,2,39
projects/BightWatch_Pitch.html,145,html,5f34ff1b,bigmacchung,2026-04-20,23:54:46,-07:00,2026-04-20T23:54:46-07:00,1,0
projects/BightWatch_Pitch.html,146,html,5f34ff1b,bigmacchung,2026-04-20,23:54:46,-07:00,2026-04-20T23:54:46-07:00,1,14
projects/BightWatch_Pitch.html,147,html,5f34ff1b,bigmacchung,2026-04-20,23:54:46,-07:00,2026-04-20T23:54:46-07:00,2,17
projects/BightWatch_Pitch.html,148,html,5f34ff1b,bigmacchung,2026-04-20,23:54:46,-07:00,2026-04-20T23:54:46-07:00,2,12
projects/BightWatch_Pitch.html,149,html,5f34ff1b,bigmacchung,2026-04-20,23:54:46,-07:00,2026-04-20T23:54:46-07:00,2,15
projects/BightWatch_Pitch.html,150,html,5f34ff1b,bigmacchung,2026-04-20,23:54:46,-07:00,2026-04-20T23:54:46-07:00,2,24
projects/BightWatch_Pitch.html,151,html,5f34ff1b,bigmacchung,2026-04-20,23:54:46,-07:00,2026-04-20T23:54:46-07:00,1,0
projects/BightWatch_Pitch.html,152,html,5f34ff1b,bigmacchung,2026-04-20,23:54:46,-07:00,2026-04-20T23:54:46-07:00,1,10
projects/BightWatch_Pitch.html,153,html,5f34ff1b,bigmacchung,2026-04-20,23:54:46,-07:00,2026-04-20T23:54:46-07:00,2,43
projects/BightWatch_Pitch.html,154,html,5f34ff1b,bigmacchung,2026-04-20,23:54:46,-07:00,2026-04-20T23:54:46-07:00,2,33
projects/BightWatch_Pitch.html,155,html,5f34ff1b,bigmacchung,2026-04-20,23:54:46,-07:00,2026-04-20T23:54:46-07:00,2,39
projects/BightWatch_Pitch.html,156,html,5f34ff1b,bigmacchung,2026-04-20,23:54:46,-07:00,2026-04-20T23:54:46-07:00,2,27
projects/BightWatch_Pitch.html,157,html,5f34ff1b,bigmacchung,2026-04-20,23:54:46,-07:00,2026-04-20T23:54:46-07:00,2,15
projects/BightWatch_Pitch.html,158,html,5f34ff1b,bigmacchung,2026-04-20,23:54:46,-07:00,2026-04-20T23:54:46-07:00,2,14
projects/BightWatch_Pitch.html,159,html,5f34ff1b,bigmacchung,2026-04-20,23:54:46,-07:00,2026-04-20T23:54:46-07:00,2,24
projects/BightWatch_Pitch.html,160,html,5f34ff1b,bigmacchung,2026-04-20,23:54:46,-07:00,2026-04-20T23:54:46-07:00,1,0
projects/BightWatch_Pitch.html,161,html,5f34ff1b,bigmacchung,2026-04-20,23:54:46,-07:00,2026-04-20T23:54:46-07:00,1,30
projects/BightWatch_Pitch.html,162,html,5f34ff1b,bigmacchung,2026-04-20,23:54:46,-07:00,2026-04-20T23:54:46-07:00,0,0
projects/BightWatch_Pitch.html,163,html,5f34ff1b,bigmacchung,2026-04-20,23:54:46,-07:00,2026-04-20T23:54:46-07:00,1,18
projects/BightWatch_Pitch.html,164,html,5f34ff1b,bigmacchung,2026-04-20,23:54:46,-07:00,2026-04-20T23:54:46-07:00,1,15
projects/BightWatch_Pitch.html,165,html,5f34ff1b,bigmacchung,2026-04-20,23:54:46,-07:00,2026-04-20T23:54:46-07:00,2,60
projects/BightWatch_Pitch.html,166,html,5f34ff1b,bigmacchung,2026-04-20,23:54:46,-07:00,2026-04-20T23:54:46-07:00,2,24
projects/BightWatch_Pitch.html,167,html,5f34ff1b,bigmacchung,2026-04-20,23:54:46,-07:00,2026-04-20T23:54:46-07:00,2,27
projects/BightWatch_Pitch.html,168,html,5f34ff1b,bigmacchung,2026-04-20,23:54:46,-07:00,2026-04-20T23:54:46-07:00,2,20
projects/BightWatch_Pitch.html,169,html,5f34ff1b,bigmacchung,2026-04-20,23:54:46,-07:00,2026-04-20T23:54:46-07:00,2,26
projects/BightWatch_Pitch.html,170,html,5f34ff1b,bigmacchung,2026-04-20,23:54:46,-07:00,2026-04-20T23:54:46-07:00,2,15
projects/BightWatch_Pitch.html,171,html,5f34ff1b,bigmacchung,2026-04-20,23:54:46,-07:00,2026-04-20T23:54:46-07:00,2,18
projects/BightWatch_Pitch.html,172,html,5f34ff1b,bigmacchung,2026-04-20,23:54:46,-07:00,2026-04-20T23:54:46-07:00,2,17
projects/BightWatch_Pitch.html,173,html,5f34ff1b,bigmacchung,2026-04-20,23:54:46,-07:00,2026-04-20T23:54:46-07:00,1,0
projects/BightWatch_Pitch.html,174,html,5f34ff1b,bigmacchung,2026-04-20,23:54:46,-07:00,2026-04-20T23:54:46-07:00,1,23
projects/BightWatch_Pitch.html,175,html,5f34ff1b,bigmacchung,2026-04-20,23:54:46,-07:00,2026-04-20T23:54:46-07:00,2,20
projects/BightWatch_Pitch.html,176,html,5f34ff1b,bigmacchung,2026-04-20,23:54:46,-07:00,2026-04-20T23:54:46-07:00,2,41
projects/BightWatch_Pitch.html,177,html,5f34ff1b,bigmacchung,2026-04-20,23:54:46,-07:00,2026-04-20T23:54:46-07:00,2,31
projects/BightWatch_Pitch.html,178,html,5f34ff1b,bigmacchung,2026-04-20,23:54:46,-07:00,2026-04-20T23:54:46-07:00,2,45
projects/BightWatch_Pitch.html,179,html,5f34ff1b,bigmacchung,2026-04-20,23:54:46,-07:00,2026-04-20T23:54:46-07:00,2,59
projects/BightWatch_Pitch.html,180,html,5f34ff1b,bigmacchung,2026-04-20,23:54:46,-07:00,2026-04-20T23:54:46-07:00,1,0
projects/BightWatch_Pitch.html,181,html,5f34ff1b,bigmacchung,2026-04-20,23:54:46,-07:00,2026-04-20T23:54:46-07:00,1,25
projects/BightWatch_Pitch.html,182,html,5f34ff1b,bigmacchung,2026-04-20,23:54:46,-07:00,2026-04-20T23:54:46-07:00,2,73
projects/BightWatch_Pitch.html,183,html,5f34ff1b,bigmacchung,2026-04-20,23:54:46,-07:00,2026-04-20T23:54:46-07:00,2,20
projects/BightWatch_Pitch.html,184,html,5f34ff1b,bigmacchung,2026-04-20,23:54:46,-07:00,2026-04-20T23:54:46-07:00,1,0
projects/BightWatch_Pitch.html,185,html,5f34ff1b,bigmacchung,2026-04-20,23:54:46,-07:00,2026-04-20T23:54:46-07:00,1,66
projects/BightWatch_Pitch.html,186,html,5f34ff1b,bigmacchung,2026-04-20,23:54:46,-07:00,2026-04-20T23:54:46-07:00,1,23
projects/BightWatch_Pitch.html,187,html,5f34ff1b,bigmacchung,2026-04-20,23:54:46,-07:00,2026-04-20T23:54:46-07:00,2,51
projects/BightWatch_Pitch.html,188,html,5f34ff1b,bigmacchung,2026-04-20,23:54:46,-07:00,2026-04-20T23:54:46-07:00,1,0
projects/BightWatch_Pitch.html,189,html,5f34ff1b,bigmacchung,2026-04-20,23:54:46,-07:00,2026-04-20T23:54:46-07:00,0,0
projects/BightWatch_Pitch.html,190,html,5f34ff1b,bigmacchung,2026-04-20,23:54:46,-07:00,2026-04-20T23:54:46-07:00,1,16
projects/BightWatch_Pitch.html,191,html,5f34ff1b,bigmacchung,2026-04-20,23:54:46,-07:00,2026-04-20T23:54:46-07:00,1,7
projects/BightWatch_Pitch.html,192,html,5f34ff1b,bigmacchung,2026-04-20,23:54:46,-07:00,2026-04-20T23:54:46-07:00,2,62
projects/BightWatch_Pitch.html,193,html,5f34ff1b,bigmacchung,2026-04-20,23:54:46,-07:00,2026-04-20T23:54:46-07:00,2,11
projects/BightWatch_Pitch.html,194,html,5f34ff1b,bigmacchung,2026-04-20,23:54:46,-07:00,2026-04-20T23:54:46-07:00,1,0
projects/BightWatch_Pitch.html,195,html,5f34ff1b,bigmacchung,2026-04-20,23:54:46,-07:00,2026-04-20T23:54:46-07:00,1,7
projects/BightWatch_Pitch.html,196,html,5f34ff1b,bigmacchung,2026-04-20,23:54:46,-07:00,2026-04-20T23:54:46-07:00,2,62
projects/BightWatch_Pitch.html,197,html,5f34ff1b,bigmacchung,2026-04-20,23:54:46,-07:00,2026-04-20T23:54:46-07:00,2,11
projects/BightWatch_Pitch.html,198,html,5f34ff1b,bigmacchung,2026-04-20,23:54:46,-07:00,2026-04-20T23:54:46-07:00,1,0
projects/BightWatch_Pitch.html,199,html,5f34ff1b,bigmacchung,2026-04-20,23:54:46,-07:00,2026-04-20T23:54:46-07:00,1,25
projects/BightWatch_Pitch.html,200,html,5f34ff1b,bigmacchung,2026-04-20,23:54:46,-07:00,2026-04-20T23:54:46-07:00,2,46
projects/BightWatch_Pitch.html,201,html,5f34ff1b,bigmacchung,2026-04-20,23:54:46,-07:00,2026-04-20T23:54:46-07:00,2,29
projects/BightWatch_Pitch.html,202,html,5f34ff1b,bigmacchung,2026-04-20,23:54:46,-07:00,2026-04-20T23:54:46-07:00,2,23
projects/BightWatch_Pitch.html,203,html,5f34ff1b,bigmacchung,2026-04-20,23:54:46,-07:00,2026-04-20T23:54:46-07:00,2,23
projects/BightWatch_Pitch.html,204,html,5f34ff1b,bigmacchung,2026-04-20,23:54:46,-07:00,2026-04-20T23:54:46-07:00,1,0
projects/BightWatch_Pitch.html,205,html,5f34ff1b,bigmacchung,2026-04-20,23:54:46,-07:00,2026-04-20T23:54:46-07:00,1,5
projects/BightWatch_Pitch.html,206,html,5f34ff1b,bigmacchung,2026-04-20,23:54:46,-07:00,2026-04-20T23:54:46-07:00,2,15
projects/BightWatch_Pitch.html,207,html,5f34ff1b,bigmacchung,2026-04-20,23:54:46,-07:00,2026-04-20T23:54:46-07:00,2,28
projects/BightWatch_Pitch.html,208,html,5f34ff1b,bigmacchung,2026-04-20,23:54:46,-07:00,2026-04-20T23:54:46-07:00,2,27
projects/BightWatch_Pitch.html,209,html,5f34ff1b,bigmacchung,2026-04-20,23:54:46,-07:00,2026-04-20T23:54:46-07:00,2,23
projects/BightWatch_Pitch.html,210,html,5f34ff1b,bigmacchung,2026-04-20,23:54:46,-07:00,2026-04-20T23:54:46-07:00,2,24
projects/BightWatch_Pitch.html,211,html,5f34ff1b,bigmacchung,2026-04-20,23:54:46,-07:00,2026-04-20T23:54:46-07:00,1,0
projects/BightWatch_Pitch.html,212,html,5f34ff1b,bigmacchung,2026-04-20,23:54:46,-07:00,2026-04-20T23:54:46-07:00,1,25
projects/BightWatch_Pitch.html,213,html,5f34ff1b,bigmacchung,2026-04-20,23:54:46,-07:00,2026-04-20T23:54:46-07:00,1,12
projects/BightWatch_Pitch.html,214,html,5f34ff1b,bigmacchung,2026-04-20,23:54:46,-07:00,2026-04-20T23:54:46-07:00,2,67
projects/BightWatch_Pitch.html,215,html,5f34ff1b,bigmacchung,2026-04-20,23:54:46,-07:00,2026-04-20T23:54:46-07:00,2,37
projects/BightWatch_Pitch.html,216,html,5f34ff1b,bigmacchung,2026-04-20,23:54:46,-07:00,2026-04-20T23:54:46-07:00,1,0
projects/BightWatch_Pitch.html,217,html,5f34ff1b,bigmacchung,2026-04-20,23:54:46,-07:00,2026-04-20T23:54:46-07:00,1,54
projects/BightWatch_Pitch.html,218,html,5f34ff1b,bigmacchung,2026-04-20,23:54:46,-07:00,2026-04-20T23:54:46-07:00,1,15
projects/BightWatch_Pitch.html,219,html,5f34ff1b,bigmacchung,2026-04-20,23:54:46,-07:00,2026-04-20T23:54:46-07:00,2,72
projects/BightWatch_Pitch.html,220,html,5f34ff1b,bigmacchung,2026-04-20,23:54:46,-07:00,2026-04-20T23:54:46-07:00,2,37
projects/BightWatch_Pitch.html,221,html,5f34ff1b,bigmacchung,2026-04-20,23:54:46,-07:00,2026-04-20T23:54:46-07:00,1,0
projects/BightWatch_Pitch.html,222,html,5f34ff1b,bigmacchung,2026-04-20,23:54:46,-07:00,2026-04-20T23:54:46-07:00,1,15
projects/BightWatch_Pitch.html,223,html,5f34ff1b,bigmacchung,2026-04-20,23:54:46,-07:00,2026-04-20T23:54:46-07:00,2,62
projects/BightWatch_Pitch.html,224,html,5f34ff1b,bigmacchung,2026-04-20,23:54:46,-07:00,2026-04-20T23:54:46-07:00,1,0
projects/BightWatch_Pitch.html,225,html,5f34ff1b,bigmacchung,2026-04-20,23:54:46,-07:00,2026-04-20T23:54:46-07:00,0,0
projects/BightWatch_Pitch.html,226,html,5f34ff1b,bigmacchung,2026-04-20,23:54:46,-07:00,2026-04-20T23:54:46-07:00,1,61
projects/BightWatch_Pitch.html,227,html,5f34ff1b,bigmacchung,2026-04-20,23:54:46,-07:00,2026-04-20T23:54:46-07:00,1,15
projects/BightWatch_Pitch.html,228,html,5f34ff1b,bigmacchung,2026-04-20,23:54:46,-07:00,2026-04-20T23:54:46-07:00,2,62
projects/BightWatch_Pitch.html,229,html,5f34ff1b,bigmacchung,2026-04-20,23:54:46,-07:00,2026-04-20T23:54:46-07:00,2,8
projects/BightWatch_Pitch.html,230,html,5f34ff1b,bigmacchung,2026-04-20,23:54:46,-07:00,2026-04-20T23:54:46-07:00,2,17
projects/BightWatch_Pitch.html,231,html,5f34ff1b,bigmacchung,2026-04-20,23:54:46,-07:00,2026-04-20T23:54:46-07:00,1,0
projects/BightWatch_Pitch.html,232,html,5f34ff1b,bigmacchung,2026-04-20,23:54:46,-07:00,2026-04-20T23:54:46-07:00,1,75
projects/BightWatch_Pitch.html,233,html,5f34ff1b,bigmacchung,2026-04-20,23:54:46,-07:00,2026-04-20T23:54:46-07:00,1,5
projects/BightWatch_Pitch.html,234,html,5f34ff1b,bigmacchung,2026-04-20,23:54:46,-07:00,2026-04-20T23:54:46-07:00,2,15
projects/BightWatch_Pitch.html,235,html,5f34ff1b,bigmacchung,2026-04-20,23:54:46,-07:00,2026-04-20T23:54:46-07:00,2,28
projects/BightWatch_Pitch.html,236,html,5f34ff1b,bigmacchung,2026-04-20,23:54:46,-07:00,2026-04-20T23:54:46-07:00,2,34
projects/BightWatch_Pitch.html,237,html,5f34ff1b,bigmacchung,2026-04-20,23:54:46,-07:00,2026-04-20T23:54:46-07:00,2,27
projects/BightWatch_Pitch.html,238,html,5f34ff1b,bigmacchung,2026-04-20,23:54:46,-07:00,2026-04-20T23:54:46-07:00,2,30
projects/BightWatch_Pitch.html,239,html,5f34ff1b,bigmacchung,2026-04-20,23:54:46,-07:00,2026-04-20T23:54:46-07:00,2,24
projects/BightWatch_Pitch.html,240,html,5f34ff1b,bigmacchung,2026-04-20,23:54:46,-07:00,2026-04-20T23:54:46-07:00,2,49
projects/BightWatch_Pitch.html,241,html,5f34ff1b,bigmacchung,2026-04-20,23:54:46,-07:00,2026-04-20T23:54:46-07:00,1,0
projects/BightWatch_Pitch.html,242,html,5f34ff1b,bigmacchung,2026-04-20,23:54:46,-07:00,2026-04-20T23:54:46-07:00,1,19
projects/BightWatch_Pitch.html,243,html,5f34ff1b,bigmacchung,2026-04-20,23:54:46,-07:00,2026-04-20T23:54:46-07:00,2,68
projects/BightWatch_Pitch.html,244,html,5f34ff1b,bigmacchung,2026-04-20,23:54:46,-07:00,2026-04-20T23:54:46-07:00,2,37
projects/BightWatch_Pitch.html,245,html,5f34ff1b,bigmacchung,2026-04-20,23:54:46,-07:00,2026-04-20T23:54:46-07:00,1,0
projects/BightWatch_Pitch.html,246,html,5f34ff1b,bigmacchung,2026-04-20,23:54:46,-07:00,2026-04-20T23:54:46-07:00,1,16
projects/BightWatch_Pitch.html,247,html,5f34ff1b,bigmacchung,2026-04-20,23:54:46,-07:00,2026-04-20T23:54:46-07:00,2,54
projects/BightWatch_Pitch.html,248,html,5f34ff1b,bigmacchung,2026-04-20,23:54:46,-07:00,2026-04-20T23:54:46-07:00,2,15
projects/BightWatch_Pitch.html,249,html,5f34ff1b,bigmacchung,2026-04-20,23:54:46,-07:00,2026-04-20T23:54:46-07:00,1,0
projects/BightWatch_Pitch.html,250,html,5f34ff1b,bigmacchung,2026-04-20,23:54:46,-07:00,2026-04-20T23:54:46-07:00,1,75
projects/BightWatch_Pitch.html,251,html,5f34ff1b,bigmacchung,2026-04-20,23:54:46,-07:00,2026-04-20T23:54:46-07:00,1,15
projects/BightWatch_Pitch.html,252,html,5f34ff1b,bigmacchung,2026-04-20,23:54:46,-07:00,2026-04-20T23:54:46-07:00,2,17
projects/BightWatch_Pitch.html,253,html,5f34ff1b,bigmacchung,2026-04-20,23:54:46,-07:00,2026-04-20T23:54:46-07:00,2,58
projects/BightWatch_Pitch.html,254,html,5f34ff1b,bigmacchung,2026-04-20,23:54:46,-07:00,2026-04-20T23:54:46-07:00,1,0
projects/BightWatch_Pitch.html,255,html,5f34ff1b,bigmacchung,2026-04-20,23:54:46,-07:00,2026-04-20T23:54:46-07:00,0,0
projects/BightWatch_Pitch.html,256,html,5f34ff1b,bigmacchung,2026-04-20,23:54:46,-07:00,2026-04-20T23:54:46-07:00,1,15
projects/BightWatch_Pitch.html,257,html,5f34ff1b,bigmacchung,2026-04-20,23:54:46,-07:00,2026-04-20T23:54:46-07:00,1,5
projects/BightWatch_Pitch.html,258,html,5f34ff1b,bigmacchung,2026-04-20,23:54:46,-07:00,2026-04-20T23:54:46-07:00,2,12
projects/BightWatch_Pitch.html,259,html,5f34ff1b,bigmacchung,2026-04-20,23:54:46,-07:00,2026-04-20T23:54:46-07:00,2,36
projects/BightWatch_Pitch.html,260,html,5f34ff1b,bigmacchung,2026-04-20,23:54:46,-07:00,2026-04-20T23:54:46-07:00,2,11
projects/BightWatch_Pitch.html,261,html,5f34ff1b,bigmacchung,2026-04-20,23:54:46,-07:00,2026-04-20T23:54:46-07:00,2,19
projects/BightWatch_Pitch.html,262,html,5f34ff1b,bigmacchung,2026-04-20,23:54:46,-07:00,2026-04-20T23:54:46-07:00,2,16
projects/BightWatch_Pitch.html,263,html,5f34ff1b,bigmacchung,2026-04-20,23:54:46,-07:00,2026-04-20T23:54:46-07:00,1,0
projects/BightWatch_Pitch.html,264,html,5f34ff1b,bigmacchung,2026-04-20,23:54:46,-07:00,2026-04-20T23:54:46-07:00,1,11
projects/BightWatch_Pitch.html,265,html,5f34ff1b,bigmacchung,2026-04-20,23:54:46,-07:00,2026-04-20T23:54:46-07:00,2,17
projects/BightWatch_Pitch.html,266,html,5f34ff1b,bigmacchung,2026-04-20,23:54:46,-07:00,2026-04-20T23:54:46-07:00,2,15
projects/BightWatch_Pitch.html,267,html,5f34ff1b,bigmacchung,2026-04-20,23:54:46,-07:00,2026-04-20T23:54:46-07:00,2,28
projects/BightWatch_Pitch.html,268,html,5f34ff1b,bigmacchung,2026-04-20,23:54:46,-07:00,2026-04-20T23:54:46-07:00,2,18
projects/BightWatch_Pitch.html,269,html,5f34ff1b,bigmacchung,2026-04-20,23:54:46,-07:00,2026-04-20T23:54:46-07:00,2,27
projects/BightWatch_Pitch.html,270,html,5f34ff1b,bigmacchung,2026-04-20,23:54:46,-07:00,2026-04-20T23:54:46-07:00,2,17
projects/BightWatch_Pitch.html,271,html,5f34ff1b,bigmacchung,2026-04-20,23:54:46,-07:00,2026-04-20T23:54:46-07:00,2,24
projects/BightWatch_Pitch.html,272,html,5f34ff1b,bigmacchung,2026-04-20,23:54:46,-07:00,2026-04-20T23:54:46-07:00,2,79
projects/BightWatch_Pitch.html,273,html,5f34ff1b,bigmacchung,2026-04-20,23:54:46,-07:00,2026-04-20T23:54:46-07:00,1,0
projects/BightWatch_Pitch.html,274,html,5f34ff1b,bigmacchung,2026-04-20,23:54:46,-07:00,2026-04-20T23:54:46-07:00,1,14
projects/BightWatch_Pitch.html,275,html,5f34ff1b,bigmacchung,2026-04-20,23:54:46,-07:00,2026-04-20T23:54:46-07:00,2,65
projects/BightWatch_Pitch.html,276,html,5f34ff1b,bigmacchung,2026-04-20,23:54:46,-07:00,2026-04-20T23:54:46-07:00,2,44
projects/BightWatch_Pitch.html,277,html,5f34ff1b,bigmacchung,2026-04-20,23:54:46,-07:00,2026-04-20T23:54:46-07:00,2,55
projects/BightWatch_Pitch.html,278,html,5f34ff1b,bigmacchung,2026-04-20,23:54:46,-07:00,2026-04-20T23:54:46-07:00,2,21
projects/BightWatch_Pitch.html,279,html,5f34ff1b,bigmacchung,2026-04-20,23:54:46,-07:00,2026-04-20T23:54:46-07:00,2,17
projects/BightWatch_Pitch.html,280,html,5f34ff1b,bigmacchung,2026-04-20,23:54:46,-07:00,2026-04-20T23:54:46-07:00,1,0
projects/BightWatch_Pitch.html,281,html,5f34ff1b,bigmacchung,2026-04-20,23:54:46,-07:00,2026-04-20T23:54:46-07:00,1,74
projects/BightWatch_Pitch.html,282,html,5f34ff1b,bigmacchung,2026-04-20,23:54:46,-07:00,2026-04-20T23:54:46-07:00,1,57
projects/BightWatch_Pitch.html,283,html,5f34ff1b,bigmacchung,2026-04-20,23:54:46,-07:00,2026-04-20T23:54:46-07:00,1,35
projects/BightWatch_Pitch.html,284,html,5f34ff1b,bigmacchung,2026-04-20,23:54:46,-07:00,2026-04-20T23:54:46-07:00,2,15
projects/BightWatch_Pitch.html,285,html,5f34ff1b,bigmacchung,2026-04-20,23:54:46,-07:00,2026-04-20T23:54:46-07:00,2,70
projects/BightWatch_Pitch.html,286,html,5f34ff1b,bigmacchung,2026-04-20,23:54:46,-07:00,2026-04-20T23:54:46-07:00,2,56
projects/BightWatch_Pitch.html,287,html,5f34ff1b,bigmacchung,2026-04-20,23:54:46,-07:00,2026-04-20T23:54:46-07:00,2,67
projects/BightWatch_Pitch.html,288,html,5f34ff1b,bigmacchung,2026-04-20,23:54:46,-07:00,2026-04-20T23:54:46-07:00,2,58
projects/BightWatch_Pitch.html,289,html,5f34ff1b,bigmacchung,2026-04-20,23:54:46,-07:00,2026-04-20T23:54:46-07:00,2,9
projects/BightWatch_Pitch.html,290,html,5f34ff1b,bigmacchung,2026-04-20,23:54:46,-07:00,2026-04-20T23:54:46-07:00,1,0
projects/BightWatch_Pitch.html,291,html,5f34ff1b,bigmacchung,2026-04-20,23:54:46,-07:00,2026-04-20T23:54:46-07:00,1,25
projects/BightWatch_Pitch.html,292,html,5f34ff1b,bigmacchung,2026-04-20,23:54:46,-07:00,2026-04-20T23:54:46-07:00,2,35
projects/BightWatch_Pitch.html,293,html,5f34ff1b,bigmacchung,2026-04-20,23:54:46,-07:00,2026-04-20T23:54:46-07:00,2,35
projects/BightWatch_Pitch.html,294,html,5f34ff1b,bigmacchung,2026-04-20,23:54:46,-07:00,2026-04-20T23:54:46-07:00,3,15
projects/BightWatch_Pitch.html,295,html,5f34ff1b,bigmacchung,2026-04-20,23:54:46,-07:00,2026-04-20T23:54:46-07:00,3,63
projects/BightWatch_Pitch.html,296,html,5f34ff1b,bigmacchung,2026-04-20,23:54:46,-07:00,2026-04-20T23:54:46-07:00,2,0
projects/BightWatch_Pitch.html,297,html,5f34ff1b,bigmacchung,2026-04-20,23:54:46,-07:00,2026-04-20T23:54:46-07:00,1,0
projects/BightWatch_Pitch.html,298,html,5f34ff1b,bigmacchung,2026-04-20,23:54:46,-07:00,2026-04-20T23:54:46-07:00,0,0
projects/BightWatch_Pitch.html,299,html,5f34ff1b,bigmacchung,2026-04-20,23:54:46,-07:00,2026-04-20T23:54:46-07:00,1,15
projects/BightWatch_Pitch.html,300,html,5f34ff1b,bigmacchung,2026-04-20,23:54:46,-07:00,2026-04-20T23:54:46-07:00,1,7
projects/BightWatch_Pitch.html,301,html,5f34ff1b,bigmacchung,2026-04-20,23:54:46,-07:00,2026-04-20T23:54:46-07:00,2,65
projects/BightWatch_Pitch.html,302,html,5f34ff1b,bigmacchung,2026-04-20,23:54:46,-07:00,2026-04-20T23:54:46-07:00,2,16
projects/BightWatch_Pitch.html,303,html,5f34ff1b,bigmacchung,2026-04-20,23:54:46,-07:00,2026-04-20T23:54:46-07:00,1,0
projects/BightWatch_Pitch.html,304,html,5f34ff1b,bigmacchung,2026-04-20,23:54:46,-07:00,2026-04-20T23:54:46-07:00,1,13
projects/BightWatch_Pitch.html,305,html,5f34ff1b,bigmacchung,2026-04-20,23:54:46,-07:00,2026-04-20T23:54:46-07:00,2,17
projects/BightWatch_Pitch.html,306,html,5f34ff1b,bigmacchung,2026-04-20,23:54:46,-07:00,2026-04-20T23:54:46-07:00,2,15
projects/BightWatch_Pitch.html,307,html,5f34ff1b,bigmacchung,2026-04-20,23:54:46,-07:00,2026-04-20T23:54:46-07:00,2,28
projects/BightWatch_Pitch.html,308,html,5f34ff1b,bigmacchung,2026-04-20,23:54:46,-07:00,2026-04-20T23:54:46-07:00,2,18
projects/BightWatch_Pitch.html,309,html,5f34ff1b,bigmacchung,2026-04-20,23:54:46,-07:00,2026-04-20T23:54:46-07:00,2,19
projects/BightWatch_Pitch.html,310,html,5f34ff1b,bigmacchung,2026-04-20,23:54:46,-07:00,2026-04-20T23:54:46-07:00,2,17
projects/BightWatch_Pitch.html,311,html,5f34ff1b,bigmacchung,2026-04-20,23:54:46,-07:00,2026-04-20T23:54:46-07:00,2,24
projects/BightWatch_Pitch.html,312,html,5f34ff1b,bigmacchung,2026-04-20,23:54:46,-07:00,2026-04-20T23:54:46-07:00,1,0
projects/BightWatch_Pitch.html,313,html,5f34ff1b,bigmacchung,2026-04-20,23:54:46,-07:00,2026-04-20T23:54:46-07:00,1,19
projects/BightWatch_Pitch.html,314,html,5f34ff1b,bigmacchung,2026-04-20,23:54:46,-07:00,2026-04-20T23:54:46-07:00,2,61
projects/BightWatch_Pitch.html,315,html,5f34ff1b,bigmacchung,2026-04-20,23:54:46,-07:00,2026-04-20T23:54:46-07:00,1,0
projects/BightWatch_Pitch.html,316,html,5f34ff1b,bigmacchung,2026-04-20,23:54:46,-07:00,2026-04-20T23:54:46-07:00,1,76
projects/BightWatch_Pitch.html,317,html,5f34ff1b,bigmacchung,2026-04-20,23:54:46,-07:00,2026-04-20T23:54:46-07:00,1,78
projects/BightWatch_Pitch.html,318,html,5f34ff1b,bigmacchung,2026-04-20,23:54:46,-07:00,2026-04-20T23:54:46-07:00,1,37
projects/BightWatch_Pitch.html,319,html,5f34ff1b,bigmacchung,2026-04-20,23:54:46,-07:00,2026-04-20T23:54:46-07:00,2,15
projects/BightWatch_Pitch.html,320,html,5f34ff1b,bigmacchung,2026-04-20,23:54:46,-07:00,2026-04-20T23:54:46-07:00,2,70
projects/BightWatch_Pitch.html,321,html,5f34ff1b,bigmacchung,2026-04-20,23:54:46,-07:00,2026-04-20T23:54:46-07:00,2,56
projects/BightWatch_Pitch.html,322,html,5f34ff1b,bigmacchung,2026-04-20,23:54:46,-07:00,2026-04-20T23:54:46-07:00,2,67
projects/BightWatch_Pitch.html,323,html,5f34ff1b,bigmacchung,2026-04-20,23:54:46,-07:00,2026-04-20T23:54:46-07:00,2,58
projects/BightWatch_Pitch.html,324,html,5f34ff1b,bigmacchung,2026-04-20,23:54:46,-07:00,2026-04-20T23:54:46-07:00,2,9
projects/BightWatch_Pitch.html,325,html,5f34ff1b,bigmacchung,2026-04-20,23:54:46,-07:00,2026-04-20T23:54:46-07:00,1,0
projects/BightWatch_Pitch.html,326,html,5f34ff1b,bigmacchung,2026-04-20,23:54:46,-07:00,2026-04-20T23:54:46-07:00,1,25
projects/BightWatch_Pitch.html,327,html,5f34ff1b,bigmacchung,2026-04-20,23:54:46,-07:00,2026-04-20T23:54:46-07:00,2,37
projects/BightWatch_Pitch.html,328,html,5f34ff1b,bigmacchung,2026-04-20,23:54:46,-07:00,2026-04-20T23:54:46-07:00,2,123
projects/BightWatch_Pitch.html,329,html,5f34ff1b,bigmacchung,2026-04-20,23:54:46,-07:00,2026-04-20T23:54:46-07:00,1,0
projects/BightWatch_Pitch.html,330,html,5f34ff1b,bigmacchung,2026-04-20,23:54:46,-07:00,2026-04-20T23:54:46-07:00,0,0
projects/BightWatch_Pitch.html,331,html,5f34ff1b,bigmacchung,2026-04-20,23:54:46,-07:00,2026-04-20T23:54:46-07:00,1,37
projects/BightWatch_Pitch.html,332,html,5f34ff1b,bigmacchung,2026-04-20,23:54:46,-07:00,2026-04-20T23:54:46-07:00,1,13
projects/BightWatch_Pitch.html,333,html,5f34ff1b,bigmacchung,2026-04-20,23:54:46,-07:00,2026-04-20T23:54:46-07:00,2,15
projects/BightWatch_Pitch.html,334,html,5f34ff1b,bigmacchung,2026-04-20,23:54:46,-07:00,2026-04-20T23:54:46-07:00,2,28
projects/BightWatch_Pitch.html,335,html,5f34ff1b,bigmacchung,2026-04-20,23:54:46,-07:00,2026-04-20T23:54:46-07:00,2,27
projects/BightWatch_Pitch.html,336,html,5f34ff1b,bigmacchung,2026-04-20,23:54:46,-07:00,2026-04-20T23:54:46-07:00,2,12
projects/BightWatch_Pitch.html,337,html,5f34ff1b,bigmacchung,2026-04-20,23:54:46,-07:00,2026-04-20T23:54:46-07:00,2,24
projects/BightWatch_Pitch.html,338,html,5f34ff1b,bigmacchung,2026-04-20,23:54:46,-07:00,2026-04-20T23:54:46-07:00,2,17
projects/BightWatch_Pitch.html,339,html,5f34ff1b,bigmacchung,2026-04-20,23:54:46,-07:00,2026-04-20T23:54:46-07:00,2,20
projects/BightWatch_Pitch.html,340,html,5f34ff1b,bigmacchung,2026-04-20,23:54:46,-07:00,2026-04-20T23:54:46-07:00,1,0
projects/BightWatch_Pitch.html,341,html,5f34ff1b,bigmacchung,2026-04-20,23:54:46,-07:00,2026-04-20T23:54:46-07:00,1,17
projects/BightWatch_Pitch.html,342,html,5f34ff1b,bigmacchung,2026-04-20,23:54:46,-07:00,2026-04-20T23:54:46-07:00,2,75
projects/BightWatch_Pitch.html,343,html,5f34ff1b,bigmacchung,2026-04-20,23:54:46,-07:00,2026-04-20T23:54:46-07:00,1,0
projects/BightWatch_Pitch.html,344,html,5f34ff1b,bigmacchung,2026-04-20,23:54:46,-07:00,2026-04-20T23:54:46-07:00,1,24
projects/BightWatch_Pitch.html,345,html,5f34ff1b,bigmacchung,2026-04-20,23:54:46,-07:00,2026-04-20T23:54:46-07:00,2,53
projects/BightWatch_Pitch.html,346,html,5f34ff1b,bigmacchung,2026-04-20,23:54:46,-07:00,2026-04-20T23:54:46-07:00,2,58
projects/BightWatch_Pitch.html,347,html,5f34ff1b,bigmacchung,2026-04-20,23:54:46,-07:00,2026-04-20T23:54:46-07:00,2,55
projects/BightWatch_Pitch.html,348,html,5f34ff1b,bigmacchung,2026-04-20,23:54:46,-07:00,2026-04-20T23:54:46-07:00,1,0
projects/BightWatch_Pitch.html,349,html,5f34ff1b,bigmacchung,2026-04-20,23:54:46,-07:00,2026-04-20T23:54:46-07:00,1,101
projects/BightWatch_Pitch.html,350,html,5f34ff1b,bigmacchung,2026-04-20,23:54:46,-07:00,2026-04-20T23:54:46-07:00,1,15
projects/BightWatch_Pitch.html,351,html,5f34ff1b,bigmacchung,2026-04-20,23:54:46,-07:00,2026-04-20T23:54:46-07:00,2,13
projects/BightWatch_Pitch.html,352,html,5f34ff1b,bigmacchung,2026-04-20,23:54:46,-07:00,2026-04-20T23:54:46-07:00,2,16
projects/BightWatch_Pitch.html,353,html,5f34ff1b,bigmacchung,2026-04-20,23:54:46,-07:00,2026-04-20T23:54:46-07:00,2,16
projects/BightWatch_Pitch.html,354,html,5f34ff1b,bigmacchung,2026-04-20,23:54:46,-07:00,2026-04-20T23:54:46-07:00,2,17
projects/BightWatch_Pitch.html,355,html,5f34ff1b,bigmacchung,2026-04-20,23:54:46,-07:00,2026-04-20T23:54:46-07:00,2,17
projects/BightWatch_Pitch.html,356,html,5f34ff1b,bigmacchung,2026-04-20,23:54:46,-07:00,2026-04-20T23:54:46-07:00,2,18
projects/BightWatch_Pitch.html,357,html,5f34ff1b,bigmacchung,2026-04-20,23:54:46,-07:00,2026-04-20T23:54:46-07:00,2,12
projects/BightWatch_Pitch.html,358,html,5f34ff1b,bigmacchung,2026-04-20,23:54:46,-07:00,2026-04-20T23:54:46-07:00,1,0
projects/BightWatch_Pitch.html,359,html,5f34ff1b,bigmacchung,2026-04-20,23:54:46,-07:00,2026-04-20T23:54:46-07:00,1,13
projects/BightWatch_Pitch.html,360,html,5f34ff1b,bigmacchung,2026-04-20,23:54:46,-07:00,2026-04-20T23:54:46-07:00,2,20
projects/BightWatch_Pitch.html,361,html,5f34ff1b,bigmacchung,2026-04-20,23:54:46,-07:00,2026-04-20T23:54:46-07:00,2,27
projects/BightWatch_Pitch.html,362,html,5f34ff1b,bigmacchung,2026-04-20,23:54:46,-07:00,2026-04-20T23:54:46-07:00,2,30
projects/BightWatch_Pitch.html,363,html,5f34ff1b,bigmacchung,2026-04-20,23:54:46,-07:00,2026-04-20T23:54:46-07:00,1,0
projects/BightWatch_Pitch.html,364,html,5f34ff1b,bigmacchung,2026-04-20,23:54:46,-07:00,2026-04-20T23:54:46-07:00,1,22
projects/BightWatch_Pitch.html,365,html,5f34ff1b,bigmacchung,2026-04-20,23:54:46,-07:00,2026-04-20T23:54:46-07:00,2,22
projects/BightWatch_Pitch.html,366,html,5f34ff1b,bigmacchung,2026-04-20,23:54:46,-07:00,2026-04-20T23:54:46-07:00,2,31
projects/BightWatch_Pitch.html,367,html,5f34ff1b,bigmacchung,2026-04-20,23:54:46,-07:00,2026-04-20T23:54:46-07:00,2,14
projects/BightWatch_Pitch.html,368,html,5f34ff1b,bigmacchung,2026-04-20,23:54:46,-07:00,2026-04-20T23:54:46-07:00,1,0
projects/BightWatch_Pitch.html,369,html,5f34ff1b,bigmacchung,2026-04-20,23:54:46,-07:00,2026-04-20T23:54:46-07:00,1,26
projects/BightWatch_Pitch.html,370,html,5f34ff1b,bigmacchung,2026-04-20,23:54:46,-07:00,2026-04-20T23:54:46-07:00,2,25
projects/BightWatch_Pitch.html,371,html,5f34ff1b,bigmacchung,2026-04-20,23:54:46,-07:00,2026-04-20T23:54:46-07:00,2,22
projects/BightWatch_Pitch.html,372,html,5f34ff1b,bigmacchung,2026-04-20,23:54:46,-07:00,2026-04-20T23:54:46-07:00,1,0
projects/BightWatch_Pitch.html,373,html,5f34ff1b,bigmacchung,2026-04-20,23:54:46,-07:00,2026-04-20T23:54:46-07:00,0,0
projects/BightWatch_Pitch.html,374,html,5f34ff1b,bigmacchung,2026-04-20,23:54:46,-07:00,2026-04-20T23:54:46-07:00,1,10
projects/BightWatch_Pitch.html,375,html,5f34ff1b,bigmacchung,2026-04-20,23:54:46,-07:00,2026-04-20T23:54:46-07:00,1,10
projects/BightWatch_Pitch.html,376,html,5f34ff1b,bigmacchung,2026-04-20,23:54:46,-07:00,2026-04-20T23:54:46-07:00,2,10
projects/BightWatch_Pitch.html,377,html,5f34ff1b,bigmacchung,2026-04-20,23:54:46,-07:00,2026-04-20T23:54:46-07:00,2,24
projects/BightWatch_Pitch.html,378,html,5f34ff1b,bigmacchung,2026-04-20,23:54:46,-07:00,2026-04-20T23:54:46-07:00,2,16
projects/BightWatch_Pitch.html,379,html,5f34ff1b,bigmacchung,2026-04-20,23:54:46,-07:00,2026-04-20T23:54:46-07:00,2,15
projects/BightWatch_Pitch.html,380,html,5f34ff1b,bigmacchung,2026-04-20,23:54:46,-07:00,2026-04-20T23:54:46-07:00,2,18
projects/BightWatch_Pitch.html,381,html,5f34ff1b,bigmacchung,2026-04-20,23:54:46,-07:00,2026-04-20T23:54:46-07:00,2,15
projects/BightWatch_Pitch.html,382,html,5f34ff1b,bigmacchung,2026-04-20,23:54:46,-07:00,2026-04-20T23:54:46-07:00,2,24
projects/BightWatch_Pitch.html,383,html,5f34ff1b,bigmacchung,2026-04-20,23:54:46,-07:00,2026-04-20T23:54:46-07:00,2,23
projects/BightWatch_Pitch.html,384,html,5f34ff1b,bigmacchung,2026-04-20,23:54:46,-07:00,2026-04-20T23:54:46-07:00,1,0
projects/BightWatch_Pitch.html,385,html,5f34ff1b,bigmacchung,2026-04-20,23:54:46,-07:00,2026-04-20T23:54:46-07:00,1,28
projects/BightWatch_Pitch.html,386,html,5f34ff1b,bigmacchung,2026-04-20,23:54:46,-07:00,2026-04-20T23:54:46-07:00,2,22
projects/BightWatch_Pitch.html,387,html,5f34ff1b,bigmacchung,2026-04-20,23:54:46,-07:00,2026-04-20T23:54:46-07:00,2,35
projects/BightWatch_Pitch.html,388,html,5f34ff1b,bigmacchung,2026-04-20,23:54:46,-07:00,2026-04-20T23:54:46-07:00,2,36
projects/BightWatch_Pitch.html,389,html,5f34ff1b,bigmacchung,2026-04-20,23:54:46,-07:00,2026-04-20T23:54:46-07:00,1,0
projects/BightWatch_Pitch.html,390,html,5f34ff1b,bigmacchung,2026-04-20,23:54:46,-07:00,2026-04-20T23:54:46-07:00,1,13
projects/BightWatch_Pitch.html,391,html,5f34ff1b,bigmacchung,2026-04-20,23:54:46,-07:00,2026-04-20T23:54:46-07:00,2,60
projects/BightWatch_Pitch.html,392,html,5f34ff1b,bigmacchung,2026-04-20,23:54:46,-07:00,2026-04-20T23:54:46-07:00,2,67
projects/BightWatch_Pitch.html,393,html,5f34ff1b,bigmacchung,2026-04-20,23:54:46,-07:00,2026-04-20T23:54:46-07:00,1,0
projects/BightWatch_Pitch.html,394,html,5f34ff1b,bigmacchung,2026-04-20,23:54:46,-07:00,2026-04-20T23:54:46-07:00,1,50
projects/BightWatch_Pitch.html,395,html,5f34ff1b,bigmacchung,2026-04-20,23:54:46,-07:00,2026-04-20T23:54:46-07:00,1,48
projects/BightWatch_Pitch.html,396,html,5f34ff1b,bigmacchung,2026-04-20,23:54:46,-07:00,2026-04-20T23:54:46-07:00,0,0
projects/BightWatch_Pitch.html,397,html,5f34ff1b,bigmacchung,2026-04-20,23:54:46,-07:00,2026-04-20T23:54:46-07:00,1,10
projects/BightWatch_Pitch.html,398,html,5f34ff1b,bigmacchung,2026-04-20,23:54:46,-07:00,2026-04-20T23:54:46-07:00,1,6
projects/BightWatch_Pitch.html,399,html,5f34ff1b,bigmacchung,2026-04-20,23:54:46,-07:00,2026-04-20T23:54:46-07:00,2,46
projects/BightWatch_Pitch.html,400,html,5f34ff1b,bigmacchung,2026-04-20,23:54:46,-07:00,2026-04-20T23:54:46-07:00,2,57
projects/BightWatch_Pitch.html,401,html,5f34ff1b,bigmacchung,2026-04-20,23:54:46,-07:00,2026-04-20T23:54:46-07:00,2,48
projects/BightWatch_Pitch.html,402,html,5f34ff1b,bigmacchung,2026-04-20,23:54:46,-07:00,2026-04-20T23:54:46-07:00,1,0
projects/BightWatch_Pitch.html,403,html,5f34ff1b,bigmacchung,2026-04-20,23:54:46,-07:00,2026-04-20T23:54:46-07:00,1,47
projects/BightWatch_Pitch.html,404,html,5f34ff1b,bigmacchung,2026-04-20,23:54:46,-07:00,2026-04-20T23:54:46-07:00,1,47
projects/BightWatch_Pitch.html,405,html,5f34ff1b,bigmacchung,2026-04-20,23:54:46,-07:00,2026-04-20T23:54:46-07:00,1,47
projects/BightWatch_Pitch.html,406,html,5f34ff1b,bigmacchung,2026-04-20,23:54:46,-07:00,2026-04-20T23:54:46-07:00,1,47
projects/BightWatch_Pitch.html,407,html,5f34ff1b,bigmacchung,2026-04-20,23:54:46,-07:00,2026-04-20T23:54:46-07:00,1,47
projects/BightWatch_Pitch.html,408,html,5f34ff1b,bigmacchung,2026-04-20,23:54:46,-07:00,2026-04-20T23:54:46-07:00,1,74
projects/BightWatch_Pitch.html,409,html,5f34ff1b,bigmacchung,2026-04-20,23:54:46,-07:00,2026-04-20T23:54:46-07:00,0,0
projects/BightWatch_Pitch.html,410,html,5f34ff1b,bigmacchung,2026-04-20,23:54:46,-07:00,2026-04-20T23:54:46-07:00,1,23
projects/BightWatch_Pitch.html,411,html,5f34ff1b,bigmacchung,2026-04-20,23:54:46,-07:00,2026-04-20T23:54:46-07:00,1,5
projects/BightWatch_Pitch.html,412,html,5f34ff1b,bigmacchung,2026-04-20,23:54:46,-07:00,2026-04-20T23:54:46-07:00,2,40
projects/BightWatch_Pitch.html,413,html,5f34ff1b,bigmacchung,2026-04-20,23:54:46,-07:00,2026-04-20T23:54:46-07:00,2,11
projects/BightWatch_Pitch.html,414,html,5f34ff1b,bigmacchung,2026-04-20,23:54:46,-07:00,2026-04-20T23:54:46-07:00,2,17
projects/BightWatch_Pitch.html,415,html,5f34ff1b,bigmacchung,2026-04-20,23:54:46,-07:00,2026-04-20T23:54:46-07:00,2,15
projects/BightWatch_Pitch.html,416,html,5f34ff1b,bigmacchung,2026-04-20,23:54:46,-07:00,2026-04-20T23:54:46-07:00,2,19
projects/BightWatch_Pitch.html,417,html,5f34ff1b,bigmacchung,2026-04-20,23:54:46,-07:00,2026-04-20T23:54:46-07:00,1,0
projects/BightWatch_Pitch.html,418,html,5f34ff1b,bigmacchung,2026-04-20,23:54:46,-07:00,2026-04-20T23:54:46-07:00,1,35
projects/BightWatch_Pitch.html,419,html,5f34ff1b,bigmacchung,2026-04-20,23:54:46,-07:00,2026-04-20T23:54:46-07:00,1,12
projects/BightWatch_Pitch.html,420,html,5f34ff1b,bigmacchung,2026-04-20,23:54:46,-07:00,2026-04-20T23:54:46-07:00,2,22
projects/BightWatch_Pitch.html,421,html,5f34ff1b,bigmacchung,2026-04-20,23:54:46,-07:00,2026-04-20T23:54:46-07:00,2,37
projects/BightWatch_Pitch.html,422,html,5f34ff1b,bigmacchung,2026-04-20,23:54:46,-07:00,2026-04-20T23:54:46-07:00,2,35
projects/BightWatch_Pitch.html,423,html,5f34ff1b,bigmacchung,2026-04-20,23:54:46,-07:00,2026-04-20T23:54:46-07:00,2,35
projects/BightWatch_Pitch.html,424,html,5f34ff1b,bigmacchung,2026-04-20,23:54:46,-07:00,2026-04-20T23:54:46-07:00,2,41
projects/BightWatch_Pitch.html,425,html,5f34ff1b,bigmacchung,2026-04-20,23:54:46,-07:00,2026-04-20T23:54:46-07:00,2,33
projects/BightWatch_Pitch.html,426,html,5f34ff1b,bigmacchung,2026-04-20,23:54:46,-07:00,2026-04-20T23:54:46-07:00,2,31
projects/BightWatch_Pitch.html,427,html,5f34ff1b,bigmacchung,2026-04-20,23:54:46,-07:00,2026-04-20T23:54:46-07:00,2,25
projects/BightWatch_Pitch.html,428,html,5f34ff1b,bigmacchung,2026-04-20,23:54:46,-07:00,2026-04-20T23:54:46-07:00,2,51
projects/BightWatch_Pitch.html,429,html,5f34ff1b,bigmacchung,2026-04-20,23:54:46,-07:00,2026-04-20T23:54:46-07:00,2,10
projects/BightWatch_Pitch.html,430,html,5f34ff1b,bigmacchung,2026-04-20,23:54:46,-07:00,2026-04-20T23:54:46-07:00,2,26
projects/BightWatch_Pitch.html,431,html,5f34ff1b,bigmacchung,2026-04-20,23:54:46,-07:00,2026-04-20T23:54:46-07:00,2,15
projects/BightWatch_Pitch.html,432,html,5f34ff1b,bigmacchung,2026-04-20,23:54:46,-07:00,2026-04-20T23:54:46-07:00,2,18
projects/BightWatch_Pitch.html,433,html,5f34ff1b,bigmacchung,2026-04-20,23:54:46,-07:00,2026-04-20T23:54:46-07:00,1,0
projects/BightWatch_Pitch.html,434,html,5f34ff1b,bigmacchung,2026-04-20,23:54:46,-07:00,2026-04-20T23:54:46-07:00,1,60
projects/BightWatch_Pitch.html,435,html,5f34ff1b,bigmacchung,2026-04-20,23:54:46,-07:00,2026-04-20T23:54:46-07:00,0,0
projects/BightWatch_Pitch.html,436,html,5f34ff1b,bigmacchung,2026-04-20,23:54:46,-07:00,2026-04-20T23:54:46-07:00,1,12
projects/BightWatch_Pitch.html,437,html,5f34ff1b,bigmacchung,2026-04-20,23:54:46,-07:00,2026-04-20T23:54:46-07:00,1,8
projects/BightWatch_Pitch.html,438,html,5f34ff1b,bigmacchung,2026-04-20,23:54:46,-07:00,2026-04-20T23:54:46-07:00,2,35
projects/BightWatch_Pitch.html,439,html,5f34ff1b,bigmacchung,2026-04-20,23:54:46,-07:00,2026-04-20T23:54:46-07:00,2,22
projects/BightWatch_Pitch.html,440,html,5f34ff1b,bigmacchung,2026-04-20,23:54:46,-07:00,2026-04-20T23:54:46-07:00,2,41
projects/BightWatch_Pitch.html,441,html,5f34ff1b,bigmacchung,2026-04-20,23:54:46,-07:00,2026-04-20T23:54:46-07:00,2,15
projects/BightWatch_Pitch.html,442,html,5f34ff1b,bigmacchung,2026-04-20,23:54:46,-07:00,2026-04-20T23:54:46-07:00,1,0
projects/BightWatch_Pitch.html,443,html,5f34ff1b,bigmacchung,2026-04-20,23:54:46,-07:00,2026-04-20T23:54:46-07:00,1,63
projects/BightWatch_Pitch.html,444,html,5f34ff1b,bigmacchung,2026-04-20,23:54:46,-07:00,2026-04-20T23:54:46-07:00,1,63
projects/BightWatch_Pitch.html,445,html,5f34ff1b,bigmacchung,2026-04-20,23:54:46,-07:00,2026-04-20T23:54:46-07:00,1,63
projects/BightWatch_Pitch.html,446,html,5f34ff1b,bigmacchung,2026-04-20,23:54:46,-07:00,2026-04-20T23:54:46-07:00,1,13
projects/BightWatch_Pitch.html,447,html,5f34ff1b,bigmacchung,2026-04-20,23:54:46,-07:00,2026-04-20T23:54:46-07:00,2,68
projects/BightWatch_Pitch.html,448,html,5f34ff1b,bigmacchung,2026-04-20,23:54:46,-07:00,2026-04-20T23:54:46-07:00,2,76
projects/BightWatch_Pitch.html,449,html,5f34ff1b,bigmacchung,2026-04-20,23:54:46,-07:00,2026-04-20T23:54:46-07:00,1,0
projects/BightWatch_Pitch.html,450,html,5f34ff1b,bigmacchung,2026-04-20,23:54:46,-07:00,2026-04-20T23:54:46-07:00,0,0
projects/BightWatch_Pitch.html,451,html,5f34ff1b,bigmacchung,2026-04-20,23:54:46,-07:00,2026-04-20T23:54:46-07:00,1,39
projects/BightWatch_Pitch.html,452,html,5f34ff1b,bigmacchung,2026-04-20,23:54:46,-07:00,2026-04-20T23:54:46-07:00,1,21
projects/BightWatch_Pitch.html,453,html,5f34ff1b,bigmacchung,2026-04-20,23:54:46,-07:00,2026-04-20T23:54:46-07:00,2,20
projects/BightWatch_Pitch.html,454,html,5f34ff1b,bigmacchung,2026-04-20,23:54:46,-07:00,2026-04-20T23:54:46-07:00,2,58
projects/BightWatch_Pitch.html,455,html,5f34ff1b,bigmacchung,2026-04-20,23:54:46,-07:00,2026-04-20T23:54:46-07:00,2,43
projects/BightWatch_Pitch.html,456,html,5f34ff1b,bigmacchung,2026-04-20,23:54:46,-07:00,2026-04-20T23:54:46-07:00,1,0
projects/BightWatch_Pitch.html,457,html,5f34ff1b,bigmacchung,2026-04-20,23:54:46,-07:00,2026-04-20T23:54:46-07:00,0,0
projects/BightWatch_Pitch.html,458,html,5f34ff1b,bigmacchung,2026-04-20,23:54:46,-07:00,2026-04-20T23:54:46-07:00,1,22
projects/BightWatch_Pitch.html,459,html,5f34ff1b,bigmacchung,2026-04-20,23:54:46,-07:00,2026-04-20T23:54:46-07:00,1,12
projects/BightWatch_Pitch.html,460,html,5f34ff1b,bigmacchung,2026-04-20,23:54:46,-07:00,2026-04-20T23:54:46-07:00,2,34
projects/BightWatch_Pitch.html,461,html,5f34ff1b,bigmacchung,2026-04-20,23:54:46,-07:00,2026-04-20T23:54:46-07:00,2,42
projects/BightWatch_Pitch.html,462,html,5f34ff1b,bigmacchung,2026-04-20,23:54:46,-07:00,2026-04-20T23:54:46-07:00,2,49
projects/BightWatch_Pitch.html,463,html,5f34ff1b,bigmacchung,2026-04-20,23:54:46,-07:00,2026-04-20T23:54:46-07:00,2,33
projects/BightWatch_Pitch.html,464,html,5f34ff1b,bigmacchung,2026-04-20,23:54:46,-07:00,2026-04-20T23:54:46-07:00,2,13
projects/BightWatch_Pitch.html,465,html,5f34ff1b,bigmacchung,2026-04-20,23:54:46,-07:00,2026-04-20T23:54:46-07:00,2,26
projects/BightWatch_Pitch.html,466,html,5f34ff1b,bigmacchung,2026-04-20,23:54:46,-07:00,2026-04-20T23:54:46-07:00,2,15
projects/BightWatch_Pitch.html,467,html,5f34ff1b,bigmacchung,2026-04-20,23:54:46,-07:00,2026-04-20T23:54:46-07:00,1,0
projects/BightWatch_Pitch.html,468,html,5f34ff1b,bigmacchung,2026-04-20,23:54:46,-07:00,2026-04-20T23:54:46-07:00,1,17
projects/BightWatch_Pitch.html,469,html,5f34ff1b,bigmacchung,2026-04-20,23:54:46,-07:00,2026-04-20T23:54:46-07:00,2,31
projects/BightWatch_Pitch.html,470,html,5f34ff1b,bigmacchung,2026-04-20,23:54:46,-07:00,2026-04-20T23:54:46-07:00,2,68
projects/BightWatch_Pitch.html,471,html,5f34ff1b,bigmacchung,2026-04-20,23:54:46,-07:00,2026-04-20T23:54:46-07:00,2,37
projects/BightWatch_Pitch.html,472,html,5f34ff1b,bigmacchung,2026-04-20,23:54:46,-07:00,2026-04-20T23:54:46-07:00,1,0
projects/BightWatch_Pitch.html,473,html,5f34ff1b,bigmacchung,2026-04-20,23:54:46,-07:00,2026-04-20T23:54:46-07:00,1,13
projects/BightWatch_Pitch.html,474,html,5f34ff1b,bigmacchung,2026-04-20,23:54:46,-07:00,2026-04-20T23:54:46-07:00,2,78
projects/BightWatch_Pitch.html,475,html,5f34ff1b,bigmacchung,2026-04-20,23:54:46,-07:00,2026-04-20T23:54:46-07:00,1,0
projects/BightWatch_Pitch.html,476,html,5f34ff1b,bigmacchung,2026-04-20,23:54:46,-07:00,2026-04-20T23:54:46-07:00,1,73
projects/BightWatch_Pitch.html,477,html,5f34ff1b,bigmacchung,2026-04-20,23:54:46,-07:00,2026-04-20T23:54:46-07:00,1,9
projects/BightWatch_Pitch.html,478,html,5f34ff1b,bigmacchung,2026-04-20,23:54:46,-07:00,2026-04-20T23:54:46-07:00,2,60
projects/BightWatch_Pitch.html,479,html,5f34ff1b,bigmacchung,2026-04-20,23:54:46,-07:00,2026-04-20T23:54:46-07:00,2,73
projects/BightWatch_Pitch.html,480,html,5f34ff1b,bigmacchung,2026-04-20,23:54:46,-07:00,2026-04-20T23:54:46-07:00,1,0
projects/BightWatch_Pitch.html,481,html,5f34ff1b,bigmacchung,2026-04-20,23:54:46,-07:00,2026-04-20T23:54:46-07:00,1,47
projects/BightWatch_Pitch.html,482,html,5f34ff1b,bigmacchung,2026-04-20,23:54:46,-07:00,2026-04-20T23:54:46-07:00,1,68
projects/BightWatch_Pitch.html,483,html,5f34ff1b,bigmacchung,2026-04-20,23:54:46,-07:00,2026-04-20T23:54:46-07:00,1,47
projects/BightWatch_Pitch.html,484,html,5f34ff1b,bigmacchung,2026-04-20,23:54:46,-07:00,2026-04-20T23:54:46-07:00,1,15
projects/BightWatch_Pitch.html,485,html,5f34ff1b,bigmacchung,2026-04-20,23:54:46,-07:00,2026-04-20T23:54:46-07:00,2,68
projects/BightWatch_Pitch.html,486,html,5f34ff1b,bigmacchung,2026-04-20,23:54:46,-07:00,2026-04-20T23:54:46-07:00,2,37
projects/BightWatch_Pitch.html,487,html,5f34ff1b,bigmacchung,2026-04-20,23:54:46,-07:00,2026-04-20T23:54:46-07:00,1,0
projects/BightWatch_Pitch.html,488,html,5f34ff1b,bigmacchung,2026-04-20,23:54:46,-07:00,2026-04-20T23:54:46-07:00,1,92
projects/BightWatch_Pitch.html,489,html,5f34ff1b,bigmacchung,2026-04-20,23:54:46,-07:00,2026-04-20T23:54:46-07:00,1,57
projects/BightWatch_Pitch.html,490,html,5f34ff1b,bigmacchung,2026-04-20,23:54:46,-07:00,2026-04-20T23:54:46-07:00,0,0
projects/BightWatch_Pitch.html,491,html,5f34ff1b,bigmacchung,2026-04-20,23:54:46,-07:00,2026-04-20T23:54:46-07:00,1,12
projects/BightWatch_Pitch.html,492,html,5f34ff1b,bigmacchung,2026-04-20,23:54:46,-07:00,2026-04-20T23:54:46-07:00,1,16
projects/BightWatch_Pitch.html,493,html,5f34ff1b,bigmacchung,2026-04-20,23:54:46,-07:00,2026-04-20T23:54:46-07:00,2,49
projects/BightWatch_Pitch.html,494,html,5f34ff1b,bigmacchung,2026-04-20,23:54:46,-07:00,2026-04-20T23:54:46-07:00,2,49
projects/BightWatch_Pitch.html,495,html,5f34ff1b,bigmacchung,2026-04-20,23:54:46,-07:00,2026-04-20T23:54:46-07:00,2,18
projects/BightWatch_Pitch.html,496,html,5f34ff1b,bigmacchung,2026-04-20,23:54:46,-07:00,2026-04-20T23:54:46-07:00,2,15
projects/BightWatch_Pitch.html,497,html,5f34ff1b,bigmacchung,2026-04-20,23:54:46,-07:00,2026-04-20T23:54:46-07:00,1,0
projects/BightWatch_Pitch.html,498,html,5f34ff1b,bigmacchung,2026-04-20,23:54:46,-07:00,2026-04-20T23:54:46-07:00,1,14
projects/BightWatch_Pitch.html,499,html,5f34ff1b,bigmacchung,2026-04-20,23:54:46,-07:00,2026-04-20T23:54:46-07:00,2,62
projects/BightWatch_Pitch.html,500,html,5f34ff1b,bigmacchung,2026-04-20,23:54:46,-07:00,2026-04-20T23:54:46-07:00,2,18
projects/BightWatch_Pitch.html,501,html,5f34ff1b,bigmacchung,2026-04-20,23:54:46,-07:00,2026-04-20T23:54:46-07:00,1,0
projects/BightWatch_Pitch.html,502,html,5f34ff1b,bigmacchung,2026-04-20,23:54:46,-07:00,2026-04-20T23:54:46-07:00,1,74
projects/BightWatch_Pitch.html,503,html,5f34ff1b,bigmacchung,2026-04-20,23:54:46,-07:00,2026-04-20T23:54:46-07:00,1,14
projects/BightWatch_Pitch.html,504,html,5f34ff1b,bigmacchung,2026-04-20,23:54:46,-07:00,2026-04-20T23:54:46-07:00,2,60
projects/BightWatch_Pitch.html,505,html,5f34ff1b,bigmacchung,2026-04-20,23:54:46,-07:00,2026-04-20T23:54:46-07:00,2,17
projects/BightWatch_Pitch.html,506,html,5f34ff1b,bigmacchung,2026-04-20,23:54:46,-07:00,2026-04-20T23:54:46-07:00,1,0
projects/BightWatch_Pitch.html,507,html,5f34ff1b,bigmacchung,2026-04-20,23:54:46,-07:00,2026-04-20T23:54:46-07:00,1,38
projects/BightWatch_Pitch.html,508,html,5f34ff1b,bigmacchung,2026-04-20,23:54:46,-07:00,2026-04-20T23:54:46-07:00,0,0
projects/BightWatch_Pitch.html,509,html,5f34ff1b,bigmacchung,2026-04-20,23:54:46,-07:00,2026-04-20T23:54:46-07:00,1,6
projects/BightWatch_Pitch.html,510,html,5f34ff1b,bigmacchung,2026-04-20,23:54:46,-07:00,2026-04-20T23:54:46-07:00,2,22
projects/BightWatch_Pitch.html,511,html,5f34ff1b,bigmacchung,2026-04-20,23:54:46,-07:00,2026-04-20T23:54:46-07:00,2,13
projects/BightWatch_Pitch.html,512,html,5f34ff1b,bigmacchung,2026-04-20,23:54:46,-07:00,2026-04-20T23:54:46-07:00,2,20
projects/BightWatch_Pitch.html,513,html,5f34ff1b,bigmacchung,2026-04-20,23:54:46,-07:00,2026-04-20T23:54:46-07:00,2,17
projects/BightWatch_Pitch.html,514,html,5f34ff1b,bigmacchung,2026-04-20,23:54:46,-07:00,2026-04-20T23:54:46-07:00,2,17
projects/BightWatch_Pitch.html,515,html,5f34ff1b,bigmacchung,2026-04-20,23:54:46,-07:00,2026-04-20T23:54:46-07:00,1,0
projects/BightWatch_Pitch.html,516,html,5f34ff1b,bigmacchung,2026-04-20,23:54:46,-07:00,2026-04-20T23:54:46-07:00,1,26
projects/BightWatch_Pitch.html,517,html,5f34ff1b,bigmacchung,2026-04-20,23:54:46,-07:00,2026-04-20T23:54:46-07:00,1,71
projects/BightWatch_Pitch.html,518,html,5f34ff1b,bigmacchung,2026-04-20,23:54:46,-07:00,2026-04-20T23:54:46-07:00,0,0
projects/BightWatch_Pitch.html,519,html,5f34ff1b,bigmacchung,2026-04-20,23:54:46,-07:00,2026-04-20T23:54:46-07:00,1,9
projects/BightWatch_Pitch.html,520,html,5f34ff1b,bigmacchung,2026-04-20,23:54:46,-07:00,2026-04-20T23:54:46-07:00,1,12
projects/BightWatch_Pitch.html,521,html,5f34ff1b,bigmacchung,2026-04-20,23:54:46,-07:00,2026-04-20T23:54:46-07:00,2,84
projects/BightWatch_Pitch.html,522,html,5f34ff1b,bigmacchung,2026-04-20,23:54:46,-07:00,2026-04-20T23:54:46-07:00,2,106
projects/BightWatch_Pitch.html,523,html,5f34ff1b,bigmacchung,2026-04-20,23:54:46,-07:00,2026-04-20T23:54:46-07:00,2,18
projects/BightWatch_Pitch.html,524,html,5f34ff1b,bigmacchung,2026-04-20,23:54:46,-07:00,2026-04-20T23:54:46-07:00,3,53
projects/BightWatch_Pitch.html,525,html,5f34ff1b,bigmacchung,2026-04-20,23:54:46,-07:00,2026-04-20T23:54:46-07:00,3,59
projects/BightWatch_Pitch.html,526,html,5f34ff1b,bigmacchung,2026-04-20,23:54:46,-07:00,2026-04-20T23:54:46-07:00,2,0
projects/BightWatch_Pitch.html,527,html,5f34ff1b,bigmacchung,2026-04-20,23:54:46,-07:00,2026-04-20T23:54:46-07:00,2,41
projects/BightWatch_Pitch.html,528,html,5f34ff1b,bigmacchung,2026-04-20,23:54:46,-07:00,2026-04-20T23:54:46-07:00,2,29
projects/BightWatch_Pitch.html,529,html,5f34ff1b,bigmacchung,2026-04-20,23:54:46,-07:00,2026-04-20T23:54:46-07:00,2,69
projects/BightWatch_Pitch.html,530,html,5f34ff1b,bigmacchung,2026-04-20,23:54:46,-07:00,2026-04-20T23:54:46-07:00,1,0
projects/BightWatch_Pitch.html,531,html,5f34ff1b,bigmacchung,2026-04-20,23:54:46,-07:00,2026-04-20T23:54:46-07:00,0,0
projects/BightWatch_Pitch.html,532,html,5f34ff1b,bigmacchung,2026-04-20,23:54:46,-07:00,2026-04-20T23:54:46-07:00,1,29
projects/BightWatch_Pitch.html,533,html,5f34ff1b,bigmacchung,2026-04-20,23:54:46,-07:00,2026-04-20T23:54:46-07:00,1,28
projects/BightWatch_Pitch.html,534,html,5f34ff1b,bigmacchung,2026-04-20,23:54:46,-07:00,2026-04-20T23:54:46-07:00,1,29
projects/BightWatch_Pitch.html,535,html,5f34ff1b,bigmacchung,2026-04-20,23:54:46,-07:00,2026-04-20T23:54:46-07:00,1,22
projects/BightWatch_Pitch.html,536,html,5f34ff1b,bigmacchung,2026-04-20,23:54:46,-07:00,2026-04-20T23:54:46-07:00,1,27
projects/BightWatch_Pitch.html,537,html,5f34ff1b,bigmacchung,2026-04-20,23:54:46,-07:00,2026-04-20T23:54:46-07:00,1,25
projects/BightWatch_Pitch.html,538,html,5f34ff1b,bigmacchung,2026-04-20,23:54:46,-07:00,2026-04-20T23:54:46-07:00,1,27
projects/BightWatch_Pitch.html,539,html,5f34ff1b,bigmacchung,2026-04-20,23:54:46,-07:00,2026-04-20T23:54:46-07:00,1,58
projects/BightWatch_Pitch.html,540,html,5f34ff1b,bigmacchung,2026-04-20,23:54:46,-07:00,2026-04-20T23:54:46-07:00,1,38
projects/BightWatch_Pitch.html,541,html,5f34ff1b,bigmacchung,2026-04-20,23:54:46,-07:00,2026-04-20T23:54:46-07:00,1,5
projects/BightWatch_Pitch.html,542,html,5f34ff1b,bigmacchung,2026-04-20,23:54:46,-07:00,2026-04-20T23:54:46-07:00,2,68
projects/BightWatch_Pitch.html,543,html,5f34ff1b,bigmacchung,2026-04-20,23:54:46,-07:00,2026-04-20T23:54:46-07:00,2,82
projects/BightWatch_Pitch.html,544,html,5f34ff1b,bigmacchung,2026-04-20,23:54:46,-07:00,2026-04-20T23:54:46-07:00,2,28
projects/BightWatch_Pitch.html,545,html,5f34ff1b,bigmacchung,2026-04-20,23:54:46,-07:00,2026-04-20T23:54:46-07:00,1,0
projects/BightWatch_Pitch.html,546,html,5f34ff1b,bigmacchung,2026-04-20,23:54:46,-07:00,2026-04-20T23:54:46-07:00,1,74
projects/BightWatch_Pitch.html,547,html,5f34ff1b,bigmacchung,2026-04-20,23:54:46,-07:00,2026-04-20T23:54:46-07:00,1,74
projects/BightWatch_Pitch.html,548,html,5f34ff1b,bigmacchung,2026-04-20,23:54:46,-07:00,2026-04-20T23:54:46-07:00,1,74
projects/BightWatch_Pitch.html,549,html,5f34ff1b,bigmacchung,2026-04-20,23:54:46,-07:00,2026-04-20T23:54:46-07:00,0,6
projects/BightWatch_Pitch.html,550,html,5f34ff1b,bigmacchung,2026-04-20,23:54:46,-07:00,2026-04-20T23:54:46-07:00,0,5
projects/BightWatch_Pitch.html,551,html,5f34ff1b,bigmacchung,2026-04-20,23:54:46,-07:00,2026-04-20T23:54:46-07:00,0,4
projects/BightWatch_Pitch.html,552,html,5f34ff1b,bigmacchung,2026-04-20,23:54:46,-07:00,2026-04-20T23:54:46-07:00,0,0
projects/BightWatch_Pitch.html,553,html,5f34ff1b,bigmacchung,2026-04-20,23:54:46,-07:00,2026-04-20T23:54:46-07:00,0,10
projects/BightWatch_Pitch.html,554,html,5f34ff1b,bigmacchung,2026-04-20,23:54:46,-07:00,2026-04-20T23:54:46-07:00,0,18
projects/BightWatch_Pitch.html,555,html,5f34ff1b,bigmacchung,2026-04-20,23:54:46,-07:00,2026-04-20T23:54:46-07:00,1,24
projects/BightWatch_Pitch.html,556,html,5f34ff1b,bigmacchung,2026-04-20,23:54:46,-07:00,2026-04-20T23:54:46-07:00,2,60
projects/BightWatch_Pitch.html,557,html,5f34ff1b,bigmacchung,2026-04-20,23:54:46,-07:00,2026-04-20T23:54:46-07:00,2,21
projects/BightWatch_Pitch.html,558,html,5f34ff1b,bigmacchung,2026-04-20,23:54:46,-07:00,2026-04-20T23:54:46-07:00,3,22
projects/BightWatch_Pitch.html,559,html,5f34ff1b,bigmacchung,2026-04-20,23:54:46,-07:00,2026-04-20T23:54:46-07:00,3,22
projects/BightWatch_Pitch.html,560,html,5f34ff1b,bigmacchung,2026-04-20,23:54:46,-07:00,2026-04-20T23:54:46-07:00,3,28
projects/BightWatch_Pitch.html,561,html,5f34ff1b,bigmacchung,2026-04-20,23:54:46,-07:00,2026-04-20T23:54:46-07:00,3,32
projects/BightWatch_Pitch.html,562,html,5f34ff1b,bigmacchung,2026-04-20,23:54:46,-07:00,2026-04-20T23:54:46-07:00,3,20
projects/BightWatch_Pitch.html,563,html,5f34ff1b,bigmacchung,2026-04-20,23:54:46,-07:00,2026-04-20T23:54:46-07:00,3,28
projects/BightWatch_Pitch.html,564,html,5f34ff1b,bigmacchung,2026-04-20,23:54:46,-07:00,2026-04-20T23:54:46-07:00,3,24
projects/BightWatch_Pitch.html,565,html,5f34ff1b,bigmacchung,2026-04-20,23:54:46,-07:00,2026-04-20T23:54:46-07:00,3,31
projects/BightWatch_Pitch.html,566,html,5f34ff1b,bigmacchung,2026-04-20,23:54:46,-07:00,2026-04-20T23:54:46-07:00,3,26
projects/BightWatch_Pitch.html,567,html,5f34ff1b,bigmacchung,2026-04-20,23:54:46,-07:00,2026-04-20T23:54:46-07:00,3,20
projects/BightWatch_Pitch.html,568,html,5f34ff1b,bigmacchung,2026-04-20,23:54:46,-07:00,2026-04-20T23:54:46-07:00,3,30
projects/BightWatch_Pitch.html,569,html,5f34ff1b,bigmacchung,2026-04-20,23:54:46,-07:00,2026-04-20T23:54:46-07:00,2,4
projects/BightWatch_Pitch.html,570,html,5f34ff1b,bigmacchung,2026-04-20,23:54:46,-07:00,2026-04-20T23:54:46-07:00,1,4
projects/BightWatch_Pitch.html,571,html,5f34ff1b,bigmacchung,2026-04-20,23:54:46,-07:00,2026-04-20T23:54:46-07:00,0,4
projects/BightWatch_Pitch.html,572,html,5f34ff1b,bigmacchung,2026-04-20,23:54:46,-07:00,2026-04-20T23:54:46-07:00,0,0
projects/BightWatch_Pitch.html,573,html,5f34ff1b,bigmacchung,2026-04-20,23:54:46,-07:00,2026-04-20T23:54:46-07:00,0,14
projects/BightWatch_Pitch.html,574,html,5f34ff1b,bigmacchung,2026-04-20,23:54:46,-07:00,2026-04-20T23:54:46-07:00,0,36
projects/BightWatch_Pitch.html,575,html,5f34ff1b,bigmacchung,2026-04-20,23:54:46,-07:00,2026-04-20T23:54:46-07:00,1,23
projects/BightWatch_Pitch.html,576,html,5f34ff1b,bigmacchung,2026-04-20,23:54:46,-07:00,2026-04-20T23:54:46-07:00,2,79
projects/BightWatch_Pitch.html,577,html,5f34ff1b,bigmacchung,2026-04-20,23:54:46,-07:00,2026-04-20T23:54:46-07:00,2,17
projects/BightWatch_Pitch.html,578,html,5f34ff1b,bigmacchung,2026-04-20,23:54:46,-07:00,2026-04-20T23:54:46-07:00,2,237
projects/BightWatch_Pitch.html,579,html,5f34ff1b,bigmacchung,2026-04-20,23:54:46,-07:00,2026-04-20T23:54:46-07:00,2,21
projects/BightWatch_Pitch.html,580,html,5f34ff1b,bigmacchung,2026-04-20,23:54:46,-07:00,2026-04-20T23:54:46-07:00,3,227
projects/BightWatch_Pitch.html,581,html,5f34ff1b,bigmacchung,2026-04-20,23:54:46,-07:00,2026-04-20T23:54:46-07:00,2,4
projects/BightWatch_Pitch.html,582,html,5f34ff1b,bigmacchung,2026-04-20,23:54:46,-07:00,2026-04-20T23:54:46-07:00,1,4
projects/BightWatch_Pitch.html,583,html,5f34ff1b,bigmacchung,2026-04-20,23:54:46,-07:00,2026-04-20T23:54:46-07:00,0,8
projects/BightWatch_Pitch.html,584,html,5f34ff1b,bigmacchung,2026-04-20,23:54:46,-07:00,2026-04-20T23:54:46-07:00,0,0
projects/BightWatch_Pitch.html,585,html,5f34ff1b,bigmacchung,2026-04-20,23:54:46,-07:00,2026-04-20T23:54:46-07:00,0,24
projects/BightWatch_Pitch.html,586,html,5f34ff1b,bigmacchung,2026-04-20,23:54:46,-07:00,2026-04-20T23:54:46-07:00,0,31
projects/BightWatch_Pitch.html,587,html,5f34ff1b,bigmacchung,2026-04-20,23:54:46,-07:00,2026-04-20T23:54:46-07:00,1,23
projects/BightWatch_Pitch.html,588,html,5f34ff1b,bigmacchung,2026-04-20,23:54:46,-07:00,2026-04-20T23:54:46-07:00,2,24
projects/BightWatch_Pitch.html,589,html,5f34ff1b,bigmacchung,2026-04-20,23:54:46,-07:00,2026-04-20T23:54:46-07:00,3,60
projects/BightWatch_Pitch.html,590,html,5f34ff1b,bigmacchung,2026-04-20,23:54:46,-07:00,2026-04-20T23:54:46-07:00,3,56
projects/BightWatch_Pitch.html,591,html,5f34ff1b,bigmacchung,2026-04-20,23:54:46,-07:00,2026-04-20T23:54:46-07:00,3,154
projects/BightWatch_Pitch.html,592,html,5f34ff1b,bigmacchung,2026-04-20,23:54:46,-07:00,2026-04-20T23:54:46-07:00,2,4
projects/BightWatch_Pitch.html,593,html,5f34ff1b,bigmacchung,2026-04-20,23:54:46,-07:00,2026-04-20T23:54:46-07:00,0,0
projects/BightWatch_Pitch.html,594,html,5f34ff1b,bigmacchung,2026-04-20,23:54:46,-07:00,2026-04-20T23:54:46-07:00,2,26
projects/BightWatch_Pitch.html,595,html,5f34ff1b,bigmacchung,2026-04-20,23:54:46,-07:00,2026-04-20T23:54:46-07:00,3,106
projects/BightWatch_Pitch.html,596,html,5f34ff1b,bigmacchung,2026-04-20,23:54:46,-07:00,2026-04-20T23:54:46-07:00,3,108
projects/BightWatch_Pitch.html,597,html,5f34ff1b,bigmacchung,2026-04-20,23:54:46,-07:00,2026-04-20T23:54:46-07:00,3,148
projects/BightWatch_Pitch.html,598,html,5f34ff1b,bigmacchung,2026-04-20,23:54:46,-07:00,2026-04-20T23:54:46-07:00,2,4
projects/BightWatch_Pitch.html,599,html,5f34ff1b,bigmacchung,2026-04-20,23:54:46,-07:00,2026-04-20T23:54:46-07:00,0,0
projects/BightWatch_Pitch.html,600,html,5f34ff1b,bigmacchung,2026-04-20,23:54:46,-07:00,2026-04-20T23:54:46-07:00,2,81
projects/BightWatch_Pitch.html,601,html,5f34ff1b,bigmacchung,2026-04-20,23:54:46,-07:00,2026-04-20T23:54:46-07:00,2,143
projects/BightWatch_Pitch.html,602,html,5f34ff1b,bigmacchung,2026-04-20,23:54:46,-07:00,2026-04-20T23:54:46-07:00,0,0
projects/BightWatch_Pitch.html,603,html,5f34ff1b,bigmacchung,2026-04-20,23:54:46,-07:00,2026-04-20T23:54:46-07:00,2,26
projects/BightWatch_Pitch.html,604,html,5f34ff1b,bigmacchung,2026-04-20,23:54:46,-07:00,2026-04-20T23:54:46-07:00,3,16
projects/BightWatch_Pitch.html,605,html,5f34ff1b,bigmacchung,2026-04-20,23:54:46,-07:00,2026-04-20T23:54:46-07:00,4,60
projects/BightWatch_Pitch.html,606,html,5f34ff1b,bigmacchung,2026-04-20,23:54:46,-07:00,2026-04-20T23:54:46-07:00,4,92
projects/BightWatch_Pitch.html,607,html,5f34ff1b,bigmacchung,2026-04-20,23:54:46,-07:00,2026-04-20T23:54:46-07:00,4,277
projects/BightWatch_Pitch.html,608,html,5f34ff1b,bigmacchung,2026-04-20,23:54:46,-07:00,2026-04-20T23:54:46-07:00,4,75
projects/BightWatch_Pitch.html,609,html,5f34ff1b,bigmacchung,2026-04-20,23:54:46,-07:00,2026-04-20T23:54:46-07:00,3,4
projects/BightWatch_Pitch.html,610,html,5f34ff1b,bigmacchung,2026-04-20,23:54:46,-07:00,2026-04-20T23:54:46-07:00,3,16
projects/BightWatch_Pitch.html,611,html,5f34ff1b,bigmacchung,2026-04-20,23:54:46,-07:00,2026-04-20T23:54:46-07:00,4,53
projects/BightWatch_Pitch.html,612,html,5f34ff1b,bigmacchung,2026-04-20,23:54:46,-07:00,2026-04-20T23:54:46-07:00,4,87
projects/BightWatch_Pitch.html,613,html,5f34ff1b,bigmacchung,2026-04-20,23:54:46,-07:00,2026-04-20T23:54:46-07:00,4,278
projects/BightWatch_Pitch.html,614,html,5f34ff1b,bigmacchung,2026-04-20,23:54:46,-07:00,2026-04-20T23:54:46-07:00,4,76
projects/BightWatch_Pitch.html,615,html,5f34ff1b,bigmacchung,2026-04-20,23:54:46,-07:00,2026-04-20T23:54:46-07:00,3,4
projects/BightWatch_Pitch.html,616,html,5f34ff1b,bigmacchung,2026-04-20,23:54:46,-07:00,2026-04-20T23:54:46-07:00,3,16
projects/BightWatch_Pitch.html,617,html,5f34ff1b,bigmacchung,2026-04-20,23:54:46,-07:00,2026-04-20T23:54:46-07:00,4,61
projects/BightWatch_Pitch.html,618,html,5f34ff1b,bigmacchung,2026-04-20,23:54:46,-07:00,2026-04-20T23:54:46-07:00,4,81
projects/BightWatch_Pitch.html,619,html,5f34ff1b,bigmacchung,2026-04-20,23:54:46,-07:00,2026-04-20T23:54:46-07:00,4,293
projects/BightWatch_Pitch.html,620,html,5f34ff1b,bigmacchung,2026-04-20,23:54:46,-07:00,2026-04-20T23:54:46-07:00,4,70
projects/BightWatch_Pitch.html,621,html,5f34ff1b,bigmacchung,2026-04-20,23:54:46,-07:00,2026-04-20T23:54:46-07:00,3,4
projects/BightWatch_Pitch.html,622,html,5f34ff1b,bigmacchung,2026-04-20,23:54:46,-07:00,2026-04-20T23:54:46-07:00,2,4
projects/BightWatch_Pitch.html,623,html,5f34ff1b,bigmacchung,2026-04-20,23:54:46,-07:00,2026-04-20T23:54:46-07:00,1,4
projects/BightWatch_Pitch.html,624,html,5f34ff1b,bigmacchung,2026-04-20,23:54:46,-07:00,2026-04-20T23:54:46-07:00,0,8
projects/BightWatch_Pitch.html,625,html,5f34ff1b,bigmacchung,2026-04-20,23:54:46,-07:00,2026-04-20T23:54:46-07:00,0,0
projects/BightWatch_Pitch.html,626,html,5f34ff1b,bigmacchung,2026-04-20,23:54:46,-07:00,2026-04-20T23:54:46-07:00,0,30
projects/BightWatch_Pitch.html,627,html,5f34ff1b,bigmacchung,2026-04-20,23:54:46,-07:00,2026-04-20T23:54:46-07:00,0,34
projects/BightWatch_Pitch.html,628,html,5f34ff1b,bigmacchung,2026-04-20,23:54:46,-07:00,2026-04-20T23:54:46-07:00,1,23
projects/BightWatch_Pitch.html,629,html,5f34ff1b,bigmacchung,2026-04-20,23:54:46,-07:00,2026-04-20T23:54:46-07:00,2,24
projects/BightWatch_Pitch.html,630,html,5f34ff1b,bigmacchung,2026-04-20,23:54:46,-07:00,2026-04-20T23:54:46-07:00,3,69
projects/BightWatch_Pitch.html,631,html,5f34ff1b,bigmacchung,2026-04-20,23:54:46,-07:00,2026-04-20T23:54:46-07:00,3,77
projects/BightWatch_Pitch.html,632,html,5f34ff1b,bigmacchung,2026-04-20,23:54:46,-07:00,2026-04-20T23:54:46-07:00,3,135
projects/BightWatch_Pitch.html,633,html,5f34ff1b,bigmacchung,2026-04-20,23:54:46,-07:00,2026-04-20T23:54:46-07:00,2,4
projects/BightWatch_Pitch.html,634,html,5f34ff1b,bigmacchung,2026-04-20,23:54:46,-07:00,2026-04-20T23:54:46-07:00,0,0
projects/BightWatch_Pitch.html,635,html,5f34ff1b,bigmacchung,2026-04-20,23:54:46,-07:00,2026-04-20T23:54:46-07:00,2,18
projects/BightWatch_Pitch.html,636,html,5f34ff1b,bigmacchung,2026-04-20,23:54:46,-07:00,2026-04-20T23:54:46-07:00,3,16
projects/BightWatch_Pitch.html,637,html,5f34ff1b,bigmacchung,2026-04-20,23:54:46,-07:00,2026-04-20T23:54:46-07:00,4,53
projects/BightWatch_Pitch.html,638,html,5f34ff1b,bigmacchung,2026-04-20,23:54:46,-07:00,2026-04-20T23:54:46-07:00,4,19
projects/BightWatch_Pitch.html,639,html,5f34ff1b,bigmacchung,2026-04-20,23:54:46,-07:00,2026-04-20T23:54:46-07:00,5,44
projects/BightWatch_Pitch.html,640,html,5f34ff1b,bigmacchung,2026-04-20,23:54:46,-07:00,2026-04-20T23:54:46-07:00,5,52
projects/BightWatch_Pitch.html,641,html,5f34ff1b,bigmacchung,2026-04-20,23:54:46,-07:00,2026-04-20T23:54:46-07:00,5,39
projects/BightWatch_Pitch.html,642,html,5f34ff1b,bigmacchung,2026-04-20,23:54:46,-07:00,2026-04-20T23:54:46-07:00,5,80
projects/BightWatch_Pitch.html,643,html,5f34ff1b,bigmacchung,2026-04-20,23:54:46,-07:00,2026-04-20T23:54:46-07:00,4,3
projects/BightWatch_Pitch.html,644,html,5f34ff1b,bigmacchung,2026-04-20,23:54:46,-07:00,2026-04-20T23:54:46-07:00,3,4
projects/BightWatch_Pitch.html,645,html,5f34ff1b,bigmacchung,2026-04-20,23:54:46,-07:00,2026-04-20T23:54:46-07:00,3,16
projects/BightWatch_Pitch.html,646,html,5f34ff1b,bigmacchung,2026-04-20,23:54:46,-07:00,2026-04-20T23:54:46-07:00,4,49
projects/BightWatch_Pitch.html,647,html,5f34ff1b,bigmacchung,2026-04-20,23:54:46,-07:00,2026-04-20T23:54:46-07:00,4,19
projects/BightWatch_Pitch.html,648,html,5f34ff1b,bigmacchung,2026-04-20,23:54:46,-07:00,2026-04-20T23:54:46-07:00,5,83
projects/BightWatch_Pitch.html,649,html,5f34ff1b,bigmacchung,2026-04-20,23:54:46,-07:00,2026-04-20T23:54:46-07:00,5,89
projects/BightWatch_Pitch.html,650,html,5f34ff1b,bigmacchung,2026-04-20,23:54:46,-07:00,2026-04-20T23:54:46-07:00,5,75
projects/BightWatch_Pitch.html,651,html,5f34ff1b,bigmacchung,2026-04-20,23:54:46,-07:00,2026-04-20T23:54:46-07:00,4,3
projects/BightWatch_Pitch.html,652,html,5f34ff1b,bigmacchung,2026-04-20,23:54:46,-07:00,2026-04-20T23:54:46-07:00,3,4
projects/BightWatch_Pitch.html,653,html,5f34ff1b,bigmacchung,2026-04-20,23:54:46,-07:00,2026-04-20T23:54:46-07:00,2,4
projects/BightWatch_Pitch.html,654,html,5f34ff1b,bigmacchung,2026-04-20,23:54:46,-07:00,2026-04-20T23:54:46-07:00,0,0
projects/BightWatch_Pitch.html,655,html,5f34ff1b,bigmacchung,2026-04-20,23:54:46,-07:00,2026-04-20T23:54:46-07:00,2,24
projects/BightWatch_Pitch.html,656,html,5f34ff1b,bigmacchung,2026-04-20,23:54:46,-07:00,2026-04-20T23:54:46-07:00,3,69
projects/BightWatch_Pitch.html,657,html,5f34ff1b,bigmacchung,2026-04-20,23:54:46,-07:00,2026-04-20T23:54:46-07:00,3,194
projects/BightWatch_Pitch.html,658,html,5f34ff1b,bigmacchung,2026-04-20,23:54:46,-07:00,2026-04-20T23:54:46-07:00,3,173
projects/BightWatch_Pitch.html,659,html,5f34ff1b,bigmacchung,2026-04-20,23:54:46,-07:00,2026-04-20T23:54:46-07:00,3,320
projects/BightWatch_Pitch.html,660,html,5f34ff1b,bigmacchung,2026-04-20,23:54:46,-07:00,2026-04-20T23:54:46-07:00,2,4
projects/BightWatch_Pitch.html,661,html,5f34ff1b,bigmacchung,2026-04-20,23:54:46,-07:00,2026-04-20T23:54:46-07:00,1,4
projects/BightWatch_Pitch.html,662,html,5f34ff1b,bigmacchung,2026-04-20,23:54:46,-07:00,2026-04-20T23:54:46-07:00,0,8
projects/BightWatch_Pitch.html,663,html,5f34ff1b,bigmacchung,2026-04-20,23:54:46,-07:00,2026-04-20T23:54:46-07:00,0,0
projects/BightWatch_Pitch.html,664,html,5f34ff1b,bigmacchung,2026-04-20,23:54:46,-07:00,2026-04-20T23:54:46-07:00,0,19
projects/BightWatch_Pitch.html,665,html,5f34ff1b,bigmacchung,2026-04-20,23:54:46,-07:00,2026-04-20T23:54:46-07:00,0,36
projects/BightWatch_Pitch.html,666,html,5f34ff1b,bigmacchung,2026-04-20,23:54:46,-07:00,2026-04-20T23:54:46-07:00,1,23
projects/BightWatch_Pitch.html,667,html,5f34ff1b,bigmacchung,2026-04-20,23:54:46,-07:00,2026-04-20T23:54:46-07:00,2,24
projects/BightWatch_Pitch.html,668,html,5f34ff1b,bigmacchung,2026-04-20,23:54:46,-07:00,2026-04-20T23:54:46-07:00,3,66
projects/BightWatch_Pitch.html,669,html,5f34ff1b,bigmacchung,2026-04-20,23:54:46,-07:00,2026-04-20T23:54:46-07:00,3,56
projects/BightWatch_Pitch.html,670,html,5f34ff1b,bigmacchung,2026-04-20,23:54:46,-07:00,2026-04-20T23:54:46-07:00,3,177
projects/BightWatch_Pitch.html,671,html,5f34ff1b,bigmacchung,2026-04-20,23:54:46,-07:00,2026-04-20T23:54:46-07:00,2,4
projects/BightWatch_Pitch.html,672,html,5f34ff1b,bigmacchung,2026-04-20,23:54:46,-07:00,2026-04-20T23:54:46-07:00,0,0
projects/BightWatch_Pitch.html,673,html,5f34ff1b,bigmacchung,2026-04-20,23:54:46,-07:00,2026-04-20T23:54:46-07:00,2,18
projects/BightWatch_Pitch.html,674,html,5f34ff1b,bigmacchung,2026-04-20,23:54:46,-07:00,2026-04-20T23:54:46-07:00,3,5
projects/BightWatch_Pitch.html,675,html,5f34ff1b,bigmacchung,2026-04-20,23:54:46,-07:00,2026-04-20T23:54:46-07:00,4,2
projects/BightWatch_Pitch.html,676,html,5f34ff1b,bigmacchung,2026-04-20,23:54:46,-07:00,2026-04-20T23:54:46-07:00,5,20
projects/BightWatch_Pitch.html,677,html,5f34ff1b,bigmacchung,2026-04-20,23:54:46,-07:00,2026-04-20T23:54:46-07:00,5,23
projects/BightWatch_Pitch.html,678,html,5f34ff1b,bigmacchung,2026-04-20,23:54:46,-07:00,2026-04-20T23:54:46-07:00,5,33
projects/BightWatch_Pitch.html,679,html,5f34ff1b,bigmacchung,2026-04-20,23:54:46,-07:00,2026-04-20T23:54:46-07:00,4,3
projects/BightWatch_Pitch.html,680,html,5f34ff1b,bigmacchung,2026-04-20,23:54:46,-07:00,2026-04-20T23:54:46-07:00,3,6
projects/BightWatch_Pitch.html,681,html,5f34ff1b,bigmacchung,2026-04-20,23:54:46,-07:00,2026-04-20T23:54:46-07:00,3,5
projects/BightWatch_Pitch.html,682,html,5f34ff1b,bigmacchung,2026-04-20,23:54:46,-07:00,2026-04-20T23:54:46-07:00,4,2
projects/BightWatch_Pitch.html,683,html,5f34ff1b,bigmacchung,2026-04-20,23:54:46,-07:00,2026-04-20T23:54:46-07:00,5,194
projects/BightWatch_Pitch.html,684,html,5f34ff1b,bigmacchung,2026-04-20,23:54:46,-07:00,2026-04-20T23:54:46-07:00,5,244
projects/BightWatch_Pitch.html,685,html,5f34ff1b,bigmacchung,2026-04-20,23:54:46,-07:00,2026-04-20T23:54:46-07:00,5,76
projects/BightWatch_Pitch.html,686,html,5f34ff1b,bigmacchung,2026-04-20,23:54:46,-07:00,2026-04-20T23:54:46-07:00,4,3
projects/BightWatch_Pitch.html,687,html,5f34ff1b,bigmacchung,2026-04-20,23:54:46,-07:00,2026-04-20T23:54:46-07:00,4,2
projects/BightWatch_Pitch.html,688,html,5f34ff1b,bigmacchung,2026-04-20,23:54:46,-07:00,2026-04-20T23:54:46-07:00,5,45
projects/BightWatch_Pitch.html,689,html,5f34ff1b,bigmacchung,2026-04-20,23:54:46,-07:00,2026-04-20T23:54:46-07:00,5,40
projects/BightWatch_Pitch.html,690,html,5f34ff1b,bigmacchung,2026-04-20,23:54:46,-07:00,2026-04-20T23:54:46-07:00,5,55
projects/BightWatch_Pitch.html,691,html,5f34ff1b,bigmacchung,2026-04-20,23:54:46,-07:00,2026-04-20T23:54:46-07:00,4,3
projects/BightWatch_Pitch.html,692,html,5f34ff1b,bigmacchung,2026-04-20,23:54:46,-07:00,2026-04-20T23:54:46-07:00,4,2
projects/BightWatch_Pitch.html,693,html,5f34ff1b,bigmacchung,2026-04-20,23:54:46,-07:00,2026-04-20T23:54:46-07:00,5,183
projects/BightWatch_Pitch.html,694,html,5f34ff1b,bigmacchung,2026-04-20,23:54:46,-07:00,2026-04-20T23:54:46-07:00,5,54
projects/BightWatch_Pitch.html,695,html,5f34ff1b,bigmacchung,2026-04-20,23:54:46,-07:00,2026-04-20T23:54:46-07:00,5,74
projects/BightWatch_Pitch.html,696,html,5f34ff1b,bigmacchung,2026-04-20,23:54:46,-07:00,2026-04-20T23:54:46-07:00,4,3
projects/BightWatch_Pitch.html,697,html,5f34ff1b,bigmacchung,2026-04-20,23:54:46,-07:00,2026-04-20T23:54:46-07:00,4,2
projects/BightWatch_Pitch.html,698,html,5f34ff1b,bigmacchung,2026-04-20,23:54:46,-07:00,2026-04-20T23:54:46-07:00,5,211
projects/BightWatch_Pitch.html,699,html,5f34ff1b,bigmacchung,2026-04-20,23:54:46,-07:00,2026-04-20T23:54:46-07:00,5,53
projects/BightWatch_Pitch.html,700,html,5f34ff1b,bigmacchung,2026-04-20,23:54:46,-07:00,2026-04-20T23:54:46-07:00,5,61
projects/BightWatch_Pitch.html,701,html,5f34ff1b,bigmacchung,2026-04-20,23:54:46,-07:00,2026-04-20T23:54:46-07:00,4,3
projects/BightWatch_Pitch.html,702,html,5f34ff1b,bigmacchung,2026-04-20,23:54:46,-07:00,2026-04-20T23:54:46-07:00,4,2
projects/BightWatch_Pitch.html,703,html,5f34ff1b,bigmacchung,2026-04-20,23:54:46,-07:00,2026-04-20T23:54:46-07:00,5,148
projects/BightWatch_Pitch.html,704,html,5f34ff1b,bigmacchung,2026-04-20,23:54:46,-07:00,2026-04-20T23:54:46-07:00,5,43
projects/BightWatch_Pitch.html,705,html,5f34ff1b,bigmacchung,2026-04-20,23:54:46,-07:00,2026-04-20T23:54:46-07:00,5,50
projects/BightWatch_Pitch.html,706,html,5f34ff1b,bigmacchung,2026-04-20,23:54:46,-07:00,2026-04-20T23:54:46-07:00,4,3
projects/BightWatch_Pitch.html,707,html,5f34ff1b,bigmacchung,2026-04-20,23:54:46,-07:00,2026-04-20T23:54:46-07:00,3,6
projects/BightWatch_Pitch.html,708,html,5f34ff1b,bigmacchung,2026-04-20,23:54:46,-07:00,2026-04-20T23:54:46-07:00,2,6
projects/BightWatch_Pitch.html,709,html,5f34ff1b,bigmacchung,2026-04-20,23:54:46,-07:00,2026-04-20T23:54:46-07:00,0,0
projects/BightWatch_Pitch.html,710,html,5f34ff1b,bigmacchung,2026-04-20,23:54:46,-07:00,2026-04-20T23:54:46-07:00,2,29
projects/BightWatch_Pitch.html,711,html,5f34ff1b,bigmacchung,2026-04-20,23:54:46,-07:00,2026-04-20T23:54:46-07:00,3,42
projects/BightWatch_Pitch.html,712,html,5f34ff1b,bigmacchung,2026-04-20,23:54:46,-07:00,2026-04-20T23:54:46-07:00,3,177
projects/BightWatch_Pitch.html,713,html,5f34ff1b,bigmacchung,2026-04-20,23:54:46,-07:00,2026-04-20T23:54:46-07:00,2,4
projects/BightWatch_Pitch.html,714,html,5f34ff1b,bigmacchung,2026-04-20,23:54:46,-07:00,2026-04-20T23:54:46-07:00,1,4
projects/BightWatch_Pitch.html,715,html,5f34ff1b,bigmacchung,2026-04-20,23:54:46,-07:00,2026-04-20T23:54:46-07:00,0,8
projects/BightWatch_Pitch.html,716,html,5f34ff1b,bigmacchung,2026-04-20,23:54:46,-07:00,2026-04-20T23:54:46-07:00,0,0
projects/BightWatch_Pitch.html,717,html,5f34ff1b,bigmacchung,2026-04-20,23:54:46,-07:00,2026-04-20T23:54:46-07:00,0,22
projects/BightWatch_Pitch.html,718,html,5f34ff1b,bigmacchung,2026-04-20,23:54:46,-07:00,2026-04-20T23:54:46-07:00,0,30
projects/BightWatch_Pitch.html,719,html,5f34ff1b,bigmacchung,2026-04-20,23:54:46,-07:00,2026-04-20T23:54:46-07:00,1,23
projects/BightWatch_Pitch.html,720,html,5f34ff1b,bigmacchung,2026-04-20,23:54:46,-07:00,2026-04-20T23:54:46-07:00,2,24
projects/BightWatch_Pitch.html,721,html,5f34ff1b,bigmacchung,2026-04-20,23:54:46,-07:00,2026-04-20T23:54:46-07:00,3,74
projects/BightWatch_Pitch.html,722,html,5f34ff1b,bigmacchung,2026-04-20,23:54:46,-07:00,2026-04-20T23:54:46-07:00,3,57
projects/BightWatch_Pitch.html,723,html,5f34ff1b,bigmacchung,2026-04-20,23:54:46,-07:00,2026-04-20T23:54:46-07:00,3,175
projects/BightWatch_Pitch.html,724,html,5f34ff1b,bigmacchung,2026-04-20,23:54:46,-07:00,2026-04-20T23:54:46-07:00,2,4
projects/BightWatch_Pitch.html,725,html,5f34ff1b,bigmacchung,2026-04-20,23:54:46,-07:00,2026-04-20T23:54:46-07:00,0,0
projects/BightWatch_Pitch.html,726,html,5f34ff1b,bigmacchung,2026-04-20,23:54:46,-07:00,2026-04-20T23:54:46-07:00,2,24
projects/BightWatch_Pitch.html,727,html,5f34ff1b,bigmacchung,2026-04-20,23:54:46,-07:00,2026-04-20T23:54:46-07:00,3,28
projects/BightWatch_Pitch.html,728,html,5f34ff1b,bigmacchung,2026-04-20,23:54:46,-07:00,2026-04-20T23:54:46-07:00,4,60
projects/BightWatch_Pitch.html,729,html,5f34ff1b,bigmacchung,2026-04-20,23:54:46,-07:00,2026-04-20T23:54:46-07:00,4,45
projects/BightWatch_Pitch.html,730,html,5f34ff1b,bigmacchung,2026-04-20,23:54:46,-07:00,2026-04-20T23:54:46-07:00,4,52
projects/BightWatch_Pitch.html,731,html,5f34ff1b,bigmacchung,2026-04-20,23:54:46,-07:00,2026-04-20T23:54:46-07:00,3,4
projects/BightWatch_Pitch.html,732,html,5f34ff1b,bigmacchung,2026-04-20,23:54:46,-07:00,2026-04-20T23:54:46-07:00,3,26
projects/BightWatch_Pitch.html,733,html,5f34ff1b,bigmacchung,2026-04-20,23:54:46,-07:00,2026-04-20T23:54:46-07:00,4,72
projects/BightWatch_Pitch.html,734,html,5f34ff1b,bigmacchung,2026-04-20,23:54:46,-07:00,2026-04-20T23:54:46-07:00,5,19
projects/BightWatch_Pitch.html,735,html,5f34ff1b,bigmacchung,2026-04-20,23:54:46,-07:00,2026-04-20T23:54:46-07:00,0,10
projects/BightWatch_Pitch.html,736,html,5f34ff1b,bigmacchung,2026-04-20,23:54:46,-07:00,2026-04-20T23:54:46-07:00,1,84
projects/BightWatch_Pitch.html,737,html,5f34ff1b,bigmacchung,2026-04-20,23:54:46,-07:00,2026-04-20T23:54:46-07:00,1,104
projects/BightWatch_Pitch.html,738,html,5f34ff1b,bigmacchung,2026-04-20,23:54:46,-07:00,2026-04-20T23:54:46-07:00,1,84
projects/BightWatch_Pitch.html,739,html,5f34ff1b,bigmacchung,2026-04-20,23:54:46,-07:00,2026-04-20T23:54:46-07:00,1,85
projects/BightWatch_Pitch.html,740,html,5f34ff1b,bigmacchung,2026-04-20,23:54:46,-07:00,2026-04-20T23:54:46-07:00,0,0
projects/BightWatch_Pitch.html,741,html,5f34ff1b,bigmacchung,2026-04-20,23:54:46,-07:00,2026-04-20T23:54:46-07:00,1,47
projects/BightWatch_Pitch.html,742,html,5f34ff1b,bigmacchung,2026-04-20,23:54:46,-07:00,2026-04-20T23:54:46-07:00,2,41
projects/BightWatch_Pitch.html,743,html,5f34ff1b,bigmacchung,2026-04-20,23:54:46,-07:00,2026-04-20T23:54:46-07:00,2,44
projects/BightWatch_Pitch.html,744,html,5f34ff1b,bigmacchung,2026-04-20,23:54:46,-07:00,2026-04-20T23:54:46-07:00,2,30
projects/BightWatch_Pitch.html,745,html,5f34ff1b,bigmacchung,2026-04-20,23:54:46,-07:00,2026-04-20T23:54:46-07:00,2,52
projects/BightWatch_Pitch.html,746,html,5f34ff1b,bigmacchung,2026-04-20,23:54:46,-07:00,2026-04-20T23:54:46-07:00,2,40
projects/BightWatch_Pitch.html,747,html,5f34ff1b,bigmacchung,2026-04-20,23:54:46,-07:00,2026-04-20T23:54:46-07:00,2,28
projects/BightWatch_Pitch.html,748,html,5f34ff1b,bigmacchung,2026-04-20,23:54:46,-07:00,2026-04-20T23:54:46-07:00,1,1
projects/BightWatch_Pitch.html,749,html,5f34ff1b,bigmacchung,2026-04-20,23:54:46,-07:00,2026-04-20T23:54:46-07:00,0,0
projects/BightWatch_Pitch.html,750,html,5f34ff1b,bigmacchung,2026-04-20,23:54:46,-07:00,2026-04-20T23:54:46-07:00,1,40
projects/BightWatch_Pitch.html,751,html,5f34ff1b,bigmacchung,2026-04-20,23:54:46,-07:00,2026-04-20T23:54:46-07:00,2,44
projects/BightWatch_Pitch.html,752,html,5f34ff1b,bigmacchung,2026-04-20,23:54:46,-07:00,2026-04-20T23:54:46-07:00,2,54
projects/BightWatch_Pitch.html,753,html,5f34ff1b,bigmacchung,2026-04-20,23:54:46,-07:00,2026-04-20T23:54:46-07:00,2,69
projects/BightWatch_Pitch.html,754,html,5f34ff1b,bigmacchung,2026-04-20,23:54:46,-07:00,2026-04-20T23:54:46-07:00,1,1
projects/BightWatch_Pitch.html,755,html,5f34ff1b,bigmacchung,2026-04-20,23:54:46,-07:00,2026-04-20T23:54:46-07:00,0,0
projects/BightWatch_Pitch.html,756,html,5f34ff1b,bigmacchung,2026-04-20,23:54:46,-07:00,2026-04-20T23:54:46-07:00,1,40
projects/BightWatch_Pitch.html,757,html,5f34ff1b,bigmacchung,2026-04-20,23:54:46,-07:00,2026-04-20T23:54:46-07:00,2,57
projects/BightWatch_Pitch.html,758,html,5f34ff1b,bigmacchung,2026-04-20,23:54:46,-07:00,2026-04-20T23:54:46-07:00,2,32
projects/BightWatch_Pitch.html,759,html,5f34ff1b,bigmacchung,2026-04-20,23:54:46,-07:00,2026-04-20T23:54:46-07:00,1,1
projects/BightWatch_Pitch.html,760,html,5f34ff1b,bigmacchung,2026-04-20,23:54:46,-07:00,2026-04-20T23:54:46-07:00,0,0
projects/BightWatch_Pitch.html,761,html,5f34ff1b,bigmacchung,2026-04-20,23:54:46,-07:00,2026-04-20T23:54:46-07:00,1,41
projects/BightWatch_Pitch.html,762,html,5f34ff1b,bigmacchung,2026-04-20,23:54:46,-07:00,2026-04-20T23:54:46-07:00,2,30
projects/BightWatch_Pitch.html,763,html,5f34ff1b,bigmacchung,2026-04-20,23:54:46,-07:00,2026-04-20T23:54:46-07:00,2,26
projects/BightWatch_Pitch.html,764,html,5f34ff1b,bigmacchung,2026-04-20,23:54:46,-07:00,2026-04-20T23:54:46-07:00,2,27
projects/BightWatch_Pitch.html,765,html,5f34ff1b,bigmacchung,2026-04-20,23:54:46,-07:00,2026-04-20T23:54:46-07:00,2,19
projects/BightWatch_Pitch.html,766,html,5f34ff1b,bigmacchung,2026-04-20,23:54:46,-07:00,2026-04-20T23:54:46-07:00,1,1
projects/BightWatch_Pitch.html,767,html,5f34ff1b,bigmacchung,2026-04-20,23:54:46,-07:00,2026-04-20T23:54:46-07:00,0,0
projects/BightWatch_Pitch.html,768,html,5f34ff1b,bigmacchung,2026-04-20,23:54:46,-07:00,2026-04-20T23:54:46-07:00,1,11
projects/BightWatch_Pitch.html,769,html,5f34ff1b,bigmacchung,2026-04-20,23:54:46,-07:00,2026-04-20T23:54:46-07:00,1,13
projects/BightWatch_Pitch.html,770,html,5f34ff1b,bigmacchung,2026-04-20,23:54:46,-07:00,2026-04-20T23:54:46-07:00,1,13
projects/BightWatch_Pitch.html,771,html,5f34ff1b,bigmacchung,2026-04-20,23:54:46,-07:00,2026-04-20T23:54:46-07:00,1,11
projects/BightWatch_Pitch.html,772,html,5f34ff1b,bigmacchung,2026-04-20,23:54:46,-07:00,2026-04-20T23:54:46-07:00,1,10
projects/BightWatch_Pitch.html,773,html,5f34ff1b,bigmacchung,2026-04-20,23:54:46,-07:00,2026-04-20T23:54:46-07:00,1,27
projects/BightWatch_Pitch.html,774,html,5f34ff1b,bigmacchung,2026-04-20,23:54:46,-07:00,2026-04-20T23:54:46-07:00,0,0
projects/BightWatch_Pitch.html,775,html,5f34ff1b,bigmacchung,2026-04-20,23:54:46,-07:00,2026-04-20T23:54:46-07:00,1,20
projects/BightWatch_Pitch.html,776,html,5f34ff1b,bigmacchung,2026-04-20,23:54:46,-07:00,2026-04-20T23:54:46-07:00,0,0
projects/BightWatch_Pitch.html,777,html,5f34ff1b,bigmacchung,2026-04-20,23:54:46,-07:00,2026-04-20T23:54:46-07:00,1,9
projects/BightWatch_Pitch.html,778,html,5f34ff1b,bigmacchung,2026-04-20,23:54:46,-07:00,2026-04-20T23:54:46-07:00,1,9
projects/BightWatch_Pitch.html,779,html,5f34ff1b,bigmacchung,2026-04-20,23:54:46,-07:00,2026-04-20T23:54:46-07:00,0,0
projects/BightWatch_Pitch.html,780,html,5f34ff1b,bigmacchung,2026-04-20,23:54:46,-07:00,2026-04-20T23:54:46-07:00,1,12
projects/BightWatch_Pitch.html,781,html,5f34ff1b,bigmacchung,2026-04-20,23:54:46,-07:00,2026-04-20T23:54:46-07:00,1,9
projects/BightWatch_Pitch.html,782,html,5f34ff1b,bigmacchung,2026-04-20,23:54:46,-07:00,2026-04-20T23:54:46-07:00,1,12
projects/BightWatch_Pitch.html,783,html,5f34ff1b,bigmacchung,2026-04-20,23:54:46,-07:00,2026-04-20T23:54:46-07:00,1,11
projects/BightWatch_Pitch.html,784,html,5f34ff1b,bigmacchung,2026-04-20,23:54:46,-07:00,2026-04-20T23:54:46-07:00,0,0
projects/BightWatch_Pitch.html,785,html,5f34ff1b,bigmacchung,2026-04-20,23:54:46,-07:00,2026-04-20T23:54:46-07:00,1,39
projects/BightWatch_Pitch.html,786,html,5f34ff1b,bigmacchung,2026-04-20,23:54:46,-07:00,2026-04-20T23:54:46-07:00,1,26
projects/BightWatch_Pitch.html,787,html,5f34ff1b,bigmacchung,2026-04-20,23:54:46,-07:00,2026-04-20T23:54:46-07:00,1,16
projects/BightWatch_Pitch.html,788,html,5f34ff1b,bigmacchung,2026-04-20,23:54:46,-07:00,2026-04-20T23:54:46-07:00,1,33
projects/BightWatch_Pitch.html,789,html,5f34ff1b,bigmacchung,2026-04-20,23:54:46,-07:00,2026-04-20T23:54:46-07:00,5,4
projects/BightWatch_Pitch.html,790,html,5f34ff1b,bigmacchung,2026-04-20,23:54:46,-07:00,2026-04-20T23:54:46-07:00,4,4
projects/BightWatch_Pitch.html,791,html,5f34ff1b,bigmacchung,2026-04-20,23:54:46,-07:00,2026-04-20T23:54:46-07:00,3,4
projects/BightWatch_Pitch.html,792,html,5f34ff1b,bigmacchung,2026-04-20,23:54:46,-07:00,2026-04-20T23:54:46-07:00,2,4
projects/BightWatch_Pitch.html,793,html,5f34ff1b,bigmacchung,2026-04-20,23:54:46,-07:00,2026-04-20T23:54:46-07:00,2,103
projects/BightWatch_Pitch.html,794,html,5f34ff1b,bigmacchung,2026-04-20,23:54:46,-07:00,2026-04-20T23:54:46-07:00,0,0
projects/BightWatch_Pitch.html,795,html,5f34ff1b,bigmacchung,2026-04-20,23:54:46,-07:00,2026-04-20T23:54:46-07:00,2,23
projects/BightWatch_Pitch.html,796,html,5f34ff1b,bigmacchung,2026-04-20,23:54:46,-07:00,2026-04-20T23:54:46-07:00,3,16
projects/BightWatch_Pitch.html,797,html,5f34ff1b,bigmacchung,2026-04-20,23:54:46,-07:00,2026-04-20T23:54:46-07:00,4,30
projects/BightWatch_Pitch.html,798,html,5f34ff1b,bigmacchung,2026-04-20,23:54:46,-07:00,2026-04-20T23:54:46-07:00,4,118
projects/BightWatch_Pitch.html,799,html,5f34ff1b,bigmacchung,2026-04-20,23:54:46,-07:00,2026-04-20T23:54:46-07:00,3,4
projects/BightWatch_Pitch.html,800,html,5f34ff1b,bigmacchung,2026-04-20,23:54:46,-07:00,2026-04-20T23:54:46-07:00,3,16
projects/BightWatch_Pitch.html,801,html,5f34ff1b,bigmacchung,2026-04-20,23:54:46,-07:00,2026-04-20T23:54:46-07:00,4,34
projects/BightWatch_Pitch.html,802,html,5f34ff1b,bigmacchung,2026-04-20,23:54:46,-07:00,2026-04-20T23:54:46-07:00,4,130
projects/BightWatch_Pitch.html,803,html,5f34ff1b,bigmacchung,2026-04-20,23:54:46,-07:00,2026-04-20T23:54:46-07:00,3,4
projects/BightWatch_Pitch.html,804,html,5f34ff1b,bigmacchung,2026-04-20,23:54:46,-07:00,2026-04-20T23:54:46-07:00,3,16
projects/BightWatch_Pitch.html,805,html,5f34ff1b,bigmacchung,2026-04-20,23:54:46,-07:00,2026-04-20T23:54:46-07:00,4,35
projects/BightWatch_Pitch.html,806,html,5f34ff1b,bigmacchung,2026-04-20,23:54:46,-07:00,2026-04-20T23:54:46-07:00,4,126
projects/BightWatch_Pitch.html,807,html,5f34ff1b,bigmacchung,2026-04-20,23:54:46,-07:00,2026-04-20T23:54:46-07:00,3,4
projects/BightWatch_Pitch.html,808,html,5f34ff1b,bigmacchung,2026-04-20,23:54:46,-07:00,2026-04-20T23:54:46-07:00,2,4
projects/BightWatch_Pitch.html,809,html,5f34ff1b,bigmacchung,2026-04-20,23:54:46,-07:00,2026-04-20T23:54:46-07:00,1,4
projects/BightWatch_Pitch.html,810,html,5f34ff1b,bigmacchung,2026-04-20,23:54:46,-07:00,2026-04-20T23:54:46-07:00,0,8
projects/BightWatch_Pitch.html,811,html,5f34ff1b,bigmacchung,2026-04-20,23:54:46,-07:00,2026-04-20T23:54:46-07:00,0,0
projects/BightWatch_Pitch.html,812,html,5f34ff1b,bigmacchung,2026-04-20,23:54:46,-07:00,2026-04-20T23:54:46-07:00,0,17
projects/BightWatch_Pitch.html,813,html,5f34ff1b,bigmacchung,2026-04-20,23:54:46,-07:00,2026-04-20T23:54:46-07:00,0,34
projects/BightWatch_Pitch.html,814,html,5f34ff1b,bigmacchung,2026-04-20,23:54:46,-07:00,2026-04-20T23:54:46-07:00,1,23
projects/BightWatch_Pitch.html,815,html,5f34ff1b,bigmacchung,2026-04-20,23:54:46,-07:00,2026-04-20T23:54:46-07:00,2,24
projects/BightWatch_Pitch.html,816,html,5f34ff1b,bigmacchung,2026-04-20,23:54:46,-07:00,2026-04-20T23:54:46-07:00,3,58
projects/BightWatch_Pitch.html,817,html,5f34ff1b,bigmacchung,2026-04-20,23:54:46,-07:00,2026-04-20T23:54:46-07:00,3,44
projects/BightWatch_Pitch.html,818,html,5f34ff1b,bigmacchung,2026-04-20,23:54:46,-07:00,2026-04-20T23:54:46-07:00,3,86
projects/BightWatch_Pitch.html,819,html,5f34ff1b,bigmacchung,2026-04-20,23:54:46,-07:00,2026-04-20T23:54:46-07:00,2,4
projects/BightWatch_Pitch.html,820,html,5f34ff1b,bigmacchung,2026-04-20,23:54:46,-07:00,2026-04-20T23:54:46-07:00,0,0
projects/BightWatch_Pitch.html,821,html,5f34ff1b,bigmacchung,2026-04-20,23:54:46,-07:00,2026-04-20T23:54:46-07:00,2,18
projects/BightWatch_Pitch.html,822,html,5f34ff1b,bigmacchung,2026-04-20,23:54:46,-07:00,2026-04-20T23:54:46-07:00,3,16
projects/BightWatch_Pitch.html,823,html,5f34ff1b,bigmacchung,2026-04-20,23:54:46,-07:00,2026-04-20T23:54:46-07:00,4,31
projects/BightWatch_Pitch.html,824,html,5f34ff1b,bigmacchung,2026-04-20,23:54:46,-07:00,2026-04-20T23:54:46-07:00,4,25
projects/BightWatch_Pitch.html,825,html,5f34ff1b,bigmacchung,2026-04-20,23:54:46,-07:00,2026-04-20T23:54:46-07:00,4,96
projects/BightWatch_Pitch.html,826,html,5f34ff1b,bigmacchung,2026-04-20,23:54:46,-07:00,2026-04-20T23:54:46-07:00,3,4
projects/BightWatch_Pitch.html,827,html,5f34ff1b,bigmacchung,2026-04-20,23:54:46,-07:00,2026-04-20T23:54:46-07:00,3,16
projects/BightWatch_Pitch.html,828,html,5f34ff1b,bigmacchung,2026-04-20,23:54:46,-07:00,2026-04-20T23:54:46-07:00,4,31
projects/BightWatch_Pitch.html,829,html,5f34ff1b,bigmacchung,2026-04-20,23:54:46,-07:00,2026-04-20T23:54:46-07:00,4,24
projects/BightWatch_Pitch.html,830,html,5f34ff1b,bigmacchung,2026-04-20,23:54:46,-07:00,2026-04-20T23:54:46-07:00,4,109
projects/BightWatch_Pitch.html,831,html,5f34ff1b,bigmacchung,2026-04-20,23:54:46,-07:00,2026-04-20T23:54:46-07:00,3,4
projects/BightWatch_Pitch.html,832,html,5f34ff1b,bigmacchung,2026-04-20,23:54:46,-07:00,2026-04-20T23:54:46-07:00,3,16
projects/BightWatch_Pitch.html,833,html,5f34ff1b,bigmacchung,2026-04-20,23:54:46,-07:00,2026-04-20T23:54:46-07:00,4,31
projects/BightWatch_Pitch.html,834,html,5f34ff1b,bigmacchung,2026-04-20,23:54:46,-07:00,2026-04-20T23:54:46-07:00,4,23
projects/BightWatch_Pitch.html,835,html,5f34ff1b,bigmacchung,2026-04-20,23:54:46,-07:00,2026-04-20T23:54:46-07:00,4,122
projects/BightWatch_Pitch.html,836,html,5f34ff1b,bigmacchung,2026-04-20,23:54:46,-07:00,2026-04-20T23:54:46-07:00,3,4
projects/BightWatch_Pitch.html,837,html,5f34ff1b,bigmacchung,2026-04-20,23:54:46,-07:00,2026-04-20T23:54:46-07:00,3,16
projects/BightWatch_Pitch.html,838,html,5f34ff1b,bigmacchung,2026-04-20,23:54:46,-07:00,2026-04-20T23:54:46-07:00,4,31
projects/BightWatch_Pitch.html,839,html,5f34ff1b,bigmacchung,2026-04-20,23:54:46,-07:00,2026-04-20T23:54:46-07:00,4,22
projects/BightWatch_Pitch.html,840,html,5f34ff1b,bigmacchung,2026-04-20,23:54:46,-07:00,2026-04-20T23:54:46-07:00,4,127
projects/BightWatch_Pitch.html,841,html,5f34ff1b,bigmacchung,2026-04-20,23:54:46,-07:00,2026-04-20T23:54:46-07:00,3,4
projects/BightWatch_Pitch.html,842,html,5f34ff1b,bigmacchung,2026-04-20,23:54:46,-07:00,2026-04-20T23:54:46-07:00,2,4
projects/BightWatch_Pitch.html,843,html,5f34ff1b,bigmacchung,2026-04-20,23:54:46,-07:00,2026-04-20T23:54:46-07:00,0,0
projects/BightWatch_Pitch.html,844,html,5f34ff1b,bigmacchung,2026-04-20,23:54:46,-07:00,2026-04-20T23:54:46-07:00,2,23
projects/BightWatch_Pitch.html,845,html,5f34ff1b,bigmacchung,2026-04-20,23:54:46,-07:00,2026-04-20T23:54:46-07:00,3,16
projects/BightWatch_Pitch.html,846,html,5f34ff1b,bigmacchung,2026-04-20,23:54:46,-07:00,2026-04-20T23:54:46-07:00,4,45
projects/BightWatch_Pitch.html,847,html,5f34ff1b,bigmacchung,2026-04-20,23:54:46,-07:00,2026-04-20T23:54:46-07:00,4,25
projects/BightWatch_Pitch.html,848,html,5f34ff1b,bigmacchung,2026-04-20,23:54:46,-07:00,2026-04-20T23:54:46-07:00,5,97
projects/BightWatch_Pitch.html,849,html,5f34ff1b,bigmacchung,2026-04-20,23:54:46,-07:00,2026-04-20T23:54:46-07:00,5,141
projects/BightWatch_Pitch.html,850,html,5f34ff1b,bigmacchung,2026-04-20,23:54:46,-07:00,2026-04-20T23:54:46-07:00,5,77
projects/BightWatch_Pitch.html,851,html,5f34ff1b,bigmacchung,2026-04-20,23:54:46,-07:00,2026-04-20T23:54:46-07:00,4,3
projects/BightWatch_Pitch.html,852,html,5f34ff1b,bigmacchung,2026-04-20,23:54:46,-07:00,2026-04-20T23:54:46-07:00,3,4
projects/BightWatch_Pitch.html,853,html,5f34ff1b,bigmacchung,2026-04-20,23:54:46,-07:00,2026-04-20T23:54:46-07:00,3,16
projects/BightWatch_Pitch.html,854,html,5f34ff1b,bigmacchung,2026-04-20,23:54:46,-07:00,2026-04-20T23:54:46-07:00,4,28
projects/BightWatch_Pitch.html,855,html,5f34ff1b,bigmacchung,2026-04-20,23:54:46,-07:00,2026-04-20T23:54:46-07:00,4,25
projects/BightWatch_Pitch.html,856,html,5f34ff1b,bigmacchung,2026-04-20,23:54:46,-07:00,2026-04-20T23:54:46-07:00,5,97
projects/BightWatch_Pitch.html,857,html,5f34ff1b,bigmacchung,2026-04-20,23:54:46,-07:00,2026-04-20T23:54:46-07:00,5,92
projects/BightWatch_Pitch.html,858,html,5f34ff1b,bigmacchung,2026-04-20,23:54:46,-07:00,2026-04-20T23:54:46-07:00,5,108
projects/BightWatch_Pitch.html,859,html,5f34ff1b,bigmacchung,2026-04-20,23:54:46,-07:00,2026-04-20T23:54:46-07:00,4,3
projects/BightWatch_Pitch.html,860,html,5f34ff1b,bigmacchung,2026-04-20,23:54:46,-07:00,2026-04-20T23:54:46-07:00,3,4
projects/BightWatch_Pitch.html,861,html,5f34ff1b,bigmacchung,2026-04-20,23:54:46,-07:00,2026-04-20T23:54:46-07:00,2,4
projects/BightWatch_Pitch.html,862,html,5f34ff1b,bigmacchung,2026-04-20,23:54:46,-07:00,2026-04-20T23:54:46-07:00,1,4
projects/BightWatch_Pitch.html,863,html,5f34ff1b,bigmacchung,2026-04-20,23:54:46,-07:00,2026-04-20T23:54:46-07:00,0,8
projects/BightWatch_Pitch.html,864,html,5f34ff1b,bigmacchung,2026-04-20,23:54:46,-07:00,2026-04-20T23:54:46-07:00,0,0
projects/BightWatch_Pitch.html,865,html,5f34ff1b,bigmacchung,2026-04-20,23:54:46,-07:00,2026-04-20T23:54:46-07:00,0,15
projects/BightWatch_Pitch.html,866,html,5f34ff1b,bigmacchung,2026-04-20,23:54:46,-07:00,2026-04-20T23:54:46-07:00,0,32
projects/BightWatch_Pitch.html,867,html,5f34ff1b,bigmacchung,2026-04-20,23:54:46,-07:00,2026-04-20T23:54:46-07:00,1,23
projects/BightWatch_Pitch.html,868,html,5f34ff1b,bigmacchung,2026-04-20,23:54:46,-07:00,2026-04-20T23:54:46-07:00,2,24
projects/BightWatch_Pitch.html,869,html,5f34ff1b,bigmacchung,2026-04-20,23:54:46,-07:00,2026-04-20T23:54:46-07:00,3,67
projects/BightWatch_Pitch.html,870,html,5f34ff1b,bigmacchung,2026-04-20,23:54:46,-07:00,2026-04-20T23:54:46-07:00,3,76
projects/BightWatch_Pitch.html,871,html,5f34ff1b,bigmacchung,2026-04-20,23:54:46,-07:00,2026-04-20T23:54:46-07:00,3,153
projects/BightWatch_Pitch.html,872,html,5f34ff1b,bigmacchung,2026-04-20,23:54:46,-07:00,2026-04-20T23:54:46-07:00,2,4
projects/BightWatch_Pitch.html,873,html,5f34ff1b,bigmacchung,2026-04-20,23:54:46,-07:00,2026-04-20T23:54:46-07:00,0,0
projects/BightWatch_Pitch.html,874,html,5f34ff1b,bigmacchung,2026-04-20,23:54:46,-07:00,2026-04-20T23:54:46-07:00,2,16
projects/BightWatch_Pitch.html,875,html,5f34ff1b,bigmacchung,2026-04-20,23:54:46,-07:00,2026-04-20T23:54:46-07:00,3,16
projects/BightWatch_Pitch.html,876,html,5f34ff1b,bigmacchung,2026-04-20,23:54:46,-07:00,2026-04-20T23:54:46-07:00,4,20
projects/BightWatch_Pitch.html,877,html,5f34ff1b,bigmacchung,2026-04-20,23:54:46,-07:00,2026-04-20T23:54:46-07:00,4,40
projects/BightWatch_Pitch.html,878,html,5f34ff1b,bigmacchung,2026-04-20,23:54:46,-07:00,2026-04-20T23:54:46-07:00,4,84
projects/BightWatch_Pitch.html,879,html,5f34ff1b,bigmacchung,2026-04-20,23:54:46,-07:00,2026-04-20T23:54:46-07:00,3,4
projects/BightWatch_Pitch.html,880,html,5f34ff1b,bigmacchung,2026-04-20,23:54:46,-07:00,2026-04-20T23:54:46-07:00,3,16
projects/BightWatch_Pitch.html,881,html,5f34ff1b,bigmacchung,2026-04-20,23:54:46,-07:00,2026-04-20T23:54:46-07:00,4,20
projects/BightWatch_Pitch.html,882,html,5f34ff1b,bigmacchung,2026-04-20,23:54:46,-07:00,2026-04-20T23:54:46-07:00,4,44
projects/BightWatch_Pitch.html,883,html,5f34ff1b,bigmacchung,2026-04-20,23:54:46,-07:00,2026-04-20T23:54:46-07:00,4,75
projects/BightWatch_Pitch.html,884,html,5f34ff1b,bigmacchung,2026-04-20,23:54:46,-07:00,2026-04-20T23:54:46-07:00,3,4
projects/BightWatch_Pitch.html,885,html,5f34ff1b,bigmacchung,2026-04-20,23:54:46,-07:00,2026-04-20T23:54:46-07:00,3,16
projects/BightWatch_Pitch.html,886,html,5f34ff1b,bigmacchung,2026-04-20,23:54:46,-07:00,2026-04-20T23:54:46-07:00,4,20
projects/BightWatch_Pitch.html,887,html,5f34ff1b,bigmacchung,2026-04-20,23:54:46,-07:00,2026-04-20T23:54:46-07:00,4,42
projects/BightWatch_Pitch.html,888,html,5f34ff1b,bigmacchung,2026-04-20,23:54:46,-07:00,2026-04-20T23:54:46-07:00,4,72
projects/BightWatch_Pitch.html,889,html,5f34ff1b,bigmacchung,2026-04-20,23:54:46,-07:00,2026-04-20T23:54:46-07:00,3,4
projects/BightWatch_Pitch.html,890,html,5f34ff1b,bigmacchung,2026-04-20,23:54:46,-07:00,2026-04-20T23:54:46-07:00,3,16
projects/BightWatch_Pitch.html,891,html,5f34ff1b,bigmacchung,2026-04-20,23:54:46,-07:00,2026-04-20T23:54:46-07:00,4,20
projects/BightWatch_Pitch.html,892,html,5f34ff1b,bigmacchung,2026-04-20,23:54:46,-07:00,2026-04-20T23:54:46-07:00,4,42
projects/BightWatch_Pitch.html,893,html,5f34ff1b,bigmacchung,2026-04-20,23:54:46,-07:00,2026-04-20T23:54:46-07:00,4,99
projects/BightWatch_Pitch.html,894,html,5f34ff1b,bigmacchung,2026-04-20,23:54:46,-07:00,2026-04-20T23:54:46-07:00,3,4
projects/BightWatch_Pitch.html,895,html,5f34ff1b,bigmacchung,2026-04-20,23:54:46,-07:00,2026-04-20T23:54:46-07:00,3,16
projects/BightWatch_Pitch.html,896,html,5f34ff1b,bigmacchung,2026-04-20,23:54:46,-07:00,2026-04-20T23:54:46-07:00,4,20
projects/BightWatch_Pitch.html,897,html,5f34ff1b,bigmacchung,2026-04-20,23:54:46,-07:00,2026-04-20T23:54:46-07:00,4,36
projects/BightWatch_Pitch.html,898,html,5f34ff1b,bigmacchung,2026-04-20,23:54:46,-07:00,2026-04-20T23:54:46-07:00,4,105
projects/BightWatch_Pitch.html,899,html,5f34ff1b,bigmacchung,2026-04-20,23:54:46,-07:00,2026-04-20T23:54:46-07:00,3,4
projects/BightWatch_Pitch.html,900,html,5f34ff1b,bigmacchung,2026-04-20,23:54:46,-07:00,2026-04-20T23:54:46-07:00,2,4
projects/BightWatch_Pitch.html,901,html,5f34ff1b,bigmacchung,2026-04-20,23:54:46,-07:00,2026-04-20T23:54:46-07:00,0,0
projects/BightWatch_Pitch.html,902,html,5f34ff1b,bigmacchung,2026-04-20,23:54:46,-07:00,2026-04-20T23:54:46-07:00,2,108
projects/BightWatch_Pitch.html,903,html,5f34ff1b,bigmacchung,2026-04-20,23:54:46,-07:00,2026-04-20T23:54:46-07:00,2,18
projects/BightWatch_Pitch.html,904,html,5f34ff1b,bigmacchung,2026-04-20,23:54:46,-07:00,2026-04-20T23:54:46-07:00,3,5
projects/BightWatch_Pitch.html,905,html,5f34ff1b,bigmacchung,2026-04-20,23:54:46,-07:00,2026-04-20T23:54:46-07:00,4,2
projects/BightWatch_Pitch.html,906,html,5f34ff1b,bigmacchung,2026-04-20,23:54:46,-07:00,2026-04-20T23:54:46-07:00,5,9
projects/BightWatch_Pitch.html,907,html,5f34ff1b,bigmacchung,2026-04-20,23:54:46,-07:00,2026-04-20T23:54:46-07:00,5,30
projects/BightWatch_Pitch.html,908,html,5f34ff1b,bigmacchung,2026-04-20,23:54:46,-07:00,2026-04-20T23:54:46-07:00,5,12
projects/BightWatch_Pitch.html,909,html,5f34ff1b,bigmacchung,2026-04-20,23:54:46,-07:00,2026-04-20T23:54:46-07:00,5,20
projects/BightWatch_Pitch.html,910,html,5f34ff1b,bigmacchung,2026-04-20,23:54:46,-07:00,2026-04-20T23:54:46-07:00,4,3
projects/BightWatch_Pitch.html,911,html,5f34ff1b,bigmacchung,2026-04-20,23:54:46,-07:00,2026-04-20T23:54:46-07:00,3,6
projects/BightWatch_Pitch.html,912,html,5f34ff1b,bigmacchung,2026-04-20,23:54:46,-07:00,2026-04-20T23:54:46-07:00,3,5
projects/BightWatch_Pitch.html,913,html,5f34ff1b,bigmacchung,2026-04-20,23:54:46,-07:00,2026-04-20T23:54:46-07:00,4,2
projects/BightWatch_Pitch.html,914,html,5f34ff1b,bigmacchung,2026-04-20,23:54:46,-07:00,2026-04-20T23:54:46-07:00,5,16
projects/BightWatch_Pitch.html,915,html,5f34ff1b,bigmacchung,2026-04-20,23:54:46,-07:00,2026-04-20T23:54:46-07:00,5,51
projects/BightWatch_Pitch.html,916,html,5f34ff1b,bigmacchung,2026-04-20,23:54:46,-07:00,2026-04-20T23:54:46-07:00,5,43
projects/BightWatch_Pitch.html,917,html,5f34ff1b,bigmacchung,2026-04-20,23:54:46,-07:00,2026-04-20T23:54:46-07:00,5,91
projects/BightWatch_Pitch.html,918,html,5f34ff1b,bigmacchung,2026-04-20,23:54:46,-07:00,2026-04-20T23:54:46-07:00,4,3
projects/BightWatch_Pitch.html,919,html,5f34ff1b,bigmacchung,2026-04-20,23:54:46,-07:00,2026-04-20T23:54:46-07:00,4,2
projects/BightWatch_Pitch.html,920,html,5f34ff1b,bigmacchung,2026-04-20,23:54:46,-07:00,2026-04-20T23:54:46-07:00,5,16
projects/BightWatch_Pitch.html,921,html,5f34ff1b,bigmacchung,2026-04-20,23:54:46,-07:00,2026-04-20T23:54:46-07:00,5,52
projects/BightWatch_Pitch.html,922,html,5f34ff1b,bigmacchung,2026-04-20,23:54:46,-07:00,2026-04-20T23:54:46-07:00,5,43
projects/BightWatch_Pitch.html,923,html,5f34ff1b,bigmacchung,2026-04-20,23:54:46,-07:00,2026-04-20T23:54:46-07:00,5,101
projects/BightWatch_Pitch.html,924,html,5f34ff1b,bigmacchung,2026-04-20,23:54:46,-07:00,2026-04-20T23:54:46-07:00,4,3
projects/BightWatch_Pitch.html,925,html,5f34ff1b,bigmacchung,2026-04-20,23:54:46,-07:00,2026-04-20T23:54:46-07:00,4,2
projects/BightWatch_Pitch.html,926,html,5f34ff1b,bigmacchung,2026-04-20,23:54:46,-07:00,2026-04-20T23:54:46-07:00,5,16
projects/BightWatch_Pitch.html,927,html,5f34ff1b,bigmacchung,2026-04-20,23:54:46,-07:00,2026-04-20T23:54:46-07:00,5,47
projects/BightWatch_Pitch.html,928,html,5f34ff1b,bigmacchung,2026-04-20,23:54:46,-07:00,2026-04-20T23:54:46-07:00,5,43
projects/BightWatch_Pitch.html,929,html,5f34ff1b,bigmacchung,2026-04-20,23:54:46,-07:00,2026-04-20T23:54:46-07:00,5,99
projects/BightWatch_Pitch.html,930,html,5f34ff1b,bigmacchung,2026-04-20,23:54:46,-07:00,2026-04-20T23:54:46-07:00,4,3
projects/BightWatch_Pitch.html,931,html,5f34ff1b,bigmacchung,2026-04-20,23:54:46,-07:00,2026-04-20T23:54:46-07:00,4,2
projects/BightWatch_Pitch.html,932,html,5f34ff1b,bigmacchung,2026-04-20,23:54:46,-07:00,2026-04-20T23:54:46-07:00,5,16
projects/BightWatch_Pitch.html,933,html,5f34ff1b,bigmacchung,2026-04-20,23:54:46,-07:00,2026-04-20T23:54:46-07:00,5,51
projects/BightWatch_Pitch.html,934,html,5f34ff1b,bigmacchung,2026-04-20,23:54:46,-07:00,2026-04-20T23:54:46-07:00,5,43
projects/BightWatch_Pitch.html,935,html,5f34ff1b,bigmacchung,2026-04-20,23:54:46,-07:00,2026-04-20T23:54:46-07:00,5,99
projects/BightWatch_Pitch.html,936,html,5f34ff1b,bigmacchung,2026-04-20,23:54:46,-07:00,2026-04-20T23:54:46-07:00,4,3
projects/BightWatch_Pitch.html,937,html,5f34ff1b,bigmacchung,2026-04-20,23:54:46,-07:00,2026-04-20T23:54:46-07:00,4,2
projects/BightWatch_Pitch.html,938,html,5f34ff1b,bigmacchung,2026-04-20,23:54:46,-07:00,2026-04-20T23:54:46-07:00,5,16
projects/BightWatch_Pitch.html,939,html,5f34ff1b,bigmacchung,2026-04-20,23:54:46,-07:00,2026-04-20T23:54:46-07:00,5,50
projects/BightWatch_Pitch.html,940,html,5f34ff1b,bigmacchung,2026-04-20,23:54:46,-07:00,2026-04-20T23:54:46-07:00,5,43
projects/BightWatch_Pitch.html,941,html,5f34ff1b,bigmacchung,2026-04-20,23:54:46,-07:00,2026-04-20T23:54:46-07:00,5,127
projects/BightWatch_Pitch.html,942,html,5f34ff1b,bigmacchung,2026-04-20,23:54:46,-07:00,2026-04-20T23:54:46-07:00,4,3
projects/BightWatch_Pitch.html,943,html,5f34ff1b,bigmacchung,2026-04-20,23:54:46,-07:00,2026-04-20T23:54:46-07:00,3,6
projects/BightWatch_Pitch.html,944,html,5f34ff1b,bigmacchung,2026-04-20,23:54:46,-07:00,2026-04-20T23:54:46-07:00,2,6
projects/BightWatch_Pitch.html,945,html,5f34ff1b,bigmacchung,2026-04-20,23:54:46,-07:00,2026-04-20T23:54:46-07:00,0,0
projects/BightWatch_Pitch.html,946,html,5f34ff1b,bigmacchung,2026-04-20,23:54:46,-07:00,2026-04-20T23:54:46-07:00,2,29
projects/BightWatch_Pitch.html,947,html,5f34ff1b,bigmacchung,2026-04-20,23:54:46,-07:00,2026-04-20T23:54:46-07:00,3,39
projects/BightWatch_Pitch.html,948,html,5f34ff1b,bigmacchung,2026-04-20,23:54:46,-07:00,2026-04-20T23:54:46-07:00,3,306
projects/BightWatch_Pitch.html,949,html,5f34ff1b,bigmacchung,2026-04-20,23:54:46,-07:00,2026-04-20T23:54:46-07:00,2,4
projects/BightWatch_Pitch.html,950,html,5f34ff1b,bigmacchung,2026-04-20,23:54:46,-07:00,2026-04-20T23:54:46-07:00,1,4
projects/BightWatch_Pitch.html,951,html,5f34ff1b,bigmacchung,2026-04-20,23:54:46,-07:00,2026-04-20T23:54:46-07:00,0,8
projects/BightWatch_Pitch.html,952,html,5f34ff1b,bigmacchung,2026-04-20,23:54:46,-07:00,2026-04-20T23:54:46-07:00,0,0
projects/BightWatch_Pitch.html,953,html,5f34ff1b,bigmacchung,2026-04-20,23:54:46,-07:00,2026-04-20T23:54:46-07:00,0,28
projects/BightWatch_Pitch.html,954,html,5f34ff1b,bigmacchung,2026-04-20,23:54:46,-07:00,2026-04-20T23:54:46-07:00,0,38
projects/BightWatch_Pitch.html,955,html,5f34ff1b,bigmacchung,2026-04-20,23:54:46,-07:00,2026-04-20T23:54:46-07:00,1,23
projects/BightWatch_Pitch.html,956,html,5f34ff1b,bigmacchung,2026-04-20,23:54:46,-07:00,2026-04-20T23:54:46-07:00,2,24
projects/BightWatch_Pitch.html,957,html,5f34ff1b,bigmacchung,2026-04-20,23:54:46,-07:00,2026-04-20T23:54:46-07:00,3,63
projects/BightWatch_Pitch.html,958,html,5f34ff1b,bigmacchung,2026-04-20,23:54:46,-07:00,2026-04-20T23:54:46-07:00,3,71
projects/BightWatch_Pitch.html,959,html,5f34ff1b,bigmacchung,2026-04-20,23:54:46,-07:00,2026-04-20T23:54:46-07:00,3,165
projects/BightWatch_Pitch.html,960,html,5f34ff1b,bigmacchung,2026-04-20,23:54:46,-07:00,2026-04-20T23:54:46-07:00,2,4
projects/BightWatch_Pitch.html,961,html,5f34ff1b,bigmacchung,2026-04-20,23:54:46,-07:00,2026-04-20T23:54:46-07:00,0,0
projects/BightWatch_Pitch.html,962,html,5f34ff1b,bigmacchung,2026-04-20,23:54:46,-07:00,2026-04-20T23:54:46-07:00,2,23
projects/BightWatch_Pitch.html,963,html,5f34ff1b,bigmacchung,2026-04-20,23:54:46,-07:00,2026-04-20T23:54:46-07:00,3,37
projects/BightWatch_Pitch.html,964,html,5f34ff1b,bigmacchung,2026-04-20,23:54:46,-07:00,2026-04-20T23:54:46-07:00,3,101
projects/BightWatch_Pitch.html,965,html,5f34ff1b,bigmacchung,2026-04-20,23:54:46,-07:00,2026-04-20T23:54:46-07:00,3,181
projects/BightWatch_Pitch.html,966,html,5f34ff1b,bigmacchung,2026-04-20,23:54:46,-07:00,2026-04-20T23:54:46-07:00,3,141
projects/BightWatch_Pitch.html,967,html,5f34ff1b,bigmacchung,2026-04-20,23:54:46,-07:00,2026-04-20T23:54:46-07:00,2,4
projects/BightWatch_Pitch.html,968,html,5f34ff1b,bigmacchung,2026-04-20,23:54:46,-07:00,2026-04-20T23:54:46-07:00,0,0
projects/BightWatch_Pitch.html,969,html,5f34ff1b,bigmacchung,2026-04-20,23:54:46,-07:00,2026-04-20T23:54:46-07:00,2,18
projects/BightWatch_Pitch.html,970,html,5f34ff1b,bigmacchung,2026-04-20,23:54:46,-07:00,2026-04-20T23:54:46-07:00,3,5
projects/BightWatch_Pitch.html,971,html,5f34ff1b,bigmacchung,2026-04-20,23:54:46,-07:00,2026-04-20T23:54:46-07:00,4,78
projects/BightWatch_Pitch.html,972,html,5f34ff1b,bigmacchung,2026-04-20,23:54:46,-07:00,2026-04-20T23:54:46-07:00,3,6
projects/BightWatch_Pitch.html,973,html,5f34ff1b,bigmacchung,2026-04-20,23:54:46,-07:00,2026-04-20T23:54:46-07:00,3,5
projects/BightWatch_Pitch.html,974,html,5f34ff1b,bigmacchung,2026-04-20,23:54:46,-07:00,2026-04-20T23:54:46-07:00,4,2
projects/BightWatch_Pitch.html,975,html,5f34ff1b,bigmacchung,2026-04-20,23:54:46,-07:00,2026-04-20T23:54:46-07:00,5,32
projects/BightWatch_Pitch.html,976,html,5f34ff1b,bigmacchung,2026-04-20,23:54:46,-07:00,2026-04-20T23:54:46-07:00,5,66
projects/BightWatch_Pitch.html,977,html,5f34ff1b,bigmacchung,2026-04-20,23:54:46,-07:00,2026-04-20T23:54:46-07:00,5,51
projects/BightWatch_Pitch.html,978,html,5f34ff1b,bigmacchung,2026-04-20,23:54:46,-07:00,2026-04-20T23:54:46-07:00,5,47
projects/BightWatch_Pitch.html,979,html,5f34ff1b,bigmacchung,2026-04-20,23:54:46,-07:00,2026-04-20T23:54:46-07:00,4,3
projects/BightWatch_Pitch.html,980,html,5f34ff1b,bigmacchung,2026-04-20,23:54:46,-07:00,2026-04-20T23:54:46-07:00,4,2
projects/BightWatch_Pitch.html,981,html,5f34ff1b,bigmacchung,2026-04-20,23:54:46,-07:00,2026-04-20T23:54:46-07:00,5,36
projects/BightWatch_Pitch.html,982,html,5f34ff1b,bigmacchung,2026-04-20,23:54:46,-07:00,2026-04-20T23:54:46-07:00,5,60
projects/BightWatch_Pitch.html,983,html,5f34ff1b,bigmacchung,2026-04-20,23:54:46,-07:00,2026-04-20T23:54:46-07:00,5,47
projects/BightWatch_Pitch.html,984,html,5f34ff1b,bigmacchung,2026-04-20,23:54:46,-07:00,2026-04-20T23:54:46-07:00,5,81
projects/BightWatch_Pitch.html,985,html,5f34ff1b,bigmacchung,2026-04-20,23:54:46,-07:00,2026-04-20T23:54:46-07:00,4,3
projects/BightWatch_Pitch.html,986,html,5f34ff1b,bigmacchung,2026-04-20,23:54:46,-07:00,2026-04-20T23:54:46-07:00,4,2
projects/BightWatch_Pitch.html,987,html,5f34ff1b,bigmacchung,2026-04-20,23:54:46,-07:00,2026-04-20T23:54:46-07:00,5,52
projects/BightWatch_Pitch.html,988,html,5f34ff1b,bigmacchung,2026-04-20,23:54:46,-07:00,2026-04-20T23:54:46-07:00,5,81
projects/BightWatch_Pitch.html,989,html,5f34ff1b,bigmacchung,2026-04-20,23:54:46,-07:00,2026-04-20T23:54:46-07:00,5,86
projects/BightWatch_Pitch.html,990,html,5f34ff1b,bigmacchung,2026-04-20,23:54:46,-07:00,2026-04-20T23:54:46-07:00,5,65
projects/BightWatch_Pitch.html,991,html,5f34ff1b,bigmacchung,2026-04-20,23:54:46,-07:00,2026-04-20T23:54:46-07:00,4,3
projects/BightWatch_Pitch.html,992,html,5f34ff1b,bigmacchung,2026-04-20,23:54:46,-07:00,2026-04-20T23:54:46-07:00,4,2
projects/BightWatch_Pitch.html,993,html,5f34ff1b,bigmacchung,2026-04-20,23:54:46,-07:00,2026-04-20T23:54:46-07:00,5,37
projects/BightWatch_Pitch.html,994,html,5f34ff1b,bigmacchung,2026-04-20,23:54:46,-07:00,2026-04-20T23:54:46-07:00,5,25
projects/BightWatch_Pitch.html,995,html,5f34ff1b,bigmacchung,2026-04-20,23:54:46,-07:00,2026-04-20T23:54:46-07:00,5,25
projects/BightWatch_Pitch.html,996,html,5f34ff1b,bigmacchung,2026-04-20,23:54:46,-07:00,2026-04-20T23:54:46-07:00,5,70
projects/BightWatch_Pitch.html,997,html,5f34ff1b,bigmacchung,2026-04-20,23:54:46,-07:00,2026-04-20T23:54:46-07:00,4,3
projects/BightWatch_Pitch.html,998,html,5f34ff1b,bigmacchung,2026-04-20,23:54:46,-07:00,2026-04-20T23:54:46-07:00,4,2
projects/BightWatch_Pitch.html,999,html,5f34ff1b,bigmacchung,2026-04-20,23:54:46,-07:00,2026-04-20T23:54:46-07:00,5,43
projects/BightWatch_Pitch.html,1000,html,5f34ff1b,bigmacchung,2026-04-20,23:54:46,-07:00,2026-04-20T23:54:46-07:00,5,63
projects/BightWatch_Pitch.html,1001,html,5f34ff1b,bigmacchung,2026-04-20,23:54:46,-07:00,2026-04-20T23:54:46-07:00,5,25
projects/BightWatch_Pitch.html,1002,html,5f34ff1b,bigmacchung,2026-04-20,23:54:46,-07:00,2026-04-20T23:54:46-07:00,5,72
projects/BightWatch_Pitch.html,1003,html,5f34ff1b,bigmacchung,2026-04-20,23:54:46,-07:00,2026-04-20T23:54:46-07:00,4,3
projects/BightWatch_Pitch.html,1004,html,5f34ff1b,bigmacchung,2026-04-20,23:54:46,-07:00,2026-04-20T23:54:46-07:00,4,2
projects/BightWatch_Pitch.html,1005,html,5f34ff1b,bigmacchung,2026-04-20,23:54:46,-07:00,2026-04-20T23:54:46-07:00,5,32
projects/BightWatch_Pitch.html,1006,html,5f34ff1b,bigmacchung,2026-04-20,23:54:46,-07:00,2026-04-20T23:54:46-07:00,5,51
projects/BightWatch_Pitch.html,1007,html,5f34ff1b,bigmacchung,2026-04-20,23:54:46,-07:00,2026-04-20T23:54:46-07:00,5,28
projects/BightWatch_Pitch.html,1008,html,5f34ff1b,bigmacchung,2026-04-20,23:54:46,-07:00,2026-04-20T23:54:46-07:00,5,47
projects/BightWatch_Pitch.html,1009,html,5f34ff1b,bigmacchung,2026-04-20,23:54:46,-07:00,2026-04-20T23:54:46-07:00,4,3
projects/BightWatch_Pitch.html,1010,html,5f34ff1b,bigmacchung,2026-04-20,23:54:46,-07:00,2026-04-20T23:54:46-07:00,4,2
projects/BightWatch_Pitch.html,1011,html,5f34ff1b,bigmacchung,2026-04-20,23:54:46,-07:00,2026-04-20T23:54:46-07:00,5,32
projects/BightWatch_Pitch.html,1012,html,5f34ff1b,bigmacchung,2026-04-20,23:54:46,-07:00,2026-04-20T23:54:46-07:00,5,51
projects/BightWatch_Pitch.html,1013,html,5f34ff1b,bigmacchung,2026-04-20,23:54:46,-07:00,2026-04-20T23:54:46-07:00,5,25
projects/BightWatch_Pitch.html,1014,html,5f34ff1b,bigmacchung,2026-04-20,23:54:46,-07:00,2026-04-20T23:54:46-07:00,5,36
projects/BightWatch_Pitch.html,1015,html,5f34ff1b,bigmacchung,2026-04-20,23:54:46,-07:00,2026-04-20T23:54:46-07:00,4,3
projects/BightWatch_Pitch.html,1016,html,5f34ff1b,bigmacchung,2026-04-20,23:54:46,-07:00,2026-04-20T23:54:46-07:00,3,6
projects/BightWatch_Pitch.html,1017,html,5f34ff1b,bigmacchung,2026-04-20,23:54:46,-07:00,2026-04-20T23:54:46-07:00,2,6
projects/BightWatch_Pitch.html,1018,html,5f34ff1b,bigmacchung,2026-04-20,23:54:46,-07:00,2026-04-20T23:54:46-07:00,0,0
projects/BightWatch_Pitch.html,1019,html,5f34ff1b,bigmacchung,2026-04-20,23:54:46,-07:00,2026-04-20T23:54:46-07:00,2,35
projects/BightWatch_Pitch.html,1020,html,5f34ff1b,bigmacchung,2026-04-20,23:54:46,-07:00,2026-04-20T23:54:46-07:00,2,24
projects/BightWatch_Pitch.html,1021,html,5f34ff1b,bigmacchung,2026-04-20,23:54:46,-07:00,2026-04-20T23:54:46-07:00,3,25
projects/BightWatch_Pitch.html,1022,html,5f34ff1b,bigmacchung,2026-04-20,23:54:46,-07:00,2026-04-20T23:54:46-07:00,4,33
projects/BightWatch_Pitch.html,1023,html,5f34ff1b,bigmacchung,2026-04-20,23:54:46,-07:00,2026-04-20T23:54:46-07:00,4,30
projects/BightWatch_Pitch.html,1024,html,5f34ff1b,bigmacchung,2026-04-20,23:54:46,-07:00,2026-04-20T23:54:46-07:00,4,85
projects/BightWatch_Pitch.html,1025,html,5f34ff1b,bigmacchung,2026-04-20,23:54:46,-07:00,2026-04-20T23:54:46-07:00,3,4
projects/BightWatch_Pitch.html,1026,html,5f34ff1b,bigmacchung,2026-04-20,23:54:46,-07:00,2026-04-20T23:54:46-07:00,3,25
projects/BightWatch_Pitch.html,1027,html,5f34ff1b,bigmacchung,2026-04-20,23:54:46,-07:00,2026-04-20T23:54:46-07:00,4,43
projects/BightWatch_Pitch.html,1028,html,5f34ff1b,bigmacchung,2026-04-20,23:54:46,-07:00,2026-04-20T23:54:46-07:00,4,39
projects/BightWatch_Pitch.html,1029,html,5f34ff1b,bigmacchung,2026-04-20,23:54:46,-07:00,2026-04-20T23:54:46-07:00,4,111
projects/BightWatch_Pitch.html,1030,html,5f34ff1b,bigmacchung,2026-04-20,23:54:46,-07:00,2026-04-20T23:54:46-07:00,3,4
projects/BightWatch_Pitch.html,1031,html,5f34ff1b,bigmacchung,2026-04-20,23:54:46,-07:00,2026-04-20T23:54:46-07:00,3,24
projects/BightWatch_Pitch.html,1032,html,5f34ff1b,bigmacchung,2026-04-20,23:54:46,-07:00,2026-04-20T23:54:46-07:00,4,44
projects/BightWatch_Pitch.html,1033,html,5f34ff1b,bigmacchung,2026-04-20,23:54:46,-07:00,2026-04-20T23:54:46-07:00,4,45
projects/BightWatch_Pitch.html,1034,html,5f34ff1b,bigmacchung,2026-04-20,23:54:46,-07:00,2026-04-20T23:54:46-07:00,4,108
projects/BightWatch_Pitch.html,1035,html,5f34ff1b,bigmacchung,2026-04-20,23:54:46,-07:00,2026-04-20T23:54:46-07:00,3,4
projects/BightWatch_Pitch.html,1036,html,5f34ff1b,bigmacchung,2026-04-20,23:54:46,-07:00,2026-04-20T23:54:46-07:00,2,4
projects/BightWatch_Pitch.html,1037,html,5f34ff1b,bigmacchung,2026-04-20,23:54:46,-07:00,2026-04-20T23:54:46-07:00,0,0
projects/BightWatch_Pitch.html,1038,html,5f34ff1b,bigmacchung,2026-04-20,23:54:46,-07:00,2026-04-20T23:54:46-07:00,2,23
projects/BightWatch_Pitch.html,1039,html,5f34ff1b,bigmacchung,2026-04-20,23:54:46,-07:00,2026-04-20T23:54:46-07:00,3,16
projects/BightWatch_Pitch.html,1040,html,5f34ff1b,bigmacchung,2026-04-20,23:54:46,-07:00,2026-04-20T23:54:46-07:00,4,61
projects/BightWatch_Pitch.html,1041,html,5f34ff1b,bigmacchung,2026-04-20,23:54:46,-07:00,2026-04-20T23:54:46-07:00,4,44
projects/BightWatch_Pitch.html,1042,html,5f34ff1b,bigmacchung,2026-04-20,23:54:46,-07:00,2026-04-20T23:54:46-07:00,5,86
projects/BightWatch_Pitch.html,1043,html,5f34ff1b,bigmacchung,2026-04-20,23:54:46,-07:00,2026-04-20T23:54:46-07:00,5,5
projects/BightWatch_Pitch.html,1044,html,5f34ff1b,bigmacchung,2026-04-20,23:54:46,-07:00,2026-04-20T23:54:46-07:00,6,89
projects/BightWatch_Pitch.html,1045,html,5f34ff1b,bigmacchung,2026-04-20,23:54:46,-07:00,2026-04-20T23:54:46-07:00,6,83
projects/BightWatch_Pitch.html,1046,html,5f34ff1b,bigmacchung,2026-04-20,23:54:46,-07:00,2026-04-20T23:54:46-07:00,6,82
projects/BightWatch_Pitch.html,1047,html,5f34ff1b,bigmacchung,2026-04-20,23:54:46,-07:00,2026-04-20T23:54:46-07:00,5,6
projects/BightWatch_Pitch.html,1048,html,5f34ff1b,bigmacchung,2026-04-20,23:54:46,-07:00,2026-04-20T23:54:46-07:00,4,6
projects/BightWatch_Pitch.html,1049,html,5f34ff1b,bigmacchung,2026-04-20,23:54:46,-07:00,2026-04-20T23:54:46-07:00,3,4
projects/BightWatch_Pitch.html,1050,html,5f34ff1b,bigmacchung,2026-04-20,23:54:46,-07:00,2026-04-20T23:54:46-07:00,3,16
projects/BightWatch_Pitch.html,1051,html,5f34ff1b,bigmacchung,2026-04-20,23:54:46,-07:00,2026-04-20T23:54:46-07:00,4,30
projects/BightWatch_Pitch.html,1052,html,5f34ff1b,bigmacchung,2026-04-20,23:54:46,-07:00,2026-04-20T23:54:46-07:00,4,25
projects/BightWatch_Pitch.html,1053,html,5f34ff1b,bigmacchung,2026-04-20,23:54:46,-07:00,2026-04-20T23:54:46-07:00,5,60
projects/BightWatch_Pitch.html,1054,html,5f34ff1b,bigmacchung,2026-04-20,23:54:46,-07:00,2026-04-20T23:54:46-07:00,5,111
projects/BightWatch_Pitch.html,1055,html,5f34ff1b,bigmacchung,2026-04-20,23:54:46,-07:00,2026-04-20T23:54:46-07:00,5,123
projects/BightWatch_Pitch.html,1056,html,5f34ff1b,bigmacchung,2026-04-20,23:54:46,-07:00,2026-04-20T23:54:46-07:00,4,3
projects/BightWatch_Pitch.html,1057,html,5f34ff1b,bigmacchung,2026-04-20,23:54:46,-07:00,2026-04-20T23:54:46-07:00,3,4
projects/BightWatch_Pitch.html,1058,html,5f34ff1b,bigmacchung,2026-04-20,23:54:46,-07:00,2026-04-20T23:54:46-07:00,2,4
projects/BightWatch_Pitch.html,1059,html,5f34ff1b,bigmacchung,2026-04-20,23:54:46,-07:00,2026-04-20T23:54:46-07:00,0,0
projects/BightWatch_Pitch.html,1060,html,5f34ff1b,bigmacchung,2026-04-20,23:54:46,-07:00,2026-04-20T23:54:46-07:00,2,24
projects/BightWatch_Pitch.html,1061,html,5f34ff1b,bigmacchung,2026-04-20,23:54:46,-07:00,2026-04-20T23:54:46-07:00,3,43
projects/BightWatch_Pitch.html,1062,html,5f34ff1b,bigmacchung,2026-04-20,23:54:46,-07:00,2026-04-20T23:54:46-07:00,3,418
projects/BightWatch_Pitch.html,1063,html,5f34ff1b,bigmacchung,2026-04-20,23:54:46,-07:00,2026-04-20T23:54:46-07:00,2,4
projects/BightWatch_Pitch.html,1064,html,5f34ff1b,bigmacchung,2026-04-20,23:54:46,-07:00,2026-04-20T23:54:46-07:00,1,4
projects/BightWatch_Pitch.html,1065,html,5f34ff1b,bigmacchung,2026-04-20,23:54:46,-07:00,2026-04-20T23:54:46-07:00,0,8
projects/BightWatch_Pitch.html,1066,html,5f34ff1b,bigmacchung,2026-04-20,23:54:46,-07:00,2026-04-20T23:54:46-07:00,0,0
projects/BightWatch_Pitch.html,1067,html,5f34ff1b,bigmacchung,2026-04-20,23:54:46,-07:00,2026-04-20T23:54:46-07:00,0,16
projects/BightWatch_Pitch.html,1068,html,5f34ff1b,bigmacchung,2026-04-20,23:54:46,-07:00,2026-04-20T23:54:46-07:00,0,33
projects/BightWatch_Pitch.html,1069,html,5f34ff1b,bigmacchung,2026-04-20,23:54:46,-07:00,2026-04-20T23:54:46-07:00,1,23
projects/BightWatch_Pitch.html,1070,html,5f34ff1b,bigmacchung,2026-04-20,23:54:46,-07:00,2026-04-20T23:54:46-07:00,2,24
projects/BightWatch_Pitch.html,1071,html,5f34ff1b,bigmacchung,2026-04-20,23:54:46,-07:00,2026-04-20T23:54:46-07:00,3,55
projects/BightWatch_Pitch.html,1072,html,5f34ff1b,bigmacchung,2026-04-20,23:54:46,-07:00,2026-04-20T23:54:46-07:00,3,62
projects/BightWatch_Pitch.html,1073,html,5f34ff1b,bigmacchung,2026-04-20,23:54:46,-07:00,2026-04-20T23:54:46-07:00,3,119
projects/BightWatch_Pitch.html,1074,html,5f34ff1b,bigmacchung,2026-04-20,23:54:46,-07:00,2026-04-20T23:54:46-07:00,2,4
projects/BightWatch_Pitch.html,1075,html,5f34ff1b,bigmacchung,2026-04-20,23:54:46,-07:00,2026-04-20T23:54:46-07:00,0,0
projects/BightWatch_Pitch.html,1076,html,5f34ff1b,bigmacchung,2026-04-20,23:54:46,-07:00,2026-04-20T23:54:46-07:00,2,18
projects/BightWatch_Pitch.html,1077,html,5f34ff1b,bigmacchung,2026-04-20,23:54:46,-07:00,2026-04-20T23:54:46-07:00,3,16
projects/BightWatch_Pitch.html,1078,html,5f34ff1b,bigmacchung,2026-04-20,23:54:46,-07:00,2026-04-20T23:54:46-07:00,4,35
projects/BightWatch_Pitch.html,1079,html,5f34ff1b,bigmacchung,2026-04-20,23:54:46,-07:00,2026-04-20T23:54:46-07:00,4,19
projects/BightWatch_Pitch.html,1080,html,5f34ff1b,bigmacchung,2026-04-20,23:54:46,-07:00,2026-04-20T23:54:46-07:00,5,88
projects/BightWatch_Pitch.html,1081,html,5f34ff1b,bigmacchung,2026-04-20,23:54:46,-07:00,2026-04-20T23:54:46-07:00,5,61
projects/BightWatch_Pitch.html,1082,html,5f34ff1b,bigmacchung,2026-04-20,23:54:46,-07:00,2026-04-20T23:54:46-07:00,5,51
projects/BightWatch_Pitch.html,1083,html,5f34ff1b,bigmacchung,2026-04-20,23:54:46,-07:00,2026-04-20T23:54:46-07:00,5,71
projects/BightWatch_Pitch.html,1084,html,5f34ff1b,bigmacchung,2026-04-20,23:54:46,-07:00,2026-04-20T23:54:46-07:00,5,80
projects/BightWatch_Pitch.html,1085,html,5f34ff1b,bigmacchung,2026-04-20,23:54:46,-07:00,2026-04-20T23:54:46-07:00,4,3
projects/BightWatch_Pitch.html,1086,html,5f34ff1b,bigmacchung,2026-04-20,23:54:46,-07:00,2026-04-20T23:54:46-07:00,3,4
projects/BightWatch_Pitch.html,1087,html,5f34ff1b,bigmacchung,2026-04-20,23:54:46,-07:00,2026-04-20T23:54:46-07:00,3,16
projects/BightWatch_Pitch.html,1088,html,5f34ff1b,bigmacchung,2026-04-20,23:54:46,-07:00,2026-04-20T23:54:46-07:00,4,39
projects/BightWatch_Pitch.html,1089,html,5f34ff1b,bigmacchung,2026-04-20,23:54:46,-07:00,2026-04-20T23:54:46-07:00,4,19
projects/BightWatch_Pitch.html,1090,html,5f34ff1b,bigmacchung,2026-04-20,23:54:46,-07:00,2026-04-20T23:54:46-07:00,5,79
projects/BightWatch_Pitch.html,1091,html,5f34ff1b,bigmacchung,2026-04-20,23:54:46,-07:00,2026-04-20T23:54:46-07:00,5,68
projects/BightWatch_Pitch.html,1092,html,5f34ff1b,bigmacchung,2026-04-20,23:54:46,-07:00,2026-04-20T23:54:46-07:00,5,66
projects/BightWatch_Pitch.html,1093,html,5f34ff1b,bigmacchung,2026-04-20,23:54:46,-07:00,2026-04-20T23:54:46-07:00,5,69
projects/BightWatch_Pitch.html,1094,html,5f34ff1b,bigmacchung,2026-04-20,23:54:46,-07:00,2026-04-20T23:54:46-07:00,5,99
projects/BightWatch_Pitch.html,1095,html,5f34ff1b,bigmacchung,2026-04-20,23:54:46,-07:00,2026-04-20T23:54:46-07:00,4,3
projects/BightWatch_Pitch.html,1096,html,5f34ff1b,bigmacchung,2026-04-20,23:54:46,-07:00,2026-04-20T23:54:46-07:00,3,4
projects/BightWatch_Pitch.html,1097,html,5f34ff1b,bigmacchung,2026-04-20,23:54:46,-07:00,2026-04-20T23:54:46-07:00,2,4
projects/BightWatch_Pitch.html,1098,html,5f34ff1b,bigmacchung,2026-04-20,23:54:46,-07:00,2026-04-20T23:54:46-07:00,0,0
projects/BightWatch_Pitch.html,1099,html,5f34ff1b,bigmacchung,2026-04-20,23:54:46,-07:00,2026-04-20T23:54:46-07:00,2,29
projects/BightWatch_Pitch.html,1100,html,5f34ff1b,bigmacchung,2026-04-20,23:54:46,-07:00,2026-04-20T23:54:46-07:00,3,43
projects/BightWatch_Pitch.html,1101,html,5f34ff1b,bigmacchung,2026-04-20,23:54:46,-07:00,2026-04-20T23:54:46-07:00,3,274
projects/BightWatch_Pitch.html,1102,html,5f34ff1b,bigmacchung,2026-04-20,23:54:46,-07:00,2026-04-20T23:54:46-07:00,2,4
projects/BightWatch_Pitch.html,1103,html,5f34ff1b,bigmacchung,2026-04-20,23:54:46,-07:00,2026-04-20T23:54:46-07:00,1,4
projects/BightWatch_Pitch.html,1104,html,5f34ff1b,bigmacchung,2026-04-20,23:54:46,-07:00,2026-04-20T23:54:46-07:00,0,8
projects/BightWatch_Pitch.html,1105,html,5f34ff1b,bigmacchung,2026-04-20,23:54:46,-07:00,2026-04-20T23:54:46-07:00,0,0
projects/BightWatch_Pitch.html,1106,html,5f34ff1b,bigmacchung,2026-04-20,23:54:46,-07:00,2026-04-20T23:54:46-07:00,0,24
projects/BightWatch_Pitch.html,1107,html,5f34ff1b,bigmacchung,2026-04-20,23:54:46,-07:00,2026-04-20T23:54:46-07:00,0,30
projects/BightWatch_Pitch.html,1108,html,5f34ff1b,bigmacchung,2026-04-20,23:54:46,-07:00,2026-04-20T23:54:46-07:00,1,23
projects/BightWatch_Pitch.html,1109,html,5f34ff1b,bigmacchung,2026-04-20,23:54:46,-07:00,2026-04-20T23:54:46-07:00,2,24
projects/BightWatch_Pitch.html,1110,html,5f34ff1b,bigmacchung,2026-04-20,23:54:46,-07:00,2026-04-20T23:54:46-07:00,3,52
projects/BightWatch_Pitch.html,1111,html,5f34ff1b,bigmacchung,2026-04-20,23:54:46,-07:00,2026-04-20T23:54:46-07:00,3,74
projects/BightWatch_Pitch.html,1112,html,5f34ff1b,bigmacchung,2026-04-20,23:54:46,-07:00,2026-04-20T23:54:46-07:00,3,194
projects/BightWatch_Pitch.html,1113,html,5f34ff1b,bigmacchung,2026-04-20,23:54:46,-07:00,2026-04-20T23:54:46-07:00,2,4
projects/BightWatch_Pitch.html,1114,html,5f34ff1b,bigmacchung,2026-04-20,23:54:46,-07:00,2026-04-20T23:54:46-07:00,0,0
projects/BightWatch_Pitch.html,1115,html,5f34ff1b,bigmacchung,2026-04-20,23:54:46,-07:00,2026-04-20T23:54:46-07:00,2,18
projects/BightWatch_Pitch.html,1116,html,5f34ff1b,bigmacchung,2026-04-20,23:54:46,-07:00,2026-04-20T23:54:46-07:00,3,26
projects/BightWatch_Pitch.html,1117,html,5f34ff1b,bigmacchung,2026-04-20,23:54:46,-07:00,2026-04-20T23:54:46-07:00,4,37
projects/BightWatch_Pitch.html,1118,html,5f34ff1b,bigmacchung,2026-04-20,23:54:46,-07:00,2026-04-20T23:54:46-07:00,4,87
projects/BightWatch_Pitch.html,1119,html,5f34ff1b,bigmacchung,2026-04-20,23:54:46,-07:00,2026-04-20T23:54:46-07:00,3,4
projects/BightWatch_Pitch.html,1120,html,5f34ff1b,bigmacchung,2026-04-20,23:54:46,-07:00,2026-04-20T23:54:46-07:00,3,26
projects/BightWatch_Pitch.html,1121,html,5f34ff1b,bigmacchung,2026-04-20,23:54:46,-07:00,2026-04-20T23:54:46-07:00,4,38
projects/BightWatch_Pitch.html,1122,html,5f34ff1b,bigmacchung,2026-04-20,23:54:46,-07:00,2026-04-20T23:54:46-07:00,4,67
projects/BightWatch_Pitch.html,1123,html,5f34ff1b,bigmacchung,2026-04-20,23:54:46,-07:00,2026-04-20T23:54:46-07:00,3,4
projects/BightWatch_Pitch.html,1124,html,5f34ff1b,bigmacchung,2026-04-20,23:54:46,-07:00,2026-04-20T23:54:46-07:00,3,26
projects/BightWatch_Pitch.html,1125,html,5f34ff1b,bigmacchung,2026-04-20,23:54:46,-07:00,2026-04-20T23:54:46-07:00,4,38
projects/BightWatch_Pitch.html,1126,html,5f34ff1b,bigmacchung,2026-04-20,23:54:46,-07:00,2026-04-20T23:54:46-07:00,4,60
projects/BightWatch_Pitch.html,1127,html,5f34ff1b,bigmacchung,2026-04-20,23:54:46,-07:00,2026-04-20T23:54:46-07:00,3,4
projects/BightWatch_Pitch.html,1128,html,5f34ff1b,bigmacchung,2026-04-20,23:54:46,-07:00,2026-04-20T23:54:46-07:00,2,4
projects/BightWatch_Pitch.html,1129,html,5f34ff1b,bigmacchung,2026-04-20,23:54:46,-07:00,2026-04-20T23:54:46-07:00,0,0
projects/BightWatch_Pitch.html,1130,html,5f34ff1b,bigmacchung,2026-04-20,23:54:46,-07:00,2026-04-20T23:54:46-07:00,2,23
projects/BightWatch_Pitch.html,1131,html,5f34ff1b,bigmacchung,2026-04-20,23:54:46,-07:00,2026-04-20T23:54:46-07:00,3,16
projects/BightWatch_Pitch.html,1132,html,5f34ff1b,bigmacchung,2026-04-20,23:54:46,-07:00,2026-04-20T23:54:46-07:00,4,41
projects/BightWatch_Pitch.html,1133,html,5f34ff1b,bigmacchung,2026-04-20,23:54:46,-07:00,2026-04-20T23:54:46-07:00,4,19
projects/BightWatch_Pitch.html,1134,html,5f34ff1b,bigmacchung,2026-04-20,23:54:46,-07:00,2026-04-20T23:54:46-07:00,5,82
projects/BightWatch_Pitch.html,1135,html,5f34ff1b,bigmacchung,2026-04-20,23:54:46,-07:00,2026-04-20T23:54:46-07:00,5,84
projects/BightWatch_Pitch.html,1136,html,5f34ff1b,bigmacchung,2026-04-20,23:54:46,-07:00,2026-04-20T23:54:46-07:00,5,72
projects/BightWatch_Pitch.html,1137,html,5f34ff1b,bigmacchung,2026-04-20,23:54:46,-07:00,2026-04-20T23:54:46-07:00,5,89
projects/BightWatch_Pitch.html,1138,html,5f34ff1b,bigmacchung,2026-04-20,23:54:46,-07:00,2026-04-20T23:54:46-07:00,4,3
projects/BightWatch_Pitch.html,1139,html,5f34ff1b,bigmacchung,2026-04-20,23:54:46,-07:00,2026-04-20T23:54:46-07:00,3,4
projects/BightWatch_Pitch.html,1140,html,5f34ff1b,bigmacchung,2026-04-20,23:54:46,-07:00,2026-04-20T23:54:46-07:00,3,16
projects/BightWatch_Pitch.html,1141,html,5f34ff1b,bigmacchung,2026-04-20,23:54:46,-07:00,2026-04-20T23:54:46-07:00,4,45
projects/BightWatch_Pitch.html,1142,html,5f34ff1b,bigmacchung,2026-04-20,23:54:46,-07:00,2026-04-20T23:54:46-07:00,4,19
projects/BightWatch_Pitch.html,1143,html,5f34ff1b,bigmacchung,2026-04-20,23:54:46,-07:00,2026-04-20T23:54:46-07:00,5,44
projects/BightWatch_Pitch.html,1144,html,5f34ff1b,bigmacchung,2026-04-20,23:54:46,-07:00,2026-04-20T23:54:46-07:00,5,70
projects/BightWatch_Pitch.html,1145,html,5f34ff1b,bigmacchung,2026-04-20,23:54:46,-07:00,2026-04-20T23:54:46-07:00,5,62
projects/BightWatch_Pitch.html,1146,html,5f34ff1b,bigmacchung,2026-04-20,23:54:46,-07:00,2026-04-20T23:54:46-07:00,5,52
projects/BightWatch_Pitch.html,1147,html,5f34ff1b,bigmacchung,2026-04-20,23:54:46,-07:00,2026-04-20T23:54:46-07:00,4,3
projects/BightWatch_Pitch.html,1148,html,5f34ff1b,bigmacchung,2026-04-20,23:54:46,-07:00,2026-04-20T23:54:46-07:00,3,4
projects/BightWatch_Pitch.html,1149,html,5f34ff1b,bigmacchung,2026-04-20,23:54:46,-07:00,2026-04-20T23:54:46-07:00,2,4
projects/BightWatch_Pitch.html,1150,html,5f34ff1b,bigmacchung,2026-04-20,23:54:46,-07:00,2026-04-20T23:54:46-07:00,0,0
projects/BightWatch_Pitch.html,1151,html,5f34ff1b,bigmacchung,2026-04-20,23:54:46,-07:00,2026-04-20T23:54:46-07:00,2,24
projects/BightWatch_Pitch.html,1152,html,5f34ff1b,bigmacchung,2026-04-20,23:54:46,-07:00,2026-04-20T23:54:46-07:00,3,30
projects/BightWatch_Pitch.html,1153,html,5f34ff1b,bigmacchung,2026-04-20,23:54:46,-07:00,2026-04-20T23:54:46-07:00,3,292
projects/BightWatch_Pitch.html,1154,html,5f34ff1b,bigmacchung,2026-04-20,23:54:46,-07:00,2026-04-20T23:54:46-07:00,2,4
projects/BightWatch_Pitch.html,1155,html,5f34ff1b,bigmacchung,2026-04-20,23:54:46,-07:00,2026-04-20T23:54:46-07:00,1,4
projects/BightWatch_Pitch.html,1156,html,5f34ff1b,bigmacchung,2026-04-20,23:54:46,-07:00,2026-04-20T23:54:46-07:00,0,8
projects/BightWatch_Pitch.html,1157,html,5f34ff1b,bigmacchung,2026-04-20,23:54:46,-07:00,2026-04-20T23:54:46-07:00,0,0
projects/BightWatch_Pitch.html,1158,html,5f34ff1b,bigmacchung,2026-04-20,23:54:46,-07:00,2026-04-20T23:54:46-07:00,0,19
projects/BightWatch_Pitch.html,1159,html,5f34ff1b,bigmacchung,2026-04-20,23:54:46,-07:00,2026-04-20T23:54:46-07:00,0,35
projects/BightWatch_Pitch.html,1160,html,5f34ff1b,bigmacchung,2026-04-20,23:54:46,-07:00,2026-04-20T23:54:46-07:00,1,23
projects/BightWatch_Pitch.html,1161,html,5f34ff1b,bigmacchung,2026-04-20,23:54:46,-07:00,2026-04-20T23:54:46-07:00,2,24
projects/BightWatch_Pitch.html,1162,html,5f34ff1b,bigmacchung,2026-04-20,23:54:46,-07:00,2026-04-20T23:54:46-07:00,3,53
projects/BightWatch_Pitch.html,1163,html,5f34ff1b,bigmacchung,2026-04-20,23:54:46,-07:00,2026-04-20T23:54:46-07:00,3,51
projects/BightWatch_Pitch.html,1164,html,5f34ff1b,bigmacchung,2026-04-20,23:54:46,-07:00,2026-04-20T23:54:46-07:00,3,120
projects/BightWatch_Pitch.html,1165,html,5f34ff1b,bigmacchung,2026-04-20,23:54:46,-07:00,2026-04-20T23:54:46-07:00,2,4
projects/BightWatch_Pitch.html,1166,html,5f34ff1b,bigmacchung,2026-04-20,23:54:46,-07:00,2026-04-20T23:54:46-07:00,0,0
projects/BightWatch_Pitch.html,1167,html,5f34ff1b,bigmacchung,2026-04-20,23:54:46,-07:00,2026-04-20T23:54:46-07:00,2,151
projects/BightWatch_Pitch.html,1168,html,5f34ff1b,bigmacchung,2026-04-20,23:54:46,-07:00,2026-04-20T23:54:46-07:00,0,0
projects/BightWatch_Pitch.html,1169,html,5f34ff1b,bigmacchung,2026-04-20,23:54:46,-07:00,2026-04-20T23:54:46-07:00,2,43
projects/BightWatch_Pitch.html,1170,html,5f34ff1b,bigmacchung,2026-04-20,23:54:46,-07:00,2026-04-20T23:54:46-07:00,3,215
projects/BightWatch_Pitch.html,1171,html,5f34ff1b,bigmacchung,2026-04-20,23:54:46,-07:00,2026-04-20T23:54:46-07:00,3,203
projects/BightWatch_Pitch.html,1172,html,5f34ff1b,bigmacchung,2026-04-20,23:54:46,-07:00,2026-04-20T23:54:46-07:00,3,214
projects/BightWatch_Pitch.html,1173,html,5f34ff1b,bigmacchung,2026-04-20,23:54:46,-07:00,2026-04-20T23:54:46-07:00,3,195
projects/BightWatch_Pitch.html,1174,html,5f34ff1b,bigmacchung,2026-04-20,23:54:46,-07:00,2026-04-20T23:54:46-07:00,3,156
projects/BightWatch_Pitch.html,1175,html,5f34ff1b,bigmacchung,2026-04-20,23:54:46,-07:00,2026-04-20T23:54:46-07:00,3,148
projects/BightWatch_Pitch.html,1176,html,5f34ff1b,bigmacchung,2026-04-20,23:54:46,-07:00,2026-04-20T23:54:46-07:00,3,155
projects/BightWatch_Pitch.html,1177,html,5f34ff1b,bigmacchung,2026-04-20,23:54:46,-07:00,2026-04-20T23:54:46-07:00,3,155
projects/BightWatch_Pitch.html,1178,html,5f34ff1b,bigmacchung,2026-04-20,23:54:46,-07:00,2026-04-20T23:54:46-07:00,3,230
projects/BightWatch_Pitch.html,1179,html,5f34ff1b,bigmacchung,2026-04-20,23:54:46,-07:00,2026-04-20T23:54:46-07:00,3,200
projects/BightWatch_Pitch.html,1180,html,5f34ff1b,bigmacchung,2026-04-20,23:54:46,-07:00,2026-04-20T23:54:46-07:00,3,187
projects/BightWatch_Pitch.html,1181,html,5f34ff1b,bigmacchung,2026-04-20,23:54:46,-07:00,2026-04-20T23:54:46-07:00,3,193
projects/BightWatch_Pitch.html,1182,html,5f34ff1b,bigmacchung,2026-04-20,23:54:46,-07:00,2026-04-20T23:54:46-07:00,3,185
projects/BightWatch_Pitch.html,1183,html,5f34ff1b,bigmacchung,2026-04-20,23:54:46,-07:00,2026-04-20T23:54:46-07:00,3,164
projects/BightWatch_Pitch.html,1184,html,5f34ff1b,bigmacchung,2026-04-20,23:54:46,-07:00,2026-04-20T23:54:46-07:00,3,166
projects/BightWatch_Pitch.html,1185,html,5f34ff1b,bigmacchung,2026-04-20,23:54:46,-07:00,2026-04-20T23:54:46-07:00,3,197
projects/BightWatch_Pitch.html,1186,html,5f34ff1b,bigmacchung,2026-04-20,23:54:46,-07:00,2026-04-20T23:54:46-07:00,3,134
projects/BightWatch_Pitch.html,1187,html,5f34ff1b,bigmacchung,2026-04-20,23:54:46,-07:00,2026-04-20T23:54:46-07:00,3,202
projects/BightWatch_Pitch.html,1188,html,5f34ff1b,bigmacchung,2026-04-20,23:54:46,-07:00,2026-04-20T23:54:46-07:00,3,167
projects/BightWatch_Pitch.html,1189,html,5f34ff1b,bigmacchung,2026-04-20,23:54:46,-07:00,2026-04-20T23:54:46-07:00,3,169
projects/BightWatch_Pitch.html,1190,html,5f34ff1b,bigmacchung,2026-04-20,23:54:46,-07:00,2026-04-20T23:54:46-07:00,3,184
projects/BightWatch_Pitch.html,1191,html,5f34ff1b,bigmacchung,2026-04-20,23:54:46,-07:00,2026-04-20T23:54:46-07:00,3,208
projects/BightWatch_Pitch.html,1192,html,5f34ff1b,bigmacchung,2026-04-20,23:54:46,-07:00,2026-04-20T23:54:46-07:00,3,178
projects/BightWatch_Pitch.html,1193,html,5f34ff1b,bigmacchung,2026-04-20,23:54:46,-07:00,2026-04-20T23:54:46-07:00,3,214
projects/BightWatch_Pitch.html,1194,html,5f34ff1b,bigmacchung,2026-04-20,23:54:46,-07:00,2026-04-20T23:54:46-07:00,3,168
projects/BightWatch_Pitch.html,1195,html,5f34ff1b,bigmacchung,2026-04-20,23:54:46,-07:00,2026-04-20T23:54:46-07:00,3,173
projects/BightWatch_Pitch.html,1196,html,5f34ff1b,bigmacchung,2026-04-20,23:54:46,-07:00,2026-04-20T23:54:46-07:00,3,124
projects/BightWatch_Pitch.html,1197,html,5f34ff1b,bigmacchung,2026-04-20,23:54:46,-07:00,2026-04-20T23:54:46-07:00,3,240
projects/BightWatch_Pitch.html,1198,html,5f34ff1b,bigmacchung,2026-04-20,23:54:46,-07:00,2026-04-20T23:54:46-07:00,3,154
projects/BightWatch_Pitch.html,1199,html,5f34ff1b,bigmacchung,2026-04-20,23:54:46,-07:00,2026-04-20T23:54:46-07:00,3,286
projects/BightWatch_Pitch.html,1200,html,5f34ff1b,bigmacchung,2026-04-20,23:54:46,-07:00,2026-04-20T23:54:46-07:00,3,155
projects/BightWatch_Pitch.html,1201,html,5f34ff1b,bigmacchung,2026-04-20,23:54:46,-07:00,2026-04-20T23:54:46-07:00,3,249
projects/BightWatch_Pitch.html,1202,html,5f34ff1b,bigmacchung,2026-04-20,23:54:46,-07:00,2026-04-20T23:54:46-07:00,3,253
projects/BightWatch_Pitch.html,1203,html,5f34ff1b,bigmacchung,2026-04-20,23:54:46,-07:00,2026-04-20T23:54:46-07:00,3,298
projects/BightWatch_Pitch.html,1204,html,5f34ff1b,bigmacchung,2026-04-20,23:54:46,-07:00,2026-04-20T23:54:46-07:00,3,179
projects/BightWatch_Pitch.html,1205,html,5f34ff1b,bigmacchung,2026-04-20,23:54:46,-07:00,2026-04-20T23:54:46-07:00,3,189
projects/BightWatch_Pitch.html,1206,html,5f34ff1b,bigmacchung,2026-04-20,23:54:46,-07:00,2026-04-20T23:54:46-07:00,3,229
projects/BightWatch_Pitch.html,1207,html,5f34ff1b,bigmacchung,2026-04-20,23:54:46,-07:00,2026-04-20T23:54:46-07:00,3,199
projects/BightWatch_Pitch.html,1208,html,5f34ff1b,bigmacchung,2026-04-20,23:54:46,-07:00,2026-04-20T23:54:46-07:00,3,246
projects/BightWatch_Pitch.html,1209,html,5f34ff1b,bigmacchung,2026-04-20,23:54:46,-07:00,2026-04-20T23:54:46-07:00,3,168
projects/BightWatch_Pitch.html,1210,html,5f34ff1b,bigmacchung,2026-04-20,23:54:46,-07:00,2026-04-20T23:54:46-07:00,3,224
projects/BightWatch_Pitch.html,1211,html,5f34ff1b,bigmacchung,2026-04-20,23:54:46,-07:00,2026-04-20T23:54:46-07:00,3,224
projects/BightWatch_Pitch.html,1212,html,5f34ff1b,bigmacchung,2026-04-20,23:54:46,-07:00,2026-04-20T23:54:46-07:00,3,225
projects/BightWatch_Pitch.html,1213,html,5f34ff1b,bigmacchung,2026-04-20,23:54:46,-07:00,2026-04-20T23:54:46-07:00,3,182
projects/BightWatch_Pitch.html,1214,html,5f34ff1b,bigmacchung,2026-04-20,23:54:46,-07:00,2026-04-20T23:54:46-07:00,3,192
projects/BightWatch_Pitch.html,1215,html,5f34ff1b,bigmacchung,2026-04-20,23:54:46,-07:00,2026-04-20T23:54:46-07:00,3,136
projects/BightWatch_Pitch.html,1216,html,5f34ff1b,bigmacchung,2026-04-20,23:54:46,-07:00,2026-04-20T23:54:46-07:00,3,200
projects/BightWatch_Pitch.html,1217,html,5f34ff1b,bigmacchung,2026-04-20,23:54:46,-07:00,2026-04-20T23:54:46-07:00,3,203
projects/BightWatch_Pitch.html,1218,html,5f34ff1b,bigmacchung,2026-04-20,23:54:46,-07:00,2026-04-20T23:54:46-07:00,3,198
projects/BightWatch_Pitch.html,1219,html,5f34ff1b,bigmacchung,2026-04-20,23:54:46,-07:00,2026-04-20T23:54:46-07:00,3,204
projects/BightWatch_Pitch.html,1220,html,5f34ff1b,bigmacchung,2026-04-20,23:54:46,-07:00,2026-04-20T23:54:46-07:00,2,4
projects/BightWatch_Pitch.html,1221,html,5f34ff1b,bigmacchung,2026-04-20,23:54:46,-07:00,2026-04-20T23:54:46-07:00,1,4
projects/BightWatch_Pitch.html,1222,html,5f34ff1b,bigmacchung,2026-04-20,23:54:46,-07:00,2026-04-20T23:54:46-07:00,0,8
projects/BightWatch_Pitch.html,1223,html,5f34ff1b,bigmacchung,2026-04-20,23:54:46,-07:00,2026-04-20T23:54:46-07:00,0,0
projects/BightWatch_Pitch.html,1224,html,5f34ff1b,bigmacchung,2026-04-20,23:54:46,-07:00,2026-04-20T23:54:46-07:00,0,6
projects/BightWatch_Pitch.html,1225,html,5f34ff1b,bigmacchung,2026-04-20,23:54:46,-07:00,2026-04-20T23:54:46-07:00,1,88
projects/BightWatch_Pitch.html,1226,html,5f34ff1b,bigmacchung,2026-04-20,23:54:46,-07:00,2026-04-20T23:54:46-07:00,1,89
projects/BightWatch_Pitch.html,1227,html,5f34ff1b,bigmacchung,2026-04-20,23:54:46,-07:00,2026-04-20T23:54:46-07:00,0,7
projects/BightWatch_Pitch.html,1228,html,5f34ff1b,bigmacchung,2026-04-20,23:54:46,-07:00,2026-04-20T23:54:46-07:00,0,0
projects/BightWatch_Pitch.html,1229,html,5f34ff1b,bigmacchung,2026-04-20,23:54:46,-07:00,2026-04-20T23:54:46-07:00,0,6
projects/BightWatch_Pitch.html,1230,html,5f34ff1b,bigmacchung,2026-04-20,23:54:46,-07:00,2026-04-20T23:54:46-07:00,1,13
projects/BightWatch_Pitch.html,1231,html,5f34ff1b,bigmacchung,2026-04-20,23:54:46,-07:00,2026-04-20T23:54:46-07:00,1,12
projects/BightWatch_Pitch.html,1232,html,5f34ff1b,bigmacchung,2026-04-20,23:54:46,-07:00,2026-04-20T23:54:46-07:00,2,13
projects/BightWatch_Pitch.html,1233,html,5f34ff1b,bigmacchung,2026-04-20,23:54:46,-07:00,2026-04-20T23:54:46-07:00,2,37
projects/BightWatch_Pitch.html,1234,html,5f34ff1b,bigmacchung,2026-04-20,23:54:46,-07:00,2026-04-20T23:54:46-07:00,3,30
projects/BightWatch_Pitch.html,1235,html,5f34ff1b,bigmacchung,2026-04-20,23:54:46,-07:00,2026-04-20T23:54:46-07:00,3,57
projects/BightWatch_Pitch.html,1236,html,5f34ff1b,bigmacchung,2026-04-20,23:54:46,-07:00,2026-04-20T23:54:46-07:00,3,46
projects/BightWatch_Pitch.html,1237,html,5f34ff1b,bigmacchung,2026-04-20,23:54:46,-07:00,2026-04-20T23:54:46-07:00,3,60
projects/BightWatch_Pitch.html,1238,html,5f34ff1b,bigmacchung,2026-04-20,23:54:46,-07:00,2026-04-20T23:54:46-07:00,2,0
projects/BightWatch_Pitch.html,1239,html,5f34ff1b,bigmacchung,2026-04-20,23:54:46,-07:00,2026-04-20T23:54:46-07:00,1,3
projects/BightWatch_Pitch.html,1240,html,5f34ff1b,bigmacchung,2026-04-20,23:54:46,-07:00,2026-04-20T23:54:46-07:00,0,0
projects/BightWatch_Pitch.html,1241,html,5f34ff1b,bigmacchung,2026-04-20,23:54:46,-07:00,2026-04-20T23:54:46-07:00,1,16
projects/BightWatch_Pitch.html,1242,html,5f34ff1b,bigmacchung,2026-04-20,23:54:46,-07:00,2026-04-20T23:54:46-07:00,1,12
projects/BightWatch_Pitch.html,1243,html,5f34ff1b,bigmacchung,2026-04-20,23:54:46,-07:00,2026-04-20T23:54:46-07:00,2,52
projects/BightWatch_Pitch.html,1244,html,5f34ff1b,bigmacchung,2026-04-20,23:54:46,-07:00,2026-04-20T23:54:46-07:00,2,49
projects/BightWatch_Pitch.html,1245,html,5f34ff1b,bigmacchung,2026-04-20,23:54:46,-07:00,2026-04-20T23:54:46-07:00,2,26
projects/BightWatch_Pitch.html,1246,html,5f34ff1b,bigmacchung,2026-04-20,23:54:46,-07:00,2026-04-20T23:54:46-07:00,2,43
projects/BightWatch_Pitch.html,1247,html,5f34ff1b,bigmacchung,2026-04-20,23:54:46,-07:00,2026-04-20T23:54:46-07:00,3,39
projects/BightWatch_Pitch.html,1248,html,5f34ff1b,bigmacchung,2026-04-20,23:54:46,-07:00,2026-04-20T23:54:46-07:00,3,50
projects/BightWatch_Pitch.html,1249,html,5f34ff1b,bigmacchung,2026-04-20,23:54:46,-07:00,2026-04-20T23:54:46-07:00,3,27
projects/BightWatch_Pitch.html,1250,html,5f34ff1b,bigmacchung,2026-04-20,23:54:46,-07:00,2026-04-20T23:54:46-07:00,4,38
projects/BightWatch_Pitch.html,1251,html,5f34ff1b,bigmacchung,2026-04-20,23:54:46,-07:00,2026-04-20T23:54:46-07:00,4,68
projects/BightWatch_Pitch.html,1252,html,5f34ff1b,bigmacchung,2026-04-20,23:54:46,-07:00,2026-04-20T23:54:46-07:00,3,1
projects/BightWatch_Pitch.html,1253,html,5f34ff1b,bigmacchung,2026-04-20,23:54:46,-07:00,2026-04-20T23:54:46-07:00,2,1
projects/BightWatch_Pitch.html,1254,html,5f34ff1b,bigmacchung,2026-04-20,23:54:46,-07:00,2026-04-20T23:54:46-07:00,1,3
projects/BightWatch_Pitch.html,1255,html,5f34ff1b,bigmacchung,2026-04-20,23:54:46,-07:00,2026-04-20T23:54:46-07:00,0,7
projects/BightWatch_Pitch.html,1256,html,5f34ff1b,bigmacchung,2026-04-20,23:54:46,-07:00,2026-04-20T23:54:46-07:00,0,0
projects/BightWatch_Pitch.html,1257,html,5f34ff1b,bigmacchung,2026-04-20,23:54:46,-07:00,2026-04-20T23:54:46-07:00,0,5
projects/BightWatch_Pitch.html,1258,html,5f34ff1b,bigmacchung,2026-04-20,23:54:46,-07:00,2026-04-20T23:54:46-07:00,0,5
cv/index.html,1,html,1c68b146,bigmacchung,2026-04-07,22:00:45,-07:00,2026-04-07T22:00:45-07:00,0,13
cv/index.html,2,html,1c68b146,bigmacchung,2026-04-07,22:00:45,-07:00,2026-04-07T22:00:45-07:00,0,14
cv/index.html,3,html,1c68b146,bigmacchung,2026-04-07,22:00:45,-07:00,2026-04-07T22:00:45-07:00,0,4
cv/index.html,4,html,1c68b146,bigmacchung,2026-04-07,22:00:45,-07:00,2026-04-07T22:00:45-07:00,1,20
cv/index.html,5,html,1c68b146,bigmacchung,2026-04-07,22:00:45,-07:00,2026-04-07T22:00:45-07:00,1,68
cv/index.html,6,html,cd757e03,Maxime Chung,2026-04-12,00:36:19,-07:00,2026-04-12T00:36:19-07:00,1,30
cv/index.html,7,html,1c68b146,bigmacchung,2026-04-07,22:00:45,-07:00,2026-04-07T22:00:45-07:00,1,41
cv/index.html,8,html,6c77d81c,bigmacchung,2026-04-17,19:36:20,-07:00,2026-04-17T19:36:20-07:00,1,48
cv/index.html,9,html,1c68b146,bigmacchung,2026-04-07,22:00:45,-07:00,2026-04-07T22:00:45-07:00,0,5
cv/index.html,10,html,cd757e03,Maxime Chung,2026-04-12,00:36:19,-07:00,2026-04-12T00:36:19-07:00,0,15
cv/index.html,11,html,1c68b146,bigmacchung,2026-04-07,22:00:45,-07:00,2026-04-07T22:00:45-07:00,1,9
cv/index.html,12,html,e6f5dd4f,Maxime Chung,2026-04-12,00:38:50,-07:00,2026-04-12T00:38:50-07:00,1,83
cv/index.html,13,html,e6f5dd4f,Maxime Chung,2026-04-12,00:38:50,-07:00,2026-04-12T00:38:50-07:00,1,93
cv/index.html,14,html,e6f5dd4f,Maxime Chung,2026-04-12,00:38:50,-07:00,2026-04-12T00:38:50-07:00,1,7
cv/index.html,15,html,cd757e03,Maxime Chung,2026-04-12,00:36:19,-07:00,2026-04-12T00:36:19-07:00,0,0
cv/index.html,16,html,bdd0ddcc,bigmacchung,2026-04-08,19:26:13,-07:00,2026-04-08T19:26:13-07:00,1,7
cv/index.html,17,html,cd757e03,Maxime Chung,2026-04-12,00:36:19,-07:00,2026-04-12T00:36:19-07:00,2,18
cv/index.html,18,html,cd757e03,Maxime Chung,2026-04-12,00:36:19,-07:00,2026-04-12T00:36:19-07:00,2,65
cv/index.html,19,html,cd757e03,Maxime Chung,2026-04-12,00:36:19,-07:00,2026-04-12T00:36:19-07:00,2,91
cv/index.html,20,html,bdd0ddcc,bigmacchung,2026-04-08,19:26:13,-07:00,2026-04-08T19:26:13-07:00,1,8
cv/index.html,21,html,1c68b146,bigmacchung,2026-04-07,22:00:45,-07:00,2026-04-07T22:00:45-07:00,0,0
cv/index.html,22,html,1c68b146,bigmacchung,2026-04-07,22:00:45,-07:00,2026-04-07T22:00:45-07:00,1,7
cv/index.html,23,html,1c68b146,bigmacchung,2026-04-07,22:00:45,-07:00,2026-04-07T22:00:45-07:00,2,16
cv/index.html,24,html,1c68b146,bigmacchung,2026-04-07,22:00:45,-07:00,2026-04-07T22:00:45-07:00,2,7
cv/index.html,25,html,1c68b146,bigmacchung,2026-04-07,22:00:45,-07:00,2026-04-07T22:00:45-07:00,3,10
cv/index.html,26,html,1c68b146,bigmacchung,2026-04-07,22:00:45,-07:00,2026-04-07T22:00:45-07:00,3,22
cv/index.html,27,html,cd757e03,Maxime Chung,2026-04-12,00:36:19,-07:00,2026-04-12T00:36:19-07:00,3,25
cv/index.html,28,html,1c68b146,bigmacchung,2026-04-07,22:00:45,-07:00,2026-04-07T22:00:45-07:00,2,8
cv/index.html,29,html,1c68b146,bigmacchung,2026-04-07,22:00:45,-07:00,2026-04-07T22:00:45-07:00,1,8
cv/index.html,30,html,1c68b146,bigmacchung,2026-04-07,22:00:45,-07:00,2026-04-07T22:00:45-07:00,0,0
cv/index.html,31,html,1c68b146,bigmacchung,2026-04-07,22:00:45,-07:00,2026-04-07T22:00:45-07:00,1,7
cv/index.html,32,html,1c68b146,bigmacchung,2026-04-07,22:00:45,-07:00,2026-04-07T22:00:45-07:00,2,17
cv/index.html,33,html,1c68b146,bigmacchung,2026-04-07,22:00:45,-07:00,2026-04-07T22:00:45-07:00,2,7
cv/index.html,34,html,cd757e03,Maxime Chung,2026-04-12,00:36:19,-07:00,2026-04-12T00:36:19-07:00,3,51
cv/index.html,35,html,cd757e03,Maxime Chung,2026-04-12,00:36:19,-07:00,2026-04-12T00:36:19-07:00,3,22
cv/index.html,36,html,cd757e03,Maxime Chung,2026-04-12,00:36:19,-07:00,2026-04-12T00:36:19-07:00,3,102
cv/index.html,37,html,1c68b146,bigmacchung,2026-04-07,22:00:45,-07:00,2026-04-07T22:00:45-07:00,2,8
cv/index.html,38,html,1c68b146,bigmacchung,2026-04-07,22:00:45,-07:00,2026-04-07T22:00:45-07:00,1,8
cv/index.html,39,html,1c68b146,bigmacchung,2026-04-07,22:00:45,-07:00,2026-04-07T22:00:45-07:00,0,0
cv/index.html,40,html,1c68b146,bigmacchung,2026-04-07,22:00:45,-07:00,2026-04-07T22:00:45-07:00,1,7
cv/index.html,41,html,1c68b146,bigmacchung,2026-04-07,22:00:45,-07:00,2026-04-07T22:00:45-07:00,2,13
cv/index.html,42,html,1c68b146,bigmacchung,2026-04-07,22:00:45,-07:00,2026-04-07T22:00:45-07:00,2,31
cv/index.html,43,html,1c68b146,bigmacchung,2026-04-07,22:00:45,-07:00,2026-04-07T22:00:45-07:00,1,8
cv/index.html,44,html,1c68b146,bigmacchung,2026-04-07,22:00:45,-07:00,2026-04-07T22:00:45-07:00,0,0
cv/index.html,45,html,1c68b146,bigmacchung,2026-04-07,22:00:45,-07:00,2026-04-07T22:00:45-07:00,0,5
cv/index.html,46,html,6c77d81c,bigmacchung,2026-04-17,19:36:20,-07:00,2026-04-17T19:36:20-07:00,0,5
contact/index.html,1,html,557b2d08,bigmacchung,2026-04-07,21:48:14,-07:00,2026-04-07T21:48:14-07:00,0,13
contact/index.html,2,html,557b2d08,bigmacchung,2026-04-07,21:48:14,-07:00,2026-04-07T21:48:14-07:00,0,14
contact/index.html,3,html,557b2d08,bigmacchung,2026-04-07,21:48:14,-07:00,2026-04-07T21:48:14-07:00,0,4
contact/index.html,4,html,557b2d08,bigmacchung,2026-04-07,21:48:14,-07:00,2026-04-07T21:48:14-07:00,1,20
contact/index.html,5,html,557b2d08,bigmacchung,2026-04-07,21:48:14,-07:00,2026-04-07T21:48:14-07:00,1,68
contact/index.html,6,html,557b2d08,bigmacchung,2026-04-07,21:48:14,-07:00,2026-04-07T21:48:14-07:00,1,35
contact/index.html,7,html,557b2d08,bigmacchung,2026-04-07,21:48:14,-07:00,2026-04-07T21:48:14-07:00,1,41
contact/index.html,8,html,6c77d81c,bigmacchung,2026-04-17,19:36:20,-07:00,2026-04-17T19:36:20-07:00,1,48
contact/index.html,9,html,557b2d08,bigmacchung,2026-04-07,21:48:14,-07:00,2026-04-07T21:48:14-07:00,0,5
contact/index.html,10,html,557b2d08,bigmacchung,2026-04-07,21:48:14,-07:00,2026-04-07T21:48:14-07:00,0,4
contact/index.html,11,html,557b2d08,bigmacchung,2026-04-07,21:48:14,-07:00,2026-04-07T21:48:14-07:00,1,14
contact/index.html,12,html,6c77d81c,bigmacchung,2026-04-17,19:36:20,-07:00,2026-04-17T19:36:20-07:00,1,58
contact/index.html,13,html,1c68b146,bigmacchung,2026-04-07,22:00:45,-07:00,2026-04-07T22:00:45-07:00,1,12
contact/index.html,14,html,1c68b146,bigmacchung,2026-04-07,22:00:45,-07:00,2026-04-07T22:00:45-07:00,2,35
contact/index.html,15,html,1c68b146,bigmacchung,2026-04-07,22:00:45,-07:00,2026-04-07T22:00:45-07:00,1,6
contact/index.html,16,html,1c68b146,bigmacchung,2026-04-07,22:00:45,-07:00,2026-04-07T22:00:45-07:00,1,12
contact/index.html,17,html,1c68b146,bigmacchung,2026-04-07,22:00:45,-07:00,2026-04-07T22:00:45-07:00,2,54
contact/index.html,18,html,1c68b146,bigmacchung,2026-04-07,22:00:45,-07:00,2026-04-07T22:00:45-07:00,1,6
contact/index.html,19,html,1c68b146,bigmacchung,2026-04-07,22:00:45,-07:00,2026-04-07T22:00:45-07:00,1,19
contact/index.html,20,html,1c68b146,bigmacchung,2026-04-07,22:00:45,-07:00,2026-04-07T22:00:45-07:00,1,5
contact/index.html,21,html,557b2d08,bigmacchung,2026-04-07,21:48:14,-07:00,2026-04-07T21:48:14-07:00,0,5
contact/index.html,22,html,6c77d81c,bigmacchung,2026-04-17,19:36:20,-07:00,2026-04-17T19:36:20-07:00,0,5
